,lind_id,0:00,0:15,0:30,0:45,1:00,1:15,1:30,1:45,2:00,2:15,2:30,2:45,3:00,3:15,3:30,3:45,4:00,4:15,4:30,4:45,5:00,5:15,5:30,5:45,6:00,6:15,6:30,6:45,7:00,7:15,7:30,7:45,8:00,8:15,8:30,8:45,9:00,9:15,9:30,9:45,10:00,10:15,10:30,10:45,11:00,11:15,11:30,11:45,12:00,12:15,12:30,12:45,13:00,13:15,13:30,13:45,14:00,14:15,14:30,14:45,15:00,15:15,15:30,15:45,16:00,16:15,16:30,16:45,17:00,17:15,17:30,17:45,18:00,18:15,18:30,18:45,19:00,19:15,19:30,19:45,20:00,20:15,20:30,20:45,21:00,21:15,21:30,21:45,22:00,22:15,22:30,22:45,23:00,23:15,23:30,23:45
0,,31.9765,31.9765,31.9765,31.9765,31.9765,31.9765,31.9765,31.9765,31.9765,31.9765,31.9765,31.9765,31.9765,31.9765,31.9765,31.9765,31.9765,31.9765,31.9765,31.9765,31.9765,31.9765,31.9765,31.9765,31.9765,31.9765,31.9636,31.9765,31.8817,31.9765,31.9765,31.9765,31.9293,31.939,31.9765,31.936,31.9765,31.9765,31.9765,31.9742,31.9765,31.9765,31.9765,31.8814,31.9765,31.9765,31.9765,31.9765,31.9765,31.9765,31.8815,31.9765,31.9765,31.8812,31.9063,31.9765,31.9765,31.9765,31.8639,31.948,31.9765,31.8946,31.9765,31.9765,31.9765,31.9765,31.9765,31.9765,31.846,31.9765,31.9765,31.9765,31.9765,31.9765,31.9765,31.9765,31.9765,31.9765,31.9765,31.9765,31.9765,31.9765,31.9765,31.9765,31.9765,31.9765,31.9765,31.9765,31.9765,31.9765,31.9765,31.9765,31.9765,31.9765,31.9765,31.9765
1,,31.9444,31.9647,31.9647,31.9647,31.9647,31.9444,31.9647,31.9647,31.9647,31.9647,31.9444,31.9647,31.9647,31.9647,31.9647,31.9647,31.9647,31.9647,31.9647,31.9647,31.9647,31.9647,31.9647,31.9647,31.9647,31.9647,31.9647,31.9647,31.9647,31.9647,31.9647,31.875,31.9647,31.9578,31.9647,31.9647,31.9647,31.9647,31.9647,31.9647,31.9647,31.9647,31.9647,31.9647,31.9647,31.9647,31.9647,31.9647,31.9647,31.9647,31.9647,31.9647,31.9647,31.9647,31.9647,31.9647,31.9647,31.9647,31.9647,31.9647,31.9647,31.9647,31.9647,31.9647,31.9647,31.9647,31.9647,31.9647,31.9647,31.9591,31.9647,31.9647,31.9647,31.9647,31.9647,31.9647,31.9647,31.9647,31.9647,31.9647,31.9647,31.9647,31.9647,31.9647,31.9647,31.9647,31.9647,31.9647,31.9647,31.9647,31.9647,31.9647,31.9647,31.9647,31.9647,31.9647
2,,31.9653,31.9653,31.9653,31.9653,31.9653,31.9653,31.9653,31.9653,31.9653,31.9653,31.9653,31.9653,31.9653,31.9653,31.9653,31.9653,31.9653,31.9653,31.9653,31.9653,31.9653,31.9653,31.9653,31.9653,31.9653,31.9653,31.9653,31.9653,31.9653,31.9653,31.9653,31.9653,31.9653,31.9653,31.9653,31.9653,31.9653,31.9653,31.9653,31.9653,31.9653,31.9653,31.9653,31.9653,31.9653,31.9653,31.9653,31.9653,31.9653,31.9653,31.9653,31.9653,31.9653,31.9653,31.9653,31.9653,31.9653,31.9653,31.9653,31.9653,31.9653,31.9653,31.9653,31.9653,31.9653,31.9653,31.9559,31.9631,31.941,31.9321,31.933,31.9227,31.9316,31.9258,31.9503,31.9645,31.9653,31.9653,31.9653,31.9653,31.9653,31.9653,31.9653,31.9653,31.9653,31.9653,31.9653,31.9653,31.9653,31.9653,31.9653,31.9653,31.9653,31.9653,31.9653,31.9653
3,,31.9625,31.9625,31.9625,31.9625,31.9625,31.9625,31.9625,31.9625,31.9625,31.9625,31.9625,31.9625,31.9625,31.9625,31.9625,31.9625,31.9625,31.9625,31.9625,31.9625,31.9625,31.9625,31.9625,31.9625,31.9625,31.9625,31.9625,31.9625,31.9625,31.9625,31.9625,31.9625,31.9625,31.9625,31.9625,31.9625,31.9625,31.9625,31.9421,31.9625,31.9625,31.9625,31.9625,31.9625,31.9625,31.9625,31.9625,31.9625,31.9625,31.9625,31.9625,31.9625,31.9625,31.9625,31.9625,31.9625,31.9625,31.9625,31.9625,31.9625,31.9625,31.9625,31.9625,31.9625,31.9625,31.9625,31.9625,31.9625,31.9625,31.9575,31.9625,31.9625,31.9625,31.9625,31.9625,31.9625,31.9625,31.9625,31.9625,31.9625,31.9625,31.9625,31.9625,31.9625,31.9625,31.9625,31.9625,31.9625,31.9625,31.9625,31.9625,31.9625,31.9625,31.9625,31.9625,31.9625
4,,31.962,31.962,31.962,31.962,31.962,31.962,31.962,31.962,31.962,31.962,31.962,31.962,31.962,31.962,31.962,31.962,31.962,31.962,31.962,31.962,31.962,31.962,31.962,31.962,31.962,31.962,31.962,31.962,31.962,31.962,31.962,31.962,31.962,31.962,31.962,31.962,31.962,31.962,31.962,31.962,31.962,31.962,31.962,31.962,31.962,31.962,31.962,31.962,31.962,31.962,31.962,31.962,31.962,31.962,31.962,31.962,31.962,31.962,31.962,31.962,31.962,31.962,31.962,31.962,31.962,31.962,31.962,31.962,31.962,31.962,31.962,31.962,31.962,31.962,31.962,31.962,31.962,31.962,31.962,31.962,31.962,31.962,31.962,31.962,31.962,31.962,31.962,31.962,31.962,31.962,31.962,31.962,31.962,31.962,31.962,31.962
5,,31.9629,31.9629,31.9629,31.9629,31.9629,31.9629,31.9629,31.9629,31.9629,31.9629,31.9629,31.9629,31.9629,31.9629,31.9629,31.9629,31.9629,31.9629,31.9629,31.9629,31.9629,31.9629,31.9629,31.9629,31.9629,31.9629,31.9629,31.9629,31.9629,31.9629,31.9629,31.9629,31.9629,31.9624,31.9629,31.9629,31.9629,31.9629,31.9629,31.9629,31.9629,31.9629,31.9629,31.9629,31.9629,31.9629,31.9629,31.9629,31.9629,31.9629,31.9629,31.9629,31.9629,31.9629,31.9629,31.9629,31.9629,31.9575,31.9629,31.9629,31.9629,31.9629,31.9629,31.9629,31.9629,31.9629,31.9629,31.9629,31.9629,31.9629,31.9629,31.9629,31.9629,31.9629,31.9629,31.9629,31.9629,31.9629,31.9629,31.9629,31.9629,31.9629,31.9629,31.9629,31.9629,31.9326,31.9629,31.9629,31.9629,31.9629,31.9629,31.9629,31.9629,31.9076,31.9629,31.9629
6,,31.9618,31.9618,31.9618,31.9618,31.9618,31.9444,31.9618,31.9618,31.9618,31.9618,31.9618,31.9618,31.9618,31.9618,31.9618,31.9444,31.9618,31.9618,31.9618,31.9618,31.9618,31.9618,31.9618,31.9618,31.9618,31.9618,31.9618,31.9618,31.9618,31.9618,31.9618,31.9618,31.9618,31.9618,31.9618,31.9618,31.9618,31.9618,31.9618,31.9618,31.9618,31.9618,31.9618,31.9618,31.9618,31.9618,31.9618,31.9618,31.9618,31.9618,31.9618,31.9618,31.9618,31.9618,31.9618,31.9618,31.9618,31.9618,31.9618,31.9618,31.9618,31.9618,31.9618,31.9618,31.9618,31.9618,31.9618,31.9618,31.9618,31.9618,31.9618,31.9618,31.9618,31.9618,31.9618,31.9618,31.9618,31.9618,31.9618,31.9618,31.9618,31.9618,31.9618,31.9618,31.9618,31.9618,31.9618,31.9618,31.9618,31.9618,31.9618,31.9618,31.9618,31.9618,31.9618,31.9618
7,,31.9633,31.9633,31.9633,31.9633,31.9633,31.9633,31.9633,31.9633,31.9633,31.9633,31.9633,31.9633,31.9633,31.9633,31.9633,31.9633,31.9633,31.9633,31.9633,31.9633,31.9633,31.9633,31.9633,31.9633,31.9633,31.9633,31.9633,31.9633,31.9633,31.9604,31.9138,31.9284,31.9274,31.9243,31.9596,31.9633,31.9633,31.9633,31.9633,31.9633,31.9633,31.9633,31.9633,31.9633,31.9633,31.9633,31.9633,31.9633,31.9633,31.9633,31.9633,31.9633,31.9633,31.9633,31.9633,31.9633,31.9633,31.9633,31.9633,31.9633,31.9633,31.9633,31.9633,31.9545,31.9573,31.9633,31.9531,31.9609,31.9319,31.9351,31.9283,31.921,31.9175,31.945,31.9633,31.9633,31.9633,31.9633,31.9633,31.9633,31.9633,31.9633,31.9633,31.9633,31.9633,31.9633,31.9633,31.9633,31.9633,31.9633,31.9633,31.9633,31.9633,31.9633,31.9633,31.9633
8,,31.9642,31.9642,31.9642,31.9642,31.9642,31.9642,31.9642,31.9642,31.9642,31.9642,31.9642,31.9642,31.9642,31.9642,31.9642,31.9642,31.9642,31.9642,31.9642,31.9642,31.9642,31.9642,31.9642,31.9642,31.9642,31.9642,31.9642,31.9387,31.9217,31.9332,31.9329,31.9308,31.9642,31.9553,31.9642,31.9642,31.9642,31.9642,31.9642,31.9642,31.9642,31.9642,31.9642,31.9642,31.9642,31.9642,31.9642,31.9642,31.9642,31.9642,31.9642,31.9642,31.9642,31.9642,31.9642,31.9642,31.9642,31.9642,31.9642,31.9642,31.9617,31.9642,31.9641,31.9642,31.9478,31.9225,31.9268,31.9268,31.9186,31.9139,31.9277,31.9139,31.947,31.9642,31.9642,31.9642,31.9642,31.9642,31.9642,31.9642,31.9642,31.9642,31.9642,31.9642,31.9642,31.9642,31.9642,31.9642,31.9642,31.9642,31.9642,31.9642,31.9642,31.9642,31.9642,31.9642
9,,31.9588,31.9588,31.9588,31.9588,31.9588,31.9588,31.9588,31.9588,31.9588,31.9588,31.9588,31.9588,31.9588,31.9588,31.9588,31.9588,31.9588,31.9588,31.9588,31.9588,31.9588,31.9588,31.9588,31.9588,31.9588,31.9588,31.9588,31.9588,31.9588,31.9588,31.9588,31.9588,31.9588,31.9588,31.9588,31.9588,31.9588,31.9588,31.9588,31.9588,31.9588,31.9588,31.9588,31.9588,31.9588,31.9588,31.9588,31.9588,31.9588,31.9588,31.9588,31.9588,31.9588,31.9588,31.9588,31.9588,31.9588,31.9588,31.9588,31.9588,31.9588,31.9588,31.9588,31.9588,31.9588,31.9588,31.9588,31.9588,31.9588,31.9588,31.9588,31.9588,31.9588,31.9588,31.9588,31.9588,31.9588,31.9588,31.9588,31.9588,31.9588,31.9588,31.9588,31.9588,31.9588,31.9588,31.9588,31.9588,31.9588,31.9588,31.9588,31.9588,31.9588,31.9588,31.9588,31.9588
10,,31.9647,31.9647,31.9647,31.9647,31.9647,31.9647,31.9647,31.9647,31.9647,31.9647,31.9647,31.9647,31.9647,31.9647,31.9647,31.9647,31.9647,31.9647,31.9647,31.9647,31.9647,31.9647,31.9647,31.9647,31.9647,31.9647,31.9647,31.9647,31.9647,31.9642,31.933,31.9187,31.9139,31.9381,31.9414,31.9532,31.9611,31.9647,31.9647,31.9647,31.9647,31.9647,31.9647,31.9647,31.9647,31.9647,31.9647,31.9647,31.9647,31.9647,31.9647,31.9647,31.9647,31.9647,31.9647,31.9647,31.9647,31.9647,31.9647,31.9647,31.9647,31.9647,31.9647,31.9622,31.9647,31.9587,31.9239,31.911,31.9098,31.915,31.9095,31.9119,31.9286,31.9469,31.9517,31.9647,31.9647,31.9633,31.9647,31.9647,31.9647,31.9647,31.9647,31.9647,31.9647,31.9647,31.9647,31.9647,31.9647,31.9647,31.9647,31.9647,31.9647,31.9647,31.9647,31.9647
11,,31.9584,31.9584,31.9584,31.9584,31.9584,31.9584,31.9584,31.9584,31.9584,31.9584,31.9584,31.9584,31.9584,31.9584,31.9584,31.9584,31.9584,31.9584,31.9584,31.9584,31.9584,31.9584,31.9584,31.9584,31.9584,31.9584,31.9584,31.9584,31.9584,31.9584,31.9584,31.9584,31.9584,31.9584,31.9584,31.9584,31.9584,31.9584,31.9584,31.9584,31.9584,31.9584,31.9584,31.9584,31.9584,31.9584,31.9584,31.9584,31.9584,31.9584,31.9584,31.9584,31.9584,31.9584,31.9584,31.9584,31.9584,31.9584,31.9584,31.9584,31.9584,31.9584,31.9584,31.9584,31.9584,31.9584,31.9584,31.9584,31.9584,31.9584,31.9584,31.9584,31.9584,31.9584,31.9584,31.9584,31.9584,31.9584,31.9584,31.9584,31.9584,31.9584,31.9584,31.9584,31.9584,31.9584,31.9584,31.9584,31.9584,31.9584,31.9584,31.9584,31.9584,31.9584,31.9584,31.9584
12,,31.9591,31.9591,31.9591,31.9591,31.9591,31.9591,31.9591,31.9591,31.9591,31.9591,31.9591,31.9591,31.9591,31.9591,31.9591,31.9591,31.9591,31.9591,31.9591,31.9591,31.9591,31.9591,31.9591,31.9591,31.9591,31.9591,31.9577,31.9451,31.9591,31.9591,31.9505,31.9352,31.9462,31.9458,31.9583,31.9568,31.9591,31.9591,31.9591,31.9591,31.9591,31.9591,31.9591,31.9591,31.9591,31.9591,31.9591,31.9591,31.9591,31.9591,31.9591,31.9591,31.9591,31.9591,31.9591,31.9591,31.9591,31.9591,31.9591,31.9591,31.9591,31.9591,31.9591,31.9591,31.9591,31.9591,31.9591,31.9591,31.9591,31.9591,31.9591,31.9591,31.9591,31.9591,31.9591,31.9591,31.9591,31.9591,31.9591,31.9591,31.9591,31.9591,31.9591,31.9591,31.9591,31.9591,31.9591,31.9591,31.9591,31.9591,31.9591,31.9591,31.9591,31.9591,31.9591,31.9591
13,,31.9444,31.9444,31.9444,31.9444,31.9444,31.9444,31.9444,31.9444,31.9859,31.9444,31.9444,31.9444,31.9444,31.9859,31.9444,31.9444,31.9859,31.9444,31.9444,31.9444,31.9859,31.9859,31.9444,31.9444,31.9859,31.9859,31.9859,31.9444,31.9859,31.9859,31.9859,31.9859,31.9859,31.9859,31.9859,31.9444,31.9444,31.9859,31.9444,31.9859,31.9444,31.9859,31.9859,31.9444,31.9444,31.9859,31.9859,31.9444,31.9859,31.9444,31.9859,31.9444,31.9444,31.9444,31.9444,31.9444,31.9444,31.9444,31.9859,31.9859,31.9444,31.9444,31.9444,31.9859,31.9444,31.9859,31.9444,31.9444,31.9444,31.9444,31.9444,31.9444,31.9444,31.9444,31.9444,31.9859,31.9444,31.9444,31.9444,31.9444,31.9444,31.9444,31.9444,31.9444,31.9859,31.9444,31.9859,31.9444,31.9444,31.9444,31.9444,31.9444,31.9444,31.9444,31.9444,31.9859
14,,31.9654,31.9654,31.9654,31.9654,31.9654,31.9654,31.9654,31.9654,31.9654,31.9654,31.9654,31.9654,31.9654,31.9654,31.9654,31.9654,31.9654,31.9654,31.9654,31.9654,31.9654,31.9654,31.9654,31.9654,31.9578,31.9654,31.9654,31.9654,31.9654,31.9574,31.9585,31.9497,31.9465,31.946,31.9654,31.9654,31.9654,31.9397,31.948,31.9054,31.9654,31.9654,31.9334,31.9654,31.9654,31.9323,31.9654,31.9631,31.9654,31.9654,31.9534,31.9654,31.9239,31.9654,31.9654,31.9654,31.9654,31.9422,31.9654,31.9108,31.948,31.9654,31.9486,31.9654,31.9654,31.9554,31.9122,31.9654,31.9654,31.9627,31.9249,31.8856,31.9654,31.9654,31.9374,31.9654,31.9611,31.9654,31.9054,31.9654,31.9654,31.9654,31.894,31.9274,31.9654,31.9654,31.9654,31.9643,31.9654,31.9654,31.9654,31.9654,31.9654,31.9654,31.9654,31.9654
15,,31.9565,31.9565,31.9565,31.9565,31.9565,31.9565,31.9565,31.9565,31.9565,31.9565,31.9565,31.9565,31.9565,31.9565,31.9565,31.9565,31.9565,31.9565,31.9565,31.9565,31.9565,31.9565,31.9565,31.9565,31.9565,31.9565,31.9565,31.9565,31.9565,31.9565,31.9565,31.9565,31.9565,31.9565,31.9565,31.9565,31.9565,31.9565,31.9565,31.9565,31.9565,31.9565,31.9565,31.9565,31.9565,31.9565,31.9565,31.9565,31.9565,31.9565,31.9565,31.9565,31.9565,31.9565,31.9565,31.9565,31.9565,31.9565,31.9565,31.9565,31.9565,31.9565,31.9565,31.9565,31.9565,31.9565,31.9565,31.9565,31.9565,31.9565,31.9565,31.9565,31.9565,31.9565,31.9565,31.9565,31.9565,31.9565,31.9565,31.9565,31.9565,31.9565,31.9565,31.9565,31.9565,31.9565,31.9565,31.9565,31.9565,31.9565,31.9565,31.9565,31.9565,31.9565,31.9565,31.9565
16,,31.9567,31.9567,31.9567,31.9567,31.9567,31.9567,31.9567,31.9567,31.9567,31.9567,31.9567,31.9567,31.9567,31.9444,31.9567,31.9444,31.9567,31.9567,31.9567,31.9567,31.9567,31.9567,31.9567,31.9567,31.9567,31.9567,31.9567,31.9567,31.9567,31.9567,31.9567,31.9567,31.9567,31.9567,31.9567,31.9567,31.9567,31.9567,31.9567,31.9567,31.9567,31.9567,31.9567,31.9567,31.9567,31.9567,31.9567,31.9567,31.9567,31.9567,31.9567,31.9567,31.9567,31.9567,31.9567,31.9567,31.9567,31.9567,31.9567,31.9567,31.9567,31.9567,31.9567,31.9567,31.9567,31.9567,31.9567,31.9567,31.9567,31.9567,31.9567,31.9567,31.9567,31.9567,31.9567,31.9567,31.9567,31.9567,31.9567,31.9567,31.9567,31.9567,31.9567,31.9567,31.9567,31.9567,31.9567,31.9567,31.9567,31.9567,31.9567,31.9567,31.9567,31.9567,31.9567,31.9567
17,,31.9562,31.9562,31.9562,31.9562,31.9562,31.9562,31.9562,31.9562,31.9562,31.9562,31.9562,31.9562,31.9562,31.9562,31.9562,31.9562,31.9562,31.9562,31.9562,31.9562,31.9562,31.9562,31.9562,31.9562,31.9562,31.9562,31.9562,31.9562,31.9562,31.9562,31.9562,31.9562,31.9562,31.9562,31.9562,31.9562,31.9562,31.9562,31.9562,31.9562,31.9562,31.9562,31.9562,31.9562,31.9562,31.9562,31.9562,31.9562,31.9562,31.9562,31.9562,31.9562,31.9562,31.9562,31.9562,31.9562,31.9562,31.9562,31.9562,31.9562,31.9562,31.9562,31.9562,31.9562,31.9562,31.9562,31.9562,31.9562,31.9562,31.9562,31.9562,31.9562,31.9562,31.9562,31.9562,31.9562,31.9562,31.9562,31.9562,31.9562,31.9562,31.9562,31.9562,31.9562,31.9562,31.9562,31.9562,31.9562,31.9562,31.9562,31.9562,31.9562,31.9562,31.9562,31.9562,31.9562
18,,31.9559,31.9559,31.9559,31.9559,31.9559,31.9559,31.9559,31.9559,31.9559,31.9559,31.9559,31.9559,31.9559,31.9559,31.9559,31.9559,31.9559,31.9559,31.9559,31.9559,31.9559,31.9559,31.9559,31.9559,31.9559,31.9559,31.9559,31.9559,31.9559,31.9559,31.9559,31.9559,31.9559,31.9559,31.9559,31.9559,31.9559,31.9559,31.9559,31.9559,31.9559,31.9559,31.9559,31.9559,31.9559,31.9559,31.9559,31.9559,31.9559,31.9559,31.9559,31.9559,31.9559,31.9559,31.9559,31.9559,31.9559,31.9559,31.9559,31.9559,31.9559,31.9559,31.9559,31.9559,31.9559,31.9559,31.9559,31.9559,31.9559,31.9559,31.9559,31.9559,31.9559,31.9559,31.9559,31.9559,31.9559,31.9559,31.9559,31.9559,31.9559,31.9559,31.9559,31.9559,31.9559,31.9559,31.9559,31.9559,31.9559,31.9559,31.9559,31.9559,31.9559,31.9559,31.9559,31.9559
19,,31.9559,31.9559,31.9559,31.9559,31.9559,31.9559,31.9559,31.9559,31.9559,31.9559,31.9559,31.9559,31.9559,31.9559,31.9444,31.9444,31.9559,31.9559,31.9559,31.9559,31.9559,31.9559,31.9559,31.9559,31.9559,31.9559,31.9559,31.9559,31.9559,31.9559,31.9559,31.9559,31.9559,31.9559,31.9559,31.9559,31.9559,31.9559,31.9559,31.9559,31.9559,31.9559,31.9559,31.9559,31.9559,31.9559,31.9559,31.9559,31.9559,31.9559,31.9559,31.9559,31.9559,31.9559,31.9559,31.9559,31.9559,31.9559,31.9559,31.9559,31.9559,31.9559,31.9559,31.9559,31.9559,31.9559,31.9559,31.9559,31.9559,31.9559,31.9559,31.9559,31.9559,31.9559,31.9559,31.9559,31.9559,31.9559,31.9559,31.9559,31.9559,31.9559,31.9559,31.9559,31.9559,31.9559,31.9559,31.9559,31.9559,31.9559,31.9559,31.9559,31.9559,31.9559,31.9559,31.9559
20,,31.9582,31.9444,31.9444,31.9444,31.9444,31.9444,31.9582,31.9444,31.9444,31.9444,31.9444,31.9444,31.9444,31.9444,31.9582,31.9582,31.9444,31.9582,31.9444,31.9444,31.9444,31.9444,31.9444,31.9582,31.9582,31.9582,31.9582,31.9582,31.9582,31.9582,31.9582,31.9582,31.9582,31.9582,31.9582,31.9582,31.9582,31.9582,31.9582,31.9582,31.9582,31.9582,31.9582,31.9582,31.9582,31.9582,31.9582,31.9582,31.9582,31.9582,31.9582,31.9582,31.9582,31.9582,31.9582,31.9582,31.9582,31.9582,31.9582,31.9582,31.9582,31.9582,31.9582,31.9582,31.9582,31.9582,31.9582,31.9582,31.9582,31.9582,31.9582,31.9582,31.9582,31.9582,31.9582,31.9582,31.9582,31.9582,31.9582,31.9582,31.9582,31.9582,31.9582,31.9582,31.9582,31.9582,31.9444,31.9582,31.9444,31.9582,31.9582,31.9582,31.9444,31.9582,31.9582,31.9582
21,,31.9553,31.9553,31.9553,31.9553,31.9553,31.9553,31.9553,31.9553,31.9553,31.9553,31.9553,31.9553,31.9553,31.9553,31.9553,31.9553,31.9553,31.9553,31.9553,31.9553,31.9553,31.9553,31.9553,31.9553,31.9553,31.9553,31.9553,31.9553,31.9553,31.9553,31.9553,31.9553,31.9553,31.9553,31.9553,31.9553,31.9553,31.9553,31.9553,31.9543,31.9553,31.9553,31.9553,31.9553,31.9553,31.9553,31.9553,31.9553,31.9553,31.9553,31.9553,31.9553,31.9553,31.9521,31.9553,31.9553,31.9553,31.9553,31.9553,31.9553,31.9553,31.9553,31.9519,31.9544,31.9515,31.9549,31.9553,31.9553,31.9553,31.954,31.9534,31.945,31.9553,31.9553,31.9553,31.9553,31.9553,31.9553,31.9553,31.9553,31.9553,31.9553,31.9553,31.9553,31.9553,31.9553,31.9553,31.9553,31.9553,31.9553,31.9553,31.9553,31.9553,31.9553,31.9553,31.9553
22,,31.9579,31.9579,31.9297,31.9579,31.9579,31.9579,31.9579,31.9579,31.9579,31.9579,31.9579,31.9579,31.9579,31.9579,31.9579,31.9579,31.9579,31.9579,31.9579,31.9348,31.9579,31.9579,31.9579,31.9579,31.9579,31.9517,31.9487,31.9528,31.9514,31.9499,31.9423,31.9514,31.9512,31.9579,31.9504,31.953,31.9579,31.9534,31.9579,31.9526,31.953,31.9579,31.9579,31.9371,31.9579,31.9543,31.9551,31.9579,31.9579,31.9532,31.9493,31.9536,31.9579,31.9579,31.948,31.9527,31.9514,31.9579,31.9579,31.9516,31.9579,31.9564,31.9517,31.9579,31.9579,31.9531,31.9579,31.9579,31.9579,31.9547,31.9563,31.9579,31.9471,31.9451,31.9579,31.9575,31.9422,31.9579,31.9579,31.9579,31.9486,31.9579,31.9579,31.9579,31.9579,31.9579,31.9579,31.9579,31.9579,31.9579,31.9579,31.9579,31.9579,31.9579,31.9579,31.9579
23,,31.955,31.9444,31.955,31.955,31.955,31.955,31.955,31.955,31.955,31.955,31.9444,31.955,31.955,31.955,31.955,31.955,31.955,31.955,31.955,31.955,31.955,31.955,31.955,31.955,31.955,31.955,31.955,31.955,31.955,31.955,31.955,31.955,31.955,31.955,31.955,31.955,31.955,31.955,31.955,31.955,31.955,31.955,31.955,31.955,31.955,31.955,31.955,31.955,31.955,31.955,31.955,31.955,31.9539,31.955,31.955,31.955,31.955,31.955,31.955,31.955,31.955,31.955,31.955,31.955,31.955,31.955,31.955,31.955,31.955,31.955,31.955,31.955,31.955,31.955,31.955,31.955,31.955,31.955,31.955,31.955,31.955,31.955,31.955,31.955,31.955,31.955,31.955,31.955,31.955,31.955,31.955,31.955,31.955,31.955,31.955,31.955
24,,31.9563,31.9563,31.9563,31.9563,31.9563,31.9563,31.9563,31.9563,31.9563,31.9563,31.9563,31.9563,31.9563,31.9563,31.9563,31.9563,31.9563,31.9563,31.9563,31.9563,31.9563,31.9563,31.9563,31.936,31.9563,31.9563,31.9496,31.9551,31.9563,31.9563,31.9491,31.9563,31.952,31.9563,31.949,31.9563,31.9498,31.9563,31.9563,31.9563,31.9563,31.9563,31.9563,31.9505,31.9444,31.9563,31.9563,31.9427,31.9563,31.9563,31.9563,31.9563,31.9563,31.9563,31.9563,31.9563,31.9424,31.9391,31.9509,31.9563,31.9563,31.9563,31.9563,31.9501,31.9563,31.9563,31.9539,31.9402,31.9563,31.9563,31.9464,31.9476,31.9563,31.9563,31.9563,31.9563,31.9563,31.9522,31.9563,31.9563,31.9563,31.9563,31.9563,31.9563,31.9563,31.9563,31.9563,31.9563,31.9563,31.9563,31.9563,31.9563,31.9563,31.9563,31.9563,31.9563
25,,31.955,31.9444,31.955,31.9444,31.955,31.955,31.955,31.955,31.955,31.955,31.955,31.955,31.955,31.955,31.9444,31.9444,31.955,31.955,31.955,31.955,31.955,31.9444,31.955,31.955,31.955,31.955,31.955,31.955,31.955,31.955,31.955,31.955,31.955,31.955,31.955,31.955,31.955,31.955,31.955,31.955,31.955,31.955,31.955,31.955,31.955,31.955,31.955,31.955,31.955,31.955,31.955,31.955,31.955,31.955,31.955,31.955,31.955,31.955,31.955,31.955,31.955,31.955,31.955,31.955,31.955,31.955,31.955,31.955,31.955,31.955,31.955,31.955,31.955,31.955,31.955,31.955,31.955,31.955,31.955,31.955,31.955,31.955,31.955,31.955,31.955,31.955,31.955,31.955,31.955,31.955,31.955,31.955,31.955,31.955,31.955,31.955
26,,31.9543,31.9543,31.9543,31.9543,31.9444,31.9543,31.9543,31.9543,31.9543,31.9543,31.9543,31.9543,31.9543,31.9444,31.9543,31.9543,31.9543,31.9543,31.9543,31.9543,31.9543,31.9444,31.9543,31.9543,31.9543,31.9543,31.9543,31.9543,31.9543,31.9543,31.9543,31.9543,31.9543,31.9543,31.9543,31.9543,31.9543,31.9543,31.9543,31.9543,31.9543,31.9543,31.9543,31.9543,31.9543,31.9543,31.9543,31.9543,31.9543,31.9543,31.9543,31.9543,31.9543,31.9543,31.9543,31.9543,31.9543,31.9543,31.9543,31.9543,31.9543,31.9543,31.9543,31.9543,31.9543,31.9543,31.9543,31.9543,31.9543,31.9543,31.9543,31.9543,31.9543,31.9543,31.9543,31.9543,31.9543,31.9543,31.9543,31.9543,31.9543,31.9543,31.9543,31.9543,31.9543,31.9543,31.9543,31.9543,31.9543,31.9543,31.9543,31.9543,31.9543,31.9543,31.9543,31.9543
27,,31.954,31.954,31.954,31.954,31.954,31.954,31.954,31.954,31.954,31.954,31.954,31.954,31.954,31.954,31.954,31.954,31.954,31.954,31.954,31.954,31.954,31.954,31.954,31.954,31.954,31.954,31.954,31.954,31.9451,31.954,31.9478,31.9426,31.9531,31.9488,31.954,31.954,31.954,31.954,31.954,31.954,31.954,31.954,31.954,31.954,31.954,31.954,31.954,31.954,31.954,31.954,31.954,31.954,31.954,31.954,31.954,31.954,31.954,31.954,31.954,31.954,31.954,31.954,31.954,31.954,31.954,31.954,31.954,31.954,31.954,31.954,31.954,31.954,31.954,31.954,31.954,31.954,31.954,31.954,31.954,31.954,31.954,31.954,31.954,31.954,31.954,31.954,31.954,31.954,31.954,31.954,31.954,31.954,31.954,31.954,31.954,31.954
28,,31.9557,31.9557,31.9557,31.9557,31.9557,31.9557,31.9557,31.9557,31.9557,31.9557,31.9557,31.9557,31.9557,31.9557,31.9557,31.9557,31.9557,31.9557,31.9557,31.9557,31.9557,31.9557,31.9557,31.9557,31.9557,31.9557,31.9557,31.9414,31.9349,31.9317,31.9344,31.9265,31.9254,31.934,31.9359,31.9424,31.9446,31.9521,31.9557,31.9557,31.9557,31.9557,31.9557,31.9557,31.9557,31.9557,31.9557,31.9557,31.9557,31.9557,31.9541,31.9557,31.9557,31.9557,31.9557,31.9557,31.9554,31.9557,31.9531,31.9536,31.9554,31.9557,31.9557,31.9557,31.9557,31.9557,31.9557,31.9557,31.9557,31.9557,31.9557,31.9557,31.9483,31.9557,31.9557,31.9511,31.9557,31.9557,31.9557,31.9557,31.9557,31.9557,31.9557,31.9557,31.9557,31.9557,31.9557,31.9557,31.9557,31.9557,31.9557,31.9557,31.9557,31.9557,31.9557,31.9557
29,,31.9532,31.9532,31.9532,31.9532,31.9532,31.9532,31.9532,31.9532,31.9532,31.9532,31.9532,31.9532,31.9532,31.9532,31.9532,31.9532,31.9532,31.9532,31.9532,31.9532,31.9532,31.9532,31.9532,31.9532,31.9532,31.9532,31.9532,31.9532,31.9532,31.9532,31.9532,31.9532,31.9532,31.9532,31.9532,31.9532,31.9532,31.9532,31.9532,31.9532,31.9532,31.9532,31.9532,31.9532,31.9532,31.9532,31.9532,31.9532,31.9532,31.9532,31.9532,31.9532,31.9532,31.9532,31.9532,31.9532,31.9511,31.9532,31.9532,31.9532,31.9532,31.9532,31.9532,31.9532,31.9532,31.9532,31.9532,31.9532,31.9532,31.9532,31.9532,31.9532,31.9532,31.9532,31.9532,31.9532,31.9532,31.9532,31.9532,31.9532,31.9532,31.9532,31.9532,31.9532,31.9532,31.9532,31.9532,31.9532,31.9532,31.9532,31.9532,31.9532,31.9532,31.9532,31.9532,31.9532
30,,31.953,31.953,31.953,31.953,31.953,31.953,31.953,31.953,31.953,31.953,31.953,31.953,31.953,31.953,31.953,31.953,31.953,31.953,31.953,31.953,31.953,31.953,31.953,31.953,31.953,31.953,31.953,31.953,31.953,31.953,31.953,31.953,31.953,31.953,31.953,31.953,31.953,31.953,31.953,31.953,31.953,31.953,31.953,31.953,31.953,31.953,31.953,31.953,31.953,31.9502,31.953,31.953,31.953,31.9515,31.9525,31.953,31.953,31.9515,31.953,31.953,31.9525,31.953,31.953,31.9507,31.953,31.953,31.953,31.953,31.953,31.953,31.953,31.953,31.953,31.953,31.953,31.953,31.953,31.953,31.953,31.953,31.953,31.953,31.953,31.953,31.953,31.953,31.953,31.953,31.953,31.953,31.953,31.953,31.953,31.953,31.953,31.953
31,,31.9528,31.9528,31.9528,31.9528,31.9528,31.9528,31.9528,31.9528,31.9528,31.9528,31.9528,31.9528,31.9528,31.9528,31.9528,31.9528,31.9528,31.9528,31.9528,31.9528,31.9528,31.9528,31.9528,31.9528,31.9528,31.9528,31.9528,31.9528,31.9528,31.9528,31.9528,31.9528,31.9528,31.9528,31.9528,31.9528,31.9528,31.9528,31.9528,31.9528,31.9528,31.9528,31.9528,31.9528,31.9528,31.9528,31.9528,31.9528,31.9528,31.9528,31.9528,31.9528,31.9528,31.9528,31.9528,31.9528,31.9528,31.9528,31.9528,31.9528,31.9528,31.9528,31.9528,31.9528,31.9528,31.9528,31.9528,31.9528,31.9528,31.9528,31.9528,31.9528,31.9528,31.9528,31.9528,31.9528,31.9528,31.9528,31.9528,31.9528,31.9528,31.9528,31.9528,31.9528,31.9528,31.9528,31.9528,31.9528,31.9528,31.9528,31.9528,31.9528,31.9528,31.9528,31.9528,31.9528
32,,31.9537,31.9537,31.9537,31.9537,31.9537,31.9537,31.9537,31.9537,31.9537,31.9537,31.9537,31.9537,31.9537,31.9537,31.9537,31.9537,31.9537,31.9537,31.9537,31.9537,31.9537,31.9537,31.9537,31.9537,31.9537,31.9537,31.9496,31.9537,31.9467,31.947,31.9507,31.9536,31.9537,31.9537,31.9537,31.9537,31.9537,31.9528,31.9537,31.948,31.9537,31.9537,31.9465,31.9537,31.9537,31.9537,31.9537,31.9537,31.9537,31.9537,31.9537,31.9537,31.9432,31.9497,31.9537,31.9537,31.9474,31.9525,31.9537,31.9537,31.9537,31.9532,31.9484,31.9537,31.9469,31.9522,31.9537,31.9524,31.9537,31.9537,31.9537,31.9408,31.9512,31.9537,31.9537,31.9537,31.9521,31.9537,31.9537,31.9537,31.9537,31.9537,31.9537,31.9407,31.9537,31.9537,31.9537,31.9537,31.9537,31.9537,31.9537,31.9537,31.9537,31.9537,31.9537,31.9537
33,,31.9555,31.9555,31.9555,31.9555,31.9555,31.9555,31.9555,31.9555,31.9555,31.9555,31.9555,31.9555,31.9555,31.9555,31.9555,31.9555,31.9555,31.9555,31.9555,31.9555,31.9555,31.9555,31.9555,31.9555,31.9555,31.9555,31.9555,31.9539,31.9542,31.9551,31.9555,31.9555,31.9555,31.9555,31.9535,31.9555,31.9555,31.9536,31.9555,31.9555,31.9555,31.9517,31.953,31.9467,31.9555,31.9555,31.9482,31.9468,31.9415,31.9533,31.944,31.9555,31.9499,31.9444,31.9482,31.9535,31.9545,31.9478,31.9467,31.9543,31.9399,31.9508,31.9386,31.9496,31.9419,31.948,31.9413,31.9396,31.9373,31.9411,31.9369,31.9325,31.9535,31.9521,31.9555,31.9555,31.9538,31.9555,31.9555,31.9555,31.9555,31.9555,31.9555,31.9555,31.9555,31.9555,31.9555,31.9555,31.9555,31.9555,31.9555,31.9555,31.9555,31.9555,31.9555,31.9555
34,,31.9538,31.9444,31.9444,31.9538,31.9444,31.9444,31.9444,31.9444,31.9538,31.9444,31.9444,31.9538,31.9444,31.9444,31.9444,31.9538,31.9538,31.9538,31.9444,31.9538,31.9538,31.9538,31.9444,31.9444,31.9538,31.9538,31.9538,31.9538,31.9538,31.9538,31.9538,31.9538,31.9538,31.9538,31.9538,31.9538,31.9538,31.9538,31.9538,31.9538,31.9538,31.9538,31.9538,31.9538,31.9538,31.9538,31.9538,31.9538,31.9538,31.9538,31.9538,31.9538,31.9538,31.9538,31.9538,31.9538,31.9538,31.9538,31.9538,31.9538,31.9538,31.9538,31.9538,31.9538,31.9538,31.9538,31.9538,31.9538,31.9538,31.9538,31.9538,31.9538,31.9538,31.9538,31.9538,31.9538,31.9538,31.9538,31.9538,31.9538,31.9538,31.9538,31.9538,31.9538,31.9538,31.9538,31.9538,31.9538,31.9538,31.9538,31.9538,31.9538,31.9444,31.9538,31.9538,31.9538
35,,31.9524,31.9524,31.9524,31.9524,31.9524,31.9524,31.9524,31.9524,31.9524,31.9524,31.9524,31.9524,31.9524,31.9444,31.9524,31.9524,31.9524,31.9524,31.9524,31.9524,31.9524,31.9524,31.9524,31.9524,31.9524,31.9524,31.9524,31.9524,31.9524,31.9524,31.9524,31.9524,31.9524,31.9524,31.9398,31.9524,31.9524,31.9524,31.9524,31.9524,31.9524,31.9524,31.9524,31.9524,31.9524,31.9524,31.9524,31.9524,31.9524,31.9524,31.9524,31.9524,31.9524,31.9524,31.9524,31.9524,31.9524,31.9524,31.9524,31.9524,31.9524,31.9524,31.9524,31.9524,31.9524,31.9524,31.9524,31.9524,31.9524,31.9524,31.9524,31.9524,31.9524,31.9524,31.9524,31.9524,31.9524,31.9524,31.9524,31.9524,31.9524,31.9524,31.9524,31.9524,31.9524,31.9524,31.9524,31.9524,31.9524,31.9524,31.9524,31.9524,31.9524,31.9524,31.9524,31.9524
36,,31.9533,31.9533,31.9533,31.9533,31.9533,31.9533,31.9533,31.9533,31.9533,31.9533,31.9533,31.9533,31.9533,31.9533,31.9533,31.9533,31.9533,31.9533,31.9533,31.9533,31.9533,31.9533,31.9533,31.9533,31.9533,31.9533,31.9533,31.9519,31.9533,31.9438,31.9432,31.9251,31.9321,31.9304,31.9391,31.9445,31.9533,31.9533,31.9533,31.9533,31.9533,31.9533,31.9533,31.9533,31.9533,31.9533,31.9533,31.9533,31.9533,31.9533,31.9533,31.9533,31.9533,31.9533,31.9533,31.9533,31.9533,31.9533,31.9533,31.9533,31.9533,31.9533,31.9533,31.9533,31.9533,31.9533,31.9533,31.9533,31.9533,31.9533,31.9533,31.9533,31.9533,31.9533,31.9533,31.9533,31.9533,31.9533,31.9533,31.9533,31.9533,31.9533,31.9533,31.9533,31.9533,31.9533,31.9533,31.9533,31.9533,31.9533,31.9533,31.9533,31.9533,31.9533,31.9533,31.9533
37,,31.9626,31.9626,31.9626,31.9626,31.9626,31.9626,31.9626,31.9626,31.9626,31.9626,31.9626,31.9626,31.9626,31.9626,31.9626,31.9626,31.9626,31.9626,31.9626,31.9626,31.9626,31.9626,31.9626,31.9626,31.9626,31.9369,31.9243,31.9162,31.9162,31.9162,31.9162,31.9162,31.9162,31.9162,31.9162,31.9162,31.9292,31.9626,31.9597,31.9626,31.9626,31.9626,31.9504,31.9626,31.9467,31.9599,31.9604,31.9626,31.9626,31.9626,31.9626,31.9626,31.9626,31.9626,31.9626,31.9626,31.9626,31.9615,31.9602,31.9626,31.9467,31.9477,31.927,31.9582,31.9204,31.9162,31.9162,31.9162,31.9162,31.9162,31.9162,31.9162,31.9442,31.9626,31.9626,31.9596,31.9624,31.9626,31.9626,31.9626,31.9626,31.9626,31.9626,31.9626,31.9626,31.9626,31.9626,31.9626,31.9626,31.9626,31.9626,31.9626,31.9626,31.9626,31.9626,31.9626
38,,31.9627,31.9627,31.9627,31.9627,31.9627,31.9627,31.9627,31.9627,31.9627,31.9627,31.9627,31.9627,31.9627,31.9627,31.9627,31.9627,31.9627,31.9627,31.9627,31.9627,31.9627,31.9627,31.9627,31.9627,31.9614,31.9365,31.9232,31.9164,31.9164,31.9164,31.9164,31.9164,31.9164,31.9164,31.9164,31.9164,31.9299,31.9627,31.9585,31.9627,31.9627,31.9627,31.9495,31.9627,31.9437,31.958,31.9616,31.9627,31.9627,31.9627,31.9627,31.9627,31.9627,31.9627,31.9627,31.9627,31.9627,31.9608,31.9598,31.9627,31.9468,31.9454,31.9264,31.9564,31.9193,31.9164,31.9164,31.9164,31.9164,31.9164,31.9164,31.9164,31.9456,31.9627,31.9627,31.9593,31.9627,31.9627,31.9627,31.9627,31.9627,31.9627,31.9627,31.9627,31.9627,31.9627,31.9627,31.9627,31.9627,31.9627,31.9627,31.9627,31.9627,31.9627,31.9627,31.9627
39,,31.952,31.952,31.952,31.952,31.952,31.952,31.952,31.952,31.952,31.952,31.952,31.952,31.952,31.9444,31.952,31.952,31.952,31.952,31.952,31.952,31.952,31.952,31.952,31.952,31.952,31.952,31.952,31.952,31.952,31.952,31.952,31.952,31.952,31.952,31.952,31.952,31.952,31.952,31.952,31.952,31.952,31.952,31.952,31.952,31.952,31.952,31.952,31.952,31.952,31.952,31.952,31.952,31.952,31.952,31.952,31.952,31.952,31.952,31.952,31.952,31.952,31.952,31.952,31.952,31.952,31.952,31.952,31.952,31.952,31.952,31.952,31.952,31.952,31.952,31.952,31.952,31.952,31.952,31.952,31.952,31.952,31.952,31.952,31.952,31.952,31.952,31.952,31.952,31.952,31.952,31.952,31.952,31.952,31.952,31.952,31.952
40,,31.9518,31.9518,31.9518,31.9518,31.9518,31.9518,31.9518,31.9518,31.9518,31.9518,31.9518,31.9518,31.9518,31.9518,31.9518,31.9518,31.9518,31.9518,31.9518,31.9518,31.9518,31.9518,31.9518,31.9518,31.9518,31.9518,31.9518,31.9518,31.9518,31.9518,31.9518,31.9518,31.9518,31.9518,31.9518,31.9518,31.9518,31.9518,31.9518,31.9518,31.9518,31.9518,31.9518,31.9518,31.9518,31.9518,31.9518,31.9518,31.9518,31.9518,31.9518,31.9518,31.9518,31.9518,31.9518,31.9518,31.9518,31.9518,31.9518,31.9518,31.9518,31.9518,31.9518,31.9518,31.9518,31.9518,31.9518,31.9518,31.9518,31.9518,31.9518,31.9518,31.9518,31.9518,31.9518,31.9518,31.9518,31.9518,31.9518,31.9518,31.9518,31.9518,31.9518,31.9518,31.9518,31.9518,31.9518,31.9518,31.9518,31.9518,31.9518,31.9518,31.9518,31.9518,31.9518,31.9518
41,,31.9574,31.9574,31.9574,31.9574,31.9574,31.9574,31.9574,31.9574,31.9574,31.9574,31.9574,31.9574,31.9574,31.9574,31.9574,31.9574,31.9574,31.9574,31.9574,31.9574,31.9574,31.9574,31.9574,31.9574,31.9574,31.9574,31.9574,31.957,31.9546,31.9377,31.9504,31.9574,31.9465,31.9542,31.9536,31.9562,31.9385,31.9388,31.9529,31.9383,31.9319,31.9402,31.9346,31.9425,31.9305,31.9381,31.9305,31.9322,31.9428,31.9418,31.9384,31.9417,31.9459,31.9433,31.9389,31.9374,31.9394,31.9426,31.9373,31.9463,31.9533,31.9574,31.9574,31.9574,31.9571,31.9568,31.9452,31.9463,31.9574,31.9574,31.9574,31.9574,31.9574,31.9574,31.9574,31.9574,31.9562,31.9375,31.9523,31.9574,31.9543,31.9574,31.9574,31.9513,31.9574,31.9574,31.9574,31.9574,31.9574,31.9574,31.9574,31.9574,31.9574,31.9574,31.9574,31.9574
42,,31.9518,31.9518,31.9518,31.9518,31.9518,31.9518,31.9518,31.9518,31.9518,31.9518,31.9518,31.9518,31.9518,31.9518,31.9518,31.9444,31.9518,31.9518,31.9518,31.9518,31.9518,31.9518,31.9518,31.9518,31.9518,31.9518,31.9518,31.9518,31.9518,31.9518,31.9518,31.9518,31.9518,31.9518,31.9518,31.9518,31.9518,31.9518,31.9518,31.9518,31.9518,31.9518,31.9518,31.9518,31.9518,31.9518,31.9518,31.9518,31.9518,31.9518,31.9518,31.9518,31.9518,31.9518,31.9518,31.9518,31.9518,31.9518,31.9518,31.9518,31.9518,31.9518,31.9518,31.9518,31.9518,31.9518,31.9518,31.9518,31.9518,31.9518,31.9518,31.9518,31.9518,31.9518,31.9518,31.9518,31.9518,31.9518,31.9518,31.9518,31.9518,31.9518,31.9518,31.9518,31.9518,31.9518,31.9518,31.9518,31.9518,31.9518,31.9518,31.9518,31.9518,31.9518,31.9518,31.9518
43,,31.9618,31.9618,31.9618,31.9618,31.9618,31.9618,31.9618,31.9618,31.9618,31.9618,31.9618,31.9618,31.9618,31.9618,31.9618,31.9618,31.9618,31.9618,31.9618,31.9618,31.9618,31.9618,31.9618,31.9618,31.9618,31.9618,31.9341,31.9008,31.9008,31.9008,31.9008,31.9008,31.9008,31.9009,31.9087,31.9172,31.9129,31.9618,31.9618,31.9618,31.9618,31.9618,31.9609,31.9618,31.9618,31.9618,31.9618,31.9618,31.9618,31.9618,31.9618,31.9618,31.9618,31.9618,31.9618,31.9618,31.9618,31.9618,31.9618,31.9618,31.9618,31.9618,31.9618,31.9618,31.9535,31.9079,31.9313,31.9255,31.9044,31.9008,31.9251,31.91,31.9303,31.9618,31.9618,31.9618,31.9618,31.9618,31.9618,31.9618,31.9618,31.9618,31.9618,31.9618,31.9618,31.9618,31.9618,31.9618,31.9618,31.9618,31.9618,31.9618,31.9618,31.9618,31.9618,31.9618
44,,31.9523,31.9523,31.9523,31.9523,31.9523,31.9523,31.9523,31.9523,31.9523,31.9523,31.9523,31.9523,31.9523,31.9444,31.9523,31.9444,31.9523,31.9523,31.9523,31.9523,31.9523,31.9523,31.9523,31.9523,31.9523,31.9523,31.9523,31.9523,31.9523,31.9523,31.9156,31.9523,31.9523,31.9523,31.9523,31.9523,31.9523,31.9523,31.9523,31.9523,31.9523,31.9523,31.9523,31.9523,31.9523,31.9523,31.9513,31.9476,31.9523,31.9523,31.9523,31.9523,31.9523,31.9523,31.9523,31.9523,31.9523,31.9523,31.9523,31.9523,31.9523,31.9523,31.9523,31.9523,31.951,31.9523,31.9523,31.9523,31.9523,31.9523,31.9523,31.9523,31.9523,31.9523,31.9523,31.9523,31.9523,31.9523,31.9523,31.9523,31.9523,31.9523,31.9523,31.9523,31.9523,31.9523,31.9523,31.9523,31.9523,31.9523,31.9523,31.9523,31.9523,31.9523,31.9523,31.9523
45,,31.9516,31.9516,31.9516,31.9516,31.9516,31.9516,31.9516,31.9516,31.9516,31.9516,31.9516,31.9516,31.9516,31.9516,31.9516,31.9516,31.9516,31.9516,31.9516,31.9516,31.9516,31.9516,31.9516,31.9516,31.9516,31.9516,31.9516,31.9516,31.9516,31.9516,31.9516,31.9516,31.9516,31.9516,31.9516,31.9516,31.9516,31.9516,31.9516,31.9516,31.9516,31.9516,31.9516,31.9516,31.9516,31.9516,31.9516,31.9516,31.9516,31.9516,31.9516,31.9516,31.9516,31.9516,31.9516,31.9516,31.9516,31.9516,31.9516,31.9516,31.9516,31.9516,31.9516,31.9516,31.9516,31.9516,31.9516,31.9516,31.9516,31.9516,31.9516,31.9516,31.9516,31.9516,31.9516,31.9516,31.9516,31.9516,31.9516,31.9516,31.9516,31.9516,31.9516,31.9516,31.9516,31.9516,31.9516,31.9516,31.9516,31.9516,31.9516,31.9516,31.9516,31.9516,31.9516,31.9516
46,,31.9517,31.9517,31.9517,31.9517,31.9444,31.9517,31.9517,31.9517,31.9444,31.9517,31.9517,31.9444,31.9517,31.9517,31.9517,31.9517,31.9444,31.9517,31.9517,31.9517,31.9517,31.9517,31.9517,31.9517,31.9517,31.9517,31.9517,31.9517,31.9517,31.9517,31.9517,31.9517,31.9517,31.9517,31.9517,31.9517,31.9517,31.9517,31.9517,31.9517,31.9517,31.9517,31.9517,31.9517,31.9517,31.9517,31.9517,31.9517,31.9517,31.9517,31.9517,31.9517,31.9517,31.9517,31.9517,31.9517,31.9517,31.9517,31.9517,31.9517,31.9517,31.9517,31.9517,31.9517,31.9517,31.9517,31.9517,31.9517,31.9517,31.9517,31.9517,31.9517,31.9517,31.9517,31.9517,31.9517,31.9517,31.9517,31.9517,31.9517,31.9517,31.9517,31.9517,31.9517,31.9517,31.9517,31.9517,31.9517,31.9517,31.9517,31.9517,31.9517,31.9517,31.9517,31.9517,31.9517
47,,31.9514,31.9514,31.9514,31.9514,31.9514,31.9514,31.9514,31.9514,31.9514,31.9514,31.9514,31.9514,31.9514,31.9514,31.9444,31.9514,31.9514,31.9514,31.9514,31.9514,31.9514,31.9514,31.9514,31.9514,31.9514,31.9514,31.9514,31.9514,31.9514,31.9514,31.9514,31.9514,31.9514,31.9514,31.9514,31.9514,31.9514,31.9514,31.9514,31.9514,31.9514,31.9514,31.9514,31.9514,31.9514,31.9514,31.9514,31.9514,31.9514,31.9514,31.9514,31.9514,31.9514,31.9514,31.9514,31.9514,31.9514,31.9514,31.9514,31.9514,31.9514,31.9514,31.9514,31.9514,31.9514,31.9514,31.9514,31.9514,31.9514,31.9514,31.9514,31.9514,31.9514,31.9514,31.9514,31.9514,31.9514,31.9514,31.9514,31.9514,31.9514,31.9514,31.9514,31.9514,31.9514,31.9514,31.9514,31.9514,31.9514,31.9514,31.9514,31.9514,31.9514,31.9514,31.9514,31.9514
48,,31.9515,31.9515,31.9515,31.9515,31.9515,31.9515,31.9515,31.9515,31.9515,31.9515,31.9515,31.9515,31.9515,31.9515,31.9444,31.9515,31.9515,31.9515,31.9515,31.9515,31.9515,31.9515,31.9515,31.9515,31.9515,31.9515,31.9515,31.9515,31.9515,31.9515,31.9515,31.9515,31.9515,31.9515,31.9515,31.9515,31.9515,31.9515,31.9515,31.9515,31.9515,31.9515,31.9515,31.9515,31.9515,31.9515,31.9515,31.9515,31.9515,31.9515,31.9515,31.9515,31.9515,31.9515,31.9515,31.9515,31.9515,31.9515,31.9515,31.9515,31.9515,31.9515,31.9515,31.9515,31.9515,31.9515,31.9515,31.9515,31.9324,31.9515,31.9515,31.9515,31.9515,31.9515,31.9515,31.9515,31.9515,31.9515,31.9515,31.9515,31.9515,31.9515,31.9515,31.9515,31.9515,31.9515,31.9515,31.9515,31.9515,31.9515,31.9515,31.9515,31.9515,31.9515,31.9515,31.9515
49,,31.9514,31.9514,31.9514,31.9514,31.9514,31.9514,31.9514,31.9514,31.9514,31.9514,31.9514,31.9514,31.9514,31.9514,31.9444,31.9444,31.9514,31.9514,31.9514,31.9514,31.9514,31.9514,31.9514,31.9514,31.9514,31.9514,31.9514,31.9514,31.9514,31.9514,31.9514,31.9514,31.9514,31.9514,31.9514,31.9514,31.9514,31.9514,31.9514,31.9514,31.9514,31.9514,31.9514,31.9514,31.9514,31.9514,31.9514,31.9514,31.9514,31.9514,31.9514,31.9514,31.9514,31.9514,31.9514,31.9514,31.9514,31.9514,31.9514,31.9514,31.9514,31.9514,31.9514,31.9514,31.9514,31.9514,31.9514,31.9514,31.9514,31.9514,31.9514,31.9514,31.9514,31.9514,31.9514,31.9514,31.9514,31.9514,31.9514,31.9514,31.9514,31.9514,31.9514,31.9514,31.9514,31.9514,31.9514,31.9514,31.9514,31.9514,31.9514,31.9514,31.9514,31.9514,31.9514,31.9514
50,,31.954,31.954,31.954,31.954,31.954,31.954,31.954,31.954,31.954,31.954,31.954,31.954,31.954,31.954,31.954,31.954,31.954,31.954,31.954,31.954,31.954,31.954,31.954,31.954,31.954,31.954,31.954,31.954,31.954,31.954,31.954,31.954,31.9515,31.954,31.9508,31.899,31.8931,31.954,31.954,31.954,31.954,31.954,31.954,31.954,31.954,31.954,31.954,31.9029,31.9099,31.954,31.954,31.954,31.9029,31.954,31.954,31.954,31.954,31.954,31.954,31.954,31.954,31.954,31.954,31.954,31.954,31.954,31.954,31.954,31.954,31.954,31.954,31.954,31.954,31.954,31.954,31.954,31.954,31.954,31.954,31.954,31.954,31.954,31.954,31.954,31.954,31.954,31.954,31.954,31.954,31.954,31.954,31.954,31.954,31.954,31.954,31.954
51,,31.9512,31.9512,31.9512,31.9512,31.9512,31.9512,31.9512,31.9512,31.9512,31.9512,31.9512,31.9512,31.9512,31.9512,31.9512,31.9512,31.9512,31.9512,31.9512,31.9512,31.9512,31.9512,31.9512,31.9512,31.9512,31.9512,31.9512,31.9512,31.9512,31.9512,31.9512,31.9512,31.9512,31.9512,31.9512,31.9512,31.9512,31.9512,31.9512,31.9512,31.9512,31.9512,31.9512,31.9512,31.9512,31.9512,31.9512,31.9512,31.9512,31.9512,31.9512,31.9512,31.9512,31.9512,31.9512,31.9512,31.9512,31.9512,31.9512,31.9512,31.9512,31.9512,31.9512,31.9512,31.9512,31.9512,31.9512,31.9512,31.9512,31.9512,31.9512,31.9512,31.9512,31.9512,31.9512,31.9512,31.9512,31.9512,31.9512,31.9512,31.9512,31.9512,31.9512,31.9512,31.9512,31.9512,31.9512,31.9512,31.9512,31.9512,31.9512,31.9512,31.9512,31.9512,31.9512,31.9512
52,,31.9522,31.9522,31.9522,31.9522,31.9522,31.9522,31.9522,31.9522,31.9522,31.9522,31.9522,31.9522,31.9522,31.9522,31.9522,31.9522,31.9522,31.9522,31.9522,31.9522,31.9522,31.9522,31.9522,31.9522,31.9522,31.9522,31.9386,31.9494,31.9444,31.9522,31.9522,31.9492,31.9395,31.9504,31.9522,31.948,31.9522,31.9383,31.9522,31.9457,31.9522,31.9522,31.9522,31.9522,31.9522,31.9522,31.9522,31.9522,31.9522,31.9466,31.9444,31.9487,31.9522,31.9522,31.9522,31.9522,31.948,31.9522,31.9522,31.9522,31.9468,31.9522,31.9482,31.9522,31.9522,31.9522,31.9522,31.9522,31.9522,31.9522,31.9522,31.9522,31.9522,31.9522,31.9522,31.9522,31.9522,31.9522,31.9522,31.9522,31.9522,31.9522,31.9522,31.9522,31.9522,31.9522,31.9522,31.9522,31.9522,31.9522,31.9522,31.9522,31.9522,31.9522,31.9522,31.9522
53,,31.9512,31.9512,31.9512,31.9512,31.9512,31.9512,31.9512,31.9512,31.9512,31.9512,31.9512,31.9512,31.9512,31.9444,31.9512,31.9512,31.9512,31.9512,31.9512,31.9512,31.9512,31.9512,31.9512,31.9512,31.9512,31.9512,31.9512,31.9512,31.9512,31.9512,31.9512,31.9512,31.9512,31.9512,31.9512,31.9512,31.9512,31.9512,31.9512,31.9512,31.9512,31.9512,31.9512,31.9512,31.9512,31.9512,31.9512,31.9512,31.9512,31.9512,31.9512,31.9512,31.9512,31.9512,31.9512,31.9512,31.9512,31.9512,31.9512,31.9512,31.9512,31.9512,31.9512,31.9512,31.9512,31.9512,31.9512,31.9512,31.9512,31.9512,31.9512,31.9512,31.9512,31.9512,31.9512,31.9512,31.9512,31.9512,31.9512,31.9512,31.9512,31.9512,31.9512,31.9512,31.9512,31.9512,31.9512,31.9512,31.9512,31.9512,31.9512,31.9512,31.9512,31.9512,31.9512,31.9512
54,,31.9581,31.9581,31.9581,31.9581,31.9581,31.9581,31.9581,31.9581,31.9581,31.9581,31.9581,31.9581,31.9581,31.9581,31.9581,31.9581,31.9581,31.9581,31.9581,31.9581,31.9581,31.9581,31.9581,31.9581,31.9581,31.9581,31.9484,31.9019,31.9014,31.89,31.89,31.89,31.8901,31.9129,31.9445,31.945,31.9236,31.9581,31.9581,31.9581,31.9581,31.9581,31.9581,31.9581,31.9581,31.9581,31.9581,31.9581,31.9581,31.9581,31.9581,31.9581,31.9581,31.9581,31.9581,31.9581,31.9581,31.9581,31.9581,31.9581,31.9581,31.9581,31.9581,31.9581,31.9581,31.9469,31.9578,31.9514,31.9352,31.9015,31.9291,31.9332,31.9384,31.9581,31.9581,31.9581,31.9581,31.9581,31.9581,31.9581,31.9581,31.9581,31.9581,31.9581,31.9581,31.9581,31.9581,31.9581,31.9581,31.9581,31.9581,31.9581,31.9581,31.9581,31.9581,31.9581
55,,31.9557,31.9557,31.9557,31.9557,31.9557,31.9557,31.9557,31.9557,31.9557,31.9557,31.9557,31.9557,31.9557,31.9557,31.9557,31.9557,31.9557,31.9557,31.9557,31.9557,31.9557,31.9557,31.9557,31.9557,31.9557,31.9401,31.945,31.9557,31.8977,31.9439,31.9557,31.9557,31.9448,31.9364,31.9557,31.9298,31.9557,31.9557,31.9557,31.9365,31.9557,31.9557,31.9557,31.9335,31.9381,31.9557,31.9451,31.9557,31.9557,31.9557,31.9295,31.9557,31.9557,31.9332,31.9357,31.9557,31.9557,31.9557,31.9309,31.9263,31.9338,31.9269,31.9557,31.9499,31.9557,31.9557,31.9557,31.9557,31.9214,31.9557,31.9557,31.9475,31.9557,31.9557,31.9557,31.9557,31.9557,31.9557,31.9557,31.9557,31.9557,31.9557,31.9557,31.9557,31.9557,31.9557,31.9557,31.9557,31.9557,31.9557,31.9557,31.9557,31.9557,31.9557,31.9557,31.9557
56,,31.951,31.951,31.951,31.951,31.951,31.951,31.951,31.951,31.951,31.951,31.951,31.951,31.951,31.951,31.951,31.951,31.951,31.951,31.951,31.951,31.951,31.951,31.951,31.951,31.951,31.951,31.951,31.951,31.951,31.951,31.951,31.951,31.951,31.951,31.951,31.951,31.951,31.951,31.951,31.951,31.951,31.951,31.951,31.951,31.951,31.951,31.951,31.951,31.951,31.951,31.951,31.951,31.951,31.951,31.951,31.951,31.951,31.951,31.951,31.951,31.951,31.951,31.951,31.951,31.951,31.951,31.951,31.951,31.951,31.951,31.951,31.951,31.951,31.951,31.951,31.951,31.951,31.951,31.951,31.951,31.951,31.951,31.951,31.951,31.951,31.951,31.951,31.951,31.951,31.951,31.951,31.951,31.951,31.951,31.951,31.951
57,,31.9511,31.9511,31.9444,31.9511,31.9511,31.9511,31.9511,31.9444,31.9511,31.9511,31.9511,31.9511,31.9511,31.9511,31.9511,31.9511,31.9511,31.9511,31.9511,31.9511,31.9511,31.9511,31.9511,31.9511,31.9511,31.9511,31.9511,31.9511,31.9511,31.9511,31.9511,31.9511,31.9511,31.9511,31.9511,31.9511,31.9511,31.9511,31.9511,31.9511,31.9511,31.9511,31.9511,31.9511,31.9511,31.9511,31.9511,31.9511,31.9511,31.9511,31.9511,31.9511,31.9511,31.9511,31.9511,31.9511,31.9511,31.9511,31.9511,31.9511,31.9511,31.9511,31.9511,31.9511,31.9511,31.9511,31.9511,31.9511,31.9511,31.9511,31.9511,31.9511,31.9511,31.9511,31.9511,31.9511,31.9511,31.9511,31.9511,31.9511,31.9511,31.9511,31.9511,31.9511,31.9511,31.9511,31.9511,31.9511,31.9511,31.9511,31.9511,31.9511,31.9511,31.9511,31.9511,31.9511
58,,31.9511,31.9511,31.9511,31.9511,31.9511,31.9511,31.9511,31.9511,31.9511,31.9511,31.9511,31.9511,31.9511,31.9511,31.9511,31.9444,31.9511,31.9511,31.9511,31.9511,31.9511,31.9511,31.9511,31.9511,31.9511,31.9511,31.9511,31.9511,31.9511,31.9511,31.9511,31.9511,31.9511,31.9511,31.9511,31.9511,31.9511,31.9511,31.9511,31.9511,31.9511,31.9511,31.9511,31.9511,31.9511,31.9511,31.9425,31.9511,31.9511,31.9511,31.9511,31.9511,31.9511,31.9511,31.9511,31.9511,31.9511,31.9511,31.9511,31.9511,31.9511,31.9511,31.9511,31.9511,31.9511,31.9511,31.942,31.9511,31.9511,31.9511,31.9511,31.9511,31.9511,31.9511,31.9511,31.9511,31.9511,31.9511,31.9511,31.9511,31.9511,31.9511,31.9511,31.9511,31.9511,31.9511,31.9511,31.9511,31.9511,31.9511,31.9511,31.9511,31.9511,31.9511,31.9511,31.9511
59,,31.9513,31.9513,31.9513,31.9513,31.9513,31.9513,31.9513,31.9513,31.9513,31.9513,31.9513,31.9513,31.9513,31.9513,31.9513,31.9513,31.9513,31.9513,31.9513,31.9513,31.9513,31.9513,31.9513,31.9513,31.9513,31.9513,31.9498,31.949,31.9491,31.9513,31.9482,31.9453,31.918,31.9475,31.9513,31.9513,31.9513,31.9513,31.9513,31.9513,31.9513,31.9513,31.9513,31.9513,31.9513,31.9513,31.9513,31.9513,31.9513,31.9513,31.9513,31.9513,31.9513,31.9513,31.9513,31.9513,31.9513,31.9513,31.9513,31.9513,31.9513,31.9513,31.9513,31.9513,31.9513,31.9513,31.9513,31.9513,31.9513,31.9513,31.9513,31.9513,31.9513,31.9513,31.9513,31.9513,31.9513,31.9513,31.9513,31.9513,31.9513,31.9513,31.9513,31.9513,31.9513,31.9513,31.9513,31.9513,31.9513,31.9513,31.9513,31.9513,31.9513,31.9513,31.9513,31.9513
60,,31.9508,31.9508,31.9508,31.9508,31.9508,31.9508,31.9508,31.9508,31.9508,31.9508,31.9508,31.9508,31.9508,31.9508,31.9444,31.9444,31.9508,31.9508,31.9508,31.9508,31.9508,31.9508,31.9508,31.9508,31.9508,31.9508,31.9508,31.9508,31.9508,31.9508,31.9508,31.9508,31.9508,31.9508,31.9508,31.9508,31.9508,31.9508,31.9508,31.9508,31.9508,31.9508,31.9508,31.9508,31.9508,31.9508,31.9508,31.9508,31.9508,31.9508,31.9508,31.9508,31.9508,31.9508,31.9508,31.9508,31.9508,31.9508,31.9508,31.9508,31.9508,31.9508,31.9508,31.9508,31.9508,31.9508,31.9508,31.9508,31.9508,31.9508,31.9508,31.9508,31.9508,31.9508,31.9508,31.9508,31.9508,31.9508,31.9508,31.9508,31.9508,31.9508,31.9508,31.9508,31.9508,31.9508,31.9508,31.9508,31.9508,31.9508,31.9508,31.9508,31.9508,31.9508,31.9508,31.9508
61,,31.954,31.954,31.954,31.954,31.954,31.954,31.954,31.954,31.954,31.951,31.954,31.954,31.9261,31.954,31.954,31.954,31.954,31.954,31.954,31.954,31.954,31.954,31.954,31.954,31.954,31.954,31.954,31.954,31.9485,31.9526,31.9439,31.9496,31.9484,31.9408,31.9515,31.954,31.953,31.9439,31.944,31.942,31.954,31.944,31.954,31.954,31.9478,31.9526,31.9475,31.9487,31.954,31.954,31.9513,31.954,31.9422,31.9506,31.954,31.9457,31.954,31.9513,31.9503,31.954,31.9456,31.9474,31.9489,31.954,31.9472,31.9384,31.9455,31.9475,31.9473,31.9491,31.9523,31.954,31.9465,31.9494,31.9391,31.9524,31.9486,31.9475,31.9461,31.954,31.954,31.954,31.954,31.954,31.9532,31.9472,31.954,31.954,31.954,31.954,31.954,31.9326,31.954,31.954,31.954,31.954
62,,31.9507,31.9507,31.9507,31.9507,31.9507,31.9507,31.9507,31.9507,31.9444,31.9507,31.9507,31.9507,31.9507,31.9507,31.9507,31.9507,31.9507,31.9507,31.9507,31.9507,31.9507,31.9507,31.9507,31.9507,31.9507,31.9507,31.9507,31.9507,31.9507,31.9507,31.9507,31.9507,31.9507,31.9507,31.9507,31.9507,31.9507,31.9507,31.9507,31.9507,31.9507,31.9507,31.9507,31.9507,31.9507,31.9507,31.9507,31.9507,31.9507,31.9507,31.9507,31.9507,31.9507,31.9507,31.9507,31.9507,31.9507,31.9507,31.9507,31.9507,31.9507,31.9507,31.9507,31.9507,31.9507,31.9507,31.9507,31.9507,31.9507,31.9507,31.9507,31.9507,31.9507,31.9507,31.9507,31.9507,31.9507,31.9507,31.9507,31.9507,31.9507,31.9507,31.9507,31.9507,31.9507,31.9507,31.9507,31.9507,31.9507,31.9507,31.9507,31.9507,31.9507,31.9507,31.9507,31.9507
63,,31.9509,31.9509,31.9509,31.9509,31.9509,31.9509,31.9509,31.9509,31.9509,31.9509,31.9509,31.9509,31.9509,31.9509,31.9509,31.9509,31.9509,31.9509,31.9509,31.9509,31.9509,31.9509,31.9509,31.9509,31.9509,31.9509,31.9509,31.9509,31.9509,31.9451,31.9452,31.9509,31.9501,31.9483,31.9434,31.9509,31.9509,31.9509,31.9509,31.9509,31.9509,31.9509,31.9509,31.9509,31.9509,31.9509,31.9509,31.9509,31.9509,31.9509,31.9509,31.9509,31.9509,31.9509,31.9509,31.9509,31.9509,31.9509,31.9509,31.9509,31.9509,31.9509,31.9509,31.9509,31.9509,31.9509,31.9509,31.9509,31.9509,31.9509,31.9509,31.9509,31.9509,31.9509,31.9509,31.9509,31.9509,31.9509,31.9509,31.9509,31.9509,31.9509,31.9509,31.9509,31.9509,31.9509,31.9509,31.9509,31.9509,31.9509,31.9509,31.9509,31.9509,31.9509,31.9509,31.9509
64,,31.9567,31.9567,31.9567,31.9567,31.9567,31.9567,31.9567,31.9567,31.9567,31.9567,31.9567,31.9567,31.9567,31.9567,31.9567,31.9567,31.9567,31.9567,31.9567,31.9567,31.9567,31.9567,31.9567,31.9567,31.9567,31.9567,31.9496,31.929,31.929,31.929,31.929,31.929,31.929,31.929,31.929,31.929,31.929,31.929,31.9501,31.9567,31.9567,31.9567,31.9567,31.9529,31.9567,31.9567,31.9567,31.9547,31.9509,31.9567,31.9567,31.9567,31.9567,31.9567,31.9535,31.9553,31.9509,31.9567,31.947,31.9567,31.9567,31.9567,31.9567,31.9507,31.9499,31.9416,31.9372,31.929,31.9327,31.9321,31.929,31.929,31.9292,31.9351,31.9504,31.9567,31.9567,31.9567,31.9567,31.9567,31.9567,31.9567,31.9567,31.9567,31.9567,31.9567,31.9567,31.9567,31.9567,31.9567,31.9567,31.9567,31.9567,31.9567,31.9567,31.9567
65,,31.9506,31.9506,31.9506,31.9506,31.9506,31.9506,31.9506,31.9506,31.9506,31.9506,31.9506,31.9506,31.9506,31.9506,31.9506,31.9506,31.9506,31.9506,31.9506,31.9506,31.9506,31.9506,31.9506,31.9506,31.9506,31.9506,31.9506,31.9506,31.9506,31.9506,31.9506,31.9506,31.9506,31.9506,31.9506,31.9506,31.9506,31.9506,31.9506,31.9506,31.9506,31.9506,31.9506,31.9506,31.9506,31.9506,31.9506,31.9506,31.9506,31.9506,31.9506,31.9506,31.9506,31.9506,31.9506,31.9506,31.9506,31.9506,31.9506,31.9506,31.9506,31.9506,31.9506,31.9506,31.9506,31.9506,31.9506,31.9506,31.9506,31.9506,31.9506,31.9506,31.9506,31.9506,31.9506,31.9506,31.9506,31.9506,31.9506,31.9506,31.9506,31.9506,31.9506,31.9506,31.9506,31.9506,31.9506,31.9506,31.9506,31.9506,31.9506,31.9506,31.9506,31.9506,31.9506,31.9506
66,,31.9549,31.9549,31.9549,31.9549,31.9549,31.9549,31.9549,31.9549,31.9549,31.9549,31.9549,31.9549,31.9549,31.9549,31.9549,31.9549,31.9549,31.9549,31.9549,31.9549,31.9549,31.9321,31.9549,31.9549,31.9549,31.953,31.9347,31.9307,31.9549,31.9222,31.9182,31.929,31.9145,31.943,31.9527,31.9263,31.9418,31.9549,31.9549,31.9549,31.9056,31.9549,31.9549,31.9549,31.9549,31.9308,31.9549,31.934,31.9549,31.9549,31.9549,31.9549,31.9549,31.9326,31.9549,31.9549,31.9549,31.9549,31.9549,31.9549,31.9549,31.9549,31.9549,31.9549,31.9549,31.9549,31.9549,31.9508,31.9549,31.9549,31.9549,31.9549,31.9549,31.9549,31.9549,31.9549,31.9549,31.9549,31.9549,31.9549,31.9549,31.9549,31.9549,31.9183,31.9549,31.9549,31.9549,31.9549,31.9549,31.9549,31.9549,31.9549,31.9549,31.9549,31.9549,31.9549
67,,31.9505,31.9505,31.9505,31.9505,31.9505,31.9505,31.9505,31.9505,31.9505,31.9505,31.9505,31.9505,31.9505,31.9444,31.9505,31.9444,31.9505,31.9505,31.9505,31.9505,31.9505,31.9505,31.9505,31.9505,31.9505,31.9505,31.9505,31.9505,31.9505,31.9505,31.9505,31.9505,31.9505,31.9505,31.9505,31.9505,31.9505,31.9505,31.9505,31.9505,31.9505,31.9505,31.9505,31.9505,31.9505,31.9505,31.9505,31.9505,31.9505,31.9505,31.9505,31.9505,31.9505,31.9505,31.9505,31.9505,31.9505,31.9505,31.9505,31.9505,31.9505,31.9505,31.9505,31.9505,31.9505,31.9505,31.9505,31.9505,31.9505,31.9505,31.9505,31.9505,31.9505,31.9505,31.9505,31.9505,31.9505,31.9505,31.9505,31.9505,31.9505,31.9505,31.9505,31.9505,31.9505,31.9505,31.9505,31.9505,31.9505,31.9505,31.9505,31.9505,31.9505,31.9505,31.9505,31.9505
68,,31.9572,31.9572,31.9572,31.9572,31.9572,31.9572,31.9572,31.9572,31.9572,31.9572,31.9572,31.9572,31.9572,31.9572,31.9572,31.9572,31.9572,31.9572,31.9572,31.9572,31.9572,31.9572,31.9572,31.9572,31.9572,31.9572,31.9572,31.9441,31.9367,31.9312,31.9497,31.9256,31.9165,31.9247,31.926,31.9372,31.9405,31.9409,31.9264,31.9403,31.9432,31.9476,31.952,31.9446,31.9462,31.9462,31.9401,31.9328,31.9351,31.9487,31.9482,31.9494,31.9553,31.9343,31.9395,31.9431,31.9533,31.9528,31.9411,31.9472,31.9572,31.9493,31.9557,31.9488,31.9469,31.9562,31.9572,31.9319,31.951,31.9403,31.9557,31.9441,31.9572,31.9532,31.9527,31.9572,31.9572,31.9557,31.9572,31.9483,31.9572,31.9572,31.9572,31.9572,31.9572,31.9572,31.9572,31.9572,31.9572,31.9572,31.9572,31.9572,31.9572,31.9572,31.9572,31.9572
69,,31.9678,31.9678,31.9678,31.9678,31.9678,31.9678,31.9678,31.9678,31.9678,31.9678,31.9678,31.9678,31.9678,31.9678,31.9678,31.9678,31.9678,31.9678,31.9678,31.9678,31.9678,31.9678,31.9678,31.9678,31.9678,31.9678,31.9678,31.9678,31.9678,31.9678,31.9678,31.9678,31.9678,31.9678,31.9678,31.9678,31.9678,31.9678,31.9678,31.9678,31.9678,31.9678,31.9678,31.9678,31.9678,31.9678,31.9678,31.9678,31.9678,31.9678,31.9678,31.9678,31.9678,31.9678,31.9678,31.9678,31.9678,31.9678,31.9678,31.9678,31.9678,31.9678,31.9678,31.9678,31.9678,31.9386,31.9289,31.8712,31.8499,31.7741,31.7205,31.3943,31.6171,31.9235,31.9678,31.9678,31.9678,31.9678,31.9678,31.9678,31.9678,31.9678,31.9678,31.9678,31.9678,31.9678,31.9678,31.9678,31.9678,31.9678,31.9678,31.9678,31.9678,31.9678,31.9678,31.9678
70,,31.951,31.951,31.951,31.951,31.951,31.951,31.951,31.951,31.951,31.951,31.951,31.951,31.951,31.951,31.9444,31.951,31.951,31.951,31.951,31.951,31.951,31.951,31.951,31.951,31.951,31.951,31.951,31.951,31.951,31.951,31.951,31.951,31.951,31.951,31.951,31.951,31.951,31.951,31.951,31.951,31.951,31.951,31.951,31.951,31.9508,31.951,31.951,31.951,31.951,31.951,31.9468,31.951,31.951,31.9508,31.951,31.9503,31.9473,31.9508,31.951,31.951,31.9503,31.951,31.951,31.9471,31.9414,31.9503,31.9461,31.951,31.9402,31.946,31.9375,31.9441,31.9477,31.9487,31.951,31.951,31.951,31.9495,31.951,31.951,31.951,31.951,31.951,31.951,31.951,31.951,31.951,31.951,31.951,31.951,31.951,31.951,31.951,31.951,31.951,31.951
71,,31.9505,31.9505,31.9505,31.9505,31.9505,31.9444,31.9505,31.9444,31.9505,31.9505,31.9444,31.9505,31.9505,31.9444,31.9444,31.9505,31.9505,31.9505,31.9505,31.9505,31.9505,31.9505,31.9505,31.9505,31.9505,31.9505,31.9505,31.9505,31.9505,31.9505,31.9505,31.9505,31.9505,31.9505,31.95,31.9505,31.9505,31.9505,31.9505,31.9505,31.9505,31.9505,31.9505,31.9505,31.9505,31.9505,31.9505,31.9505,31.9505,31.9505,31.9505,31.9505,31.9505,31.9505,31.9505,31.9505,31.9505,31.9505,31.9505,31.9505,31.9505,31.9505,31.9505,31.9505,31.9505,31.9505,31.9505,31.9505,31.9505,31.9505,31.9505,31.9505,31.9505,31.9505,31.9505,31.9505,31.9505,31.9505,31.9505,31.9505,31.9505,31.9505,31.9505,31.9505,31.9505,31.9505,31.9505,31.9505,31.9505,31.9505,31.9505,31.9505,31.9505,31.9505,31.9505,31.9505
72,,31.9636,31.9636,31.9636,31.9636,31.9636,31.9636,31.9636,31.9636,31.9636,31.9636,31.9636,31.9636,31.9636,31.9636,31.9636,31.9636,31.9636,31.9636,31.9636,31.9636,31.9636,31.9636,31.9563,31.9636,31.954,31.9216,31.9113,31.9062,31.919,31.9016,31.9151,31.8497,31.9184,31.9189,31.9197,31.9199,31.9201,31.9217,31.8025,31.9561,31.9541,31.9576,31.9485,31.9636,31.963,31.9625,31.9636,31.9636,31.9636,31.9589,31.9636,31.9602,31.9636,31.9636,31.9587,31.9565,31.9619,31.9636,31.9636,31.9636,31.9636,31.9636,31.8974,31.9627,31.9636,31.9636,31.9636,31.9614,31.9636,31.9235,31.9561,31.8282,31.8731,31.9346,31.9636,31.9636,31.9636,31.9636,31.9636,31.9636,31.9636,31.9636,31.9636,31.9636,31.9636,31.9636,31.9636,31.9636,31.9636,31.9636,31.9636,31.9636,31.9636,31.9636,31.9636,31.9636
73,,31.9518,31.9518,31.9518,31.9518,31.9518,31.9518,31.9518,31.9518,31.9518,31.9518,31.9518,31.9518,31.9518,31.9518,31.9518,31.9518,31.9518,31.9518,31.9518,31.9518,31.9518,31.9518,31.9518,31.9518,31.9518,31.9518,31.9518,31.9518,31.9518,31.9518,31.9518,31.9518,31.9518,31.9518,31.9518,31.9518,31.9518,31.9047,31.9518,31.9518,31.9518,31.9518,31.9518,31.9518,31.9518,31.9518,31.9518,31.9518,31.9518,31.9518,31.9518,31.9518,31.9518,31.9518,31.9518,31.9518,31.9518,31.9346,31.9518,31.9518,31.9518,31.9518,31.9518,31.9518,31.9518,31.9508,31.9265,31.9496,31.9518,31.9321,31.9518,31.9178,31.9518,31.9518,31.9295,31.9518,31.9518,31.9518,31.9518,31.9518,31.9518,31.9518,31.9518,31.9518,31.9518,31.9518,31.9518,31.9518,31.9518,31.9518,31.9518,31.9518,31.9518,31.9518,31.9518,31.9518
74,,31.9444,31.9501,31.9501,31.9501,31.9501,31.9501,31.9501,31.9501,31.9501,31.9501,31.9501,31.9501,31.9501,31.9501,31.9501,31.9501,31.9501,31.9501,31.9501,31.9501,31.9501,31.9501,31.9501,31.9501,31.9501,31.9501,31.9501,31.9501,31.9501,31.9501,31.9501,31.9501,31.9501,31.9501,31.9498,31.9501,31.9501,31.9501,31.9501,31.9501,31.9501,31.9501,31.9501,31.9501,31.9501,31.9501,31.9501,31.9501,31.9501,31.9501,31.9501,31.9501,31.9501,31.9501,31.9501,31.9501,31.9501,31.9501,31.9501,31.9501,31.9501,31.9501,31.9501,31.9501,31.9501,31.9501,31.9501,31.9501,31.9501,31.9501,31.9501,31.9501,31.9501,31.9501,31.9501,31.9501,31.9501,31.9501,31.9501,31.9501,31.9501,31.9501,31.9501,31.9501,31.9501,31.9501,31.9501,31.9501,31.9501,31.9501,31.9501,31.9501,31.9501,31.9501,31.9501,31.9501
75,,31.9505,31.9505,31.9505,31.9505,31.9505,31.9505,31.9505,31.9505,31.9505,31.9505,31.9505,31.9505,31.9505,31.9505,31.9505,31.9505,31.9505,31.9505,31.9505,31.9505,31.9505,31.9505,31.9505,31.9505,31.9505,31.9505,31.9505,31.9413,31.9471,31.9479,31.937,31.9402,31.943,31.9457,31.947,31.9505,31.9505,31.9505,31.9505,31.9505,31.9505,31.9505,31.9505,31.9505,31.9505,31.9505,31.9505,31.9505,31.9505,31.9505,31.9505,31.9505,31.9505,31.9505,31.9505,31.9505,31.9505,31.9505,31.9505,31.9505,31.9505,31.9505,31.9505,31.9505,31.9505,31.9505,31.9505,31.9505,31.9505,31.9505,31.9505,31.9505,31.9505,31.9505,31.9505,31.9505,31.9505,31.9505,31.9505,31.9505,31.9505,31.9505,31.9505,31.9505,31.9505,31.9505,31.9505,31.9505,31.9505,31.9505,31.9505,31.9505,31.9505,31.9505,31.9505,31.9505
76,,31.9501,31.9501,31.9501,31.9501,31.9501,31.9501,31.9501,31.9501,31.9501,31.9501,31.9501,31.9501,31.9501,31.9501,31.9501,31.9501,31.9501,31.9501,31.9501,31.9501,31.9501,31.9501,31.9501,31.9501,31.9501,31.9501,31.9501,31.9501,31.9501,31.9501,31.9501,31.9466,31.9501,31.9501,31.9489,31.9501,31.9501,31.9501,31.9501,31.9501,31.9501,31.9501,31.9501,31.9501,31.9501,31.9501,31.9501,31.9501,31.9501,31.9501,31.9501,31.9501,31.9501,31.9501,31.9501,31.9501,31.9501,31.9501,31.9501,31.9501,31.9501,31.9501,31.9501,31.9501,31.9501,31.9501,31.9499,31.9501,31.9422,31.9417,31.9494,31.9501,31.9501,31.9501,31.9501,31.9501,31.9501,31.9501,31.9501,31.9501,31.9501,31.9501,31.9501,31.9501,31.9501,31.9501,31.9501,31.9501,31.9501,31.9501,31.9501,31.9501,31.9501,31.9501,31.9501,31.9501
77,,31.9499,31.9499,31.9499,31.9499,31.9499,31.9499,31.9499,31.9499,31.9499,31.9499,31.9499,31.9499,31.9499,31.9499,31.9499,31.9499,31.9499,31.9499,31.9499,31.9499,31.9499,31.9499,31.9499,31.9499,31.9499,31.9499,31.9499,31.9499,31.9499,31.9499,31.9499,31.9499,31.9499,31.9499,31.9499,31.9499,31.9499,31.9499,31.9499,31.9499,31.9499,31.9499,31.9499,31.9499,31.9499,31.9499,31.9499,31.9499,31.9499,31.9499,31.9499,31.9499,31.9499,31.9499,31.9499,31.9499,31.9499,31.9499,31.9499,31.9499,31.9499,31.9499,31.9499,31.9499,31.9499,31.9499,31.9499,31.9499,31.9499,31.9499,31.9498,31.9435,31.9496,31.9499,31.9499,31.9499,31.9499,31.9499,31.9499,31.9499,31.9499,31.9499,31.9499,31.9499,31.9499,31.9499,31.9499,31.9499,31.9499,31.9499,31.9499,31.9499,31.9499,31.9499,31.9499,31.9499
78,,31.9498,31.9498,31.9498,31.9498,31.9498,31.9498,31.9498,31.9498,31.9498,31.9498,31.9498,31.9498,31.9498,31.9498,31.9498,31.9498,31.9498,31.9498,31.9498,31.9498,31.9498,31.9498,31.9498,31.9498,31.9498,31.9498,31.9498,31.9498,31.9498,31.9498,31.9498,31.9498,31.9498,31.9498,31.9498,31.9498,31.9498,31.9498,31.9498,31.9498,31.9498,31.9498,31.9498,31.9498,31.9498,31.9498,31.9498,31.9498,31.9498,31.9498,31.9498,31.9498,31.9498,31.9498,31.9498,31.9498,31.9498,31.9498,31.9498,31.9498,31.9498,31.9498,31.9498,31.9498,31.9498,31.9498,31.9498,31.9498,31.9498,31.9498,31.9498,31.9498,31.9498,31.9498,31.9498,31.9498,31.9498,31.9498,31.9498,31.9498,31.9498,31.9498,31.9498,31.9498,31.9498,31.9498,31.9498,31.9498,31.9498,31.9498,31.9498,31.9498,31.9498,31.9498,31.9498,31.9498
79,,31.9511,31.9511,31.9511,31.9511,31.9511,31.9511,31.9511,31.9511,31.9511,31.9511,31.9511,31.9511,31.9511,31.9511,31.9511,31.9511,31.9511,31.9511,31.9511,31.9511,31.9511,31.9511,31.9511,31.9511,31.9511,31.9449,31.9363,31.9409,31.9502,31.9422,31.9249,31.9252,31.9341,31.9292,31.9492,31.9511,31.9511,31.951,31.9511,31.9511,31.9511,31.9511,31.9511,31.9511,31.9511,31.9511,31.9511,31.9511,31.9511,31.9511,31.9511,31.9511,31.9511,31.9511,31.9511,31.9511,31.9511,31.9511,31.9511,31.9511,31.9511,31.9511,31.9511,31.9511,31.9511,31.9511,31.9511,31.9511,31.9511,31.9511,31.9511,31.9487,31.9511,31.9511,31.9511,31.9511,31.9511,31.9511,31.9511,31.9511,31.9511,31.9511,31.9511,31.9511,31.9511,31.9511,31.9511,31.9511,31.9511,31.9511,31.9511,31.9511,31.9511,31.9511,31.9511,31.9511
80,,31.9499,31.9499,31.9499,31.9499,31.9499,31.9499,31.9499,31.9499,31.9499,31.9499,31.9499,31.9499,31.9499,31.9499,31.9499,31.9499,31.9499,31.9499,31.9499,31.9499,31.9499,31.9499,31.9499,31.9499,31.9499,31.9499,31.9499,31.9499,31.9499,31.9499,31.9499,31.9483,31.9445,31.9476,31.9499,31.9499,31.9499,31.9499,31.9499,31.9499,31.9499,31.9499,31.9499,31.9499,31.9499,31.9499,31.9499,31.9499,31.9499,31.9499,31.9499,31.9492,31.9499,31.9456,31.949,31.9499,31.9499,31.9499,31.9499,31.9499,31.9499,31.9499,31.9499,31.9499,31.9499,31.9499,31.9499,31.9499,31.9499,31.9499,31.9499,31.9499,31.9499,31.9499,31.9499,31.9499,31.9499,31.9499,31.9499,31.9499,31.9499,31.9499,31.9499,31.9499,31.9499,31.9499,31.9499,31.9499,31.9499,31.9499,31.9499,31.9499,31.9499,31.9499,31.9499,31.9499
81,,31.9497,31.9497,31.9497,31.9497,31.9497,31.9497,31.9497,31.9497,31.9497,31.9497,31.9497,31.9497,31.9497,31.9497,31.9497,31.9497,31.9497,31.9497,31.9497,31.9497,31.9497,31.9497,31.9497,31.9497,31.9497,31.9497,31.9497,31.9497,31.9497,31.9497,31.9497,31.9497,31.9497,31.9497,31.94,31.9497,31.9497,31.9497,31.9497,31.9497,31.9497,31.9497,31.9497,31.9497,31.9497,31.9497,31.9497,31.9497,31.9497,31.9497,31.9497,31.9497,31.9497,31.9497,31.9497,31.9497,31.9497,31.9497,31.9497,31.9497,31.9497,31.9497,31.9497,31.9497,31.9497,31.9497,31.9497,31.9497,31.9497,31.9497,31.9497,31.9497,31.9497,31.9497,31.9497,31.9497,31.9497,31.9497,31.9497,31.9497,31.9497,31.9497,31.9497,31.9497,31.9497,31.9497,31.9497,31.9497,31.9497,31.9497,31.9497,31.9497,31.9497,31.9497,31.9497,31.9497
82,,31.9504,31.9504,31.9504,31.9504,31.9504,31.9504,31.9504,31.9504,31.9504,31.9504,31.9504,31.9504,31.9504,31.9504,31.9504,31.9504,31.9504,31.9504,31.9504,31.9504,31.9504,31.9504,31.9504,31.9504,31.9504,31.9504,31.9504,31.9504,31.9504,31.9504,31.9504,31.9504,31.9504,31.9504,31.9504,31.9504,31.9504,31.9504,31.9504,31.9504,31.9504,31.9504,31.9504,31.9504,31.9504,31.9504,31.9504,31.9504,31.9504,31.9504,31.9504,31.9504,31.9504,31.9504,31.9504,31.9504,31.9504,31.9504,31.9504,31.9504,31.9504,31.8673,31.9504,31.9504,31.9504,31.9504,31.9504,31.9504,31.9504,31.9504,31.9504,31.9504,31.9504,31.9504,31.9504,31.9504,31.9504,31.9504,31.9504,31.9504,31.9504,31.9504,31.9504,31.9504,31.9504,31.9504,31.9504,31.9504,31.9504,31.9504,31.9504,31.9504,31.9504,31.9504,31.9504,31.9504
83,,31.9511,31.9511,31.9511,31.9511,31.9511,31.9511,31.9511,31.9511,31.9511,31.9511,31.9511,31.9511,31.9511,31.9511,31.9511,31.9511,31.9511,31.9511,31.9511,31.9511,31.9511,31.9511,31.9511,31.9511,31.9511,31.9511,31.9511,31.9511,31.9511,31.9511,31.9511,31.9511,31.9511,31.9511,31.942,31.9511,31.9485,31.9511,31.9511,31.9511,31.9511,31.9511,31.9511,31.9511,31.9511,31.945,31.9511,31.9511,31.9461,31.9425,31.9491,31.9511,31.9511,31.9511,31.9511,31.9473,31.9444,31.9421,31.9466,31.95,31.9511,31.9457,31.9511,31.9511,31.9511,31.935,31.9511,31.9311,31.9285,31.9441,31.9467,31.9314,31.9461,31.9511,31.9511,31.9511,31.9511,31.9507,31.9511,31.9511,31.9511,31.9511,31.9511,31.9511,31.9511,31.9511,31.9511,31.9511,31.9511,31.9511,31.9511,31.9511,31.9511,31.9511,31.9511,31.9511
84,,31.9494,31.9494,31.9494,31.9494,31.9494,31.9494,31.9494,31.9494,31.9494,31.9494,31.9494,31.9494,31.9494,31.9494,31.9494,31.9494,31.9494,31.9494,31.9494,31.9494,31.9494,31.9494,31.9494,31.9494,31.9494,31.9494,31.9494,31.9494,31.9494,31.9494,31.9494,31.9494,31.9494,31.9494,31.9494,31.9494,31.9494,31.9494,31.9494,31.9494,31.9494,31.9494,31.9494,31.9494,31.9494,31.9494,31.9494,31.9494,31.9494,31.9494,31.9494,31.9494,31.9494,31.9494,31.9494,31.9494,31.9494,31.9494,31.9494,31.9494,31.9494,31.9494,31.9494,31.9494,31.9494,31.9494,31.9494,31.9494,31.9494,31.9494,31.9494,31.9494,31.9494,31.9494,31.9494,31.9494,31.9494,31.9494,31.9494,31.9494,31.9494,31.9494,31.9494,31.9494,31.9494,31.9494,31.9494,31.9494,31.9494,31.9494,31.9494,31.9494,31.9494,31.9494,31.9494,31.9494
85,,31.9491,31.9491,31.9491,31.9491,31.9491,31.9491,31.9491,31.9491,31.9491,31.9491,31.9491,31.9491,31.9491,31.9491,31.9491,31.9491,31.9491,31.9491,31.9491,31.9491,31.9491,31.9491,31.9491,31.9491,31.9491,31.9491,31.9491,31.9491,31.9491,31.9491,31.9491,31.9491,31.9491,31.9491,31.9491,31.9491,31.9491,31.9491,31.9491,31.9491,31.9491,31.9491,31.9491,31.9491,31.9491,31.9491,31.9491,31.9491,31.9491,31.9491,31.9491,31.9491,31.9491,31.9491,31.9491,31.9491,31.9491,31.9491,31.9491,31.9491,31.9491,31.9491,31.9491,31.9491,31.9491,31.9491,31.9491,31.9491,31.9491,31.9491,31.9489,31.9485,31.9491,31.9491,31.9491,31.9491,31.9491,31.9491,31.9491,31.9491,31.9491,31.9491,31.9491,31.9491,31.9491,31.9491,31.9491,31.9491,31.9491,31.9491,31.9491,31.9491,31.9491,31.9491,31.9491,31.9491
86,,31.949,31.949,31.949,31.949,31.949,31.949,31.949,31.949,31.949,31.949,31.949,31.949,31.949,31.949,31.949,31.949,31.949,31.949,31.949,31.949,31.949,31.949,31.949,31.949,31.949,31.949,31.949,31.949,31.949,31.949,31.949,31.949,31.949,31.949,31.949,31.949,31.949,31.949,31.949,31.949,31.949,31.949,31.949,31.949,31.949,31.949,31.949,31.949,31.949,31.949,31.949,31.949,31.949,31.949,31.949,31.949,31.949,31.949,31.949,31.949,31.949,31.949,31.949,31.949,31.949,31.949,31.949,31.949,31.949,31.949,31.949,31.949,31.949,31.949,31.949,31.949,31.949,31.949,31.949,31.949,31.949,31.949,31.949,31.949,31.949,31.949,31.949,31.949,31.949,31.949,31.949,31.949,31.949,31.949,31.949,31.949
87,,31.949,31.949,31.949,31.949,31.949,31.949,31.949,31.949,31.949,31.949,31.949,31.949,31.949,31.9444,31.949,31.9444,31.949,31.949,31.949,31.949,31.949,31.949,31.949,31.949,31.949,31.949,31.949,31.949,31.949,31.949,31.949,31.949,31.949,31.949,31.949,31.949,31.949,31.949,31.949,31.949,31.949,31.949,31.949,31.949,31.949,31.949,31.949,31.949,31.949,31.949,31.949,31.949,31.949,31.949,31.949,31.949,31.949,31.949,31.949,31.949,31.949,31.949,31.949,31.949,31.949,31.949,31.949,31.949,31.949,31.949,31.949,31.949,31.949,31.949,31.949,31.949,31.949,31.949,31.949,31.949,31.949,31.949,31.949,31.949,31.949,31.949,31.949,31.949,31.949,31.949,31.949,31.949,31.949,31.949,31.949,31.949
88,,31.9489,31.9489,31.9489,31.9489,31.9489,31.9489,31.9489,31.9489,31.9489,31.9489,31.9489,31.9489,31.9489,31.9444,31.9444,31.9489,31.9489,31.9489,31.9489,31.9489,31.9489,31.9489,31.9489,31.9489,31.9489,31.9489,31.9489,31.9489,31.9489,31.9489,31.9489,31.9489,31.9489,31.9489,31.9489,31.9489,31.9489,31.9489,31.9489,31.9489,31.9489,31.9489,31.9489,31.9489,31.9489,31.9489,31.9489,31.9489,31.9489,31.9489,31.9489,31.9489,31.9489,31.9489,31.9489,31.9489,31.9489,31.9489,31.9489,31.9489,31.9489,31.9489,31.9489,31.9489,31.9489,31.9489,31.9489,31.9489,31.9489,31.9489,31.9489,31.9489,31.9489,31.9489,31.9489,31.9489,31.9489,31.9489,31.9489,31.9489,31.9489,31.9489,31.9489,31.9489,31.9489,31.9489,31.9489,31.9489,31.9489,31.9489,31.9489,31.9489,31.9489,31.9489,31.9489,31.9489
89,,31.9488,31.9488,31.9488,31.9488,31.9488,31.9488,31.9488,31.9488,31.9488,31.9488,31.9488,31.9488,31.9488,31.9488,31.9488,31.9444,31.9488,31.9488,31.9488,31.9488,31.9488,31.9488,31.9488,31.9488,31.9488,31.9488,31.9488,31.9488,31.9488,31.9488,31.9488,31.9488,31.9488,31.9488,31.9488,31.9488,31.9488,31.9488,31.9488,31.9488,31.9488,31.9488,31.9488,31.9488,31.9488,31.9488,31.9488,31.9488,31.9488,31.9488,31.9488,31.9488,31.9488,31.9488,31.9488,31.9488,31.9488,31.9488,31.9488,31.9488,31.9488,31.9488,31.9488,31.9488,31.9488,31.9488,31.9488,31.9488,31.9488,31.9488,31.9488,31.9488,31.9488,31.9488,31.9488,31.9488,31.9488,31.9488,31.9488,31.9488,31.9488,31.9488,31.9488,31.9488,31.9488,31.9488,31.9488,31.9488,31.9488,31.9488,31.9488,31.9488,31.9488,31.9488,31.9488,31.9488
90,,31.9492,31.9492,31.9492,31.9492,31.9492,31.9492,31.9492,31.9492,31.9492,31.9492,31.9492,31.9492,31.9492,31.9492,31.9492,31.9492,31.9492,31.9492,31.9492,31.9492,31.9492,31.9492,31.9492,31.9492,31.9492,31.9486,31.9446,31.9421,31.9492,31.9387,31.9391,31.9419,31.9449,31.9492,31.9492,31.9464,31.9471,31.9492,31.9492,31.9492,31.9492,31.9492,31.9476,31.9492,31.9492,31.9492,31.9492,31.9492,31.9492,31.9492,31.9492,31.9492,31.9492,31.9474,31.9492,31.9492,31.9492,31.9492,31.9492,31.9492,31.9492,31.9492,31.9492,31.9492,31.9492,31.9492,31.9492,31.9476,31.9492,31.9483,31.9492,31.9482,31.9491,31.9492,31.9492,31.9492,31.9492,31.9473,31.9492,31.9492,31.9492,31.9492,31.9492,31.9492,31.9492,31.9492,31.9492,31.9492,31.9492,31.9492,31.9492,31.9492,31.9492,31.9492,31.9492,31.9492
91,,31.9501,31.9501,31.9501,31.9501,31.9501,31.9501,31.9501,31.9501,31.9501,31.9501,31.9501,31.9501,31.9501,31.9501,31.9444,31.9501,31.9501,31.9501,31.9501,31.9501,31.9501,31.9501,31.9501,31.9501,31.9501,31.9501,31.9501,31.9501,31.9501,31.9501,31.9501,31.9501,31.9501,31.9501,31.9501,31.9501,31.9501,31.9501,31.9501,31.9501,31.9501,31.9501,31.9501,31.9501,31.9501,31.9501,31.9501,31.9501,31.949,31.9501,31.9501,31.9501,31.9501,31.9501,31.9414,31.9501,31.9501,31.9501,31.9501,31.9501,31.9501,31.9501,31.9501,31.9501,31.9501,31.9501,31.9501,31.9501,31.9164,31.9501,31.9501,31.8611,31.9501,31.9501,31.9501,31.9501,31.9501,31.9501,31.9501,31.9501,31.9501,31.9501,31.9501,31.9501,31.9501,31.9501,31.9501,31.9501,31.9501,31.9501,31.9501,31.9501,31.9501,31.9501,31.9501,31.9501
92,,31.9487,31.9487,31.9487,31.9487,31.9487,31.9487,31.9487,31.9487,31.9487,31.9487,31.9487,31.9487,31.9487,31.9487,31.9444,31.9444,31.9487,31.9487,31.9487,31.9487,31.9487,31.9487,31.9487,31.9444,31.9487,31.9487,31.9487,31.9487,31.9487,31.9487,31.9487,31.9487,31.9487,31.9487,31.9487,31.9487,31.9487,31.9487,31.9487,31.9487,31.9487,31.9487,31.9487,31.9487,31.9487,31.9487,31.9487,31.9487,31.9487,31.9487,31.9487,31.9487,31.9487,31.9487,31.9487,31.9487,31.9487,31.9487,31.9487,31.9487,31.9487,31.9487,31.9487,31.9487,31.9487,31.9487,31.9487,31.9487,31.9487,31.9487,31.9487,31.9487,31.9487,31.9487,31.9487,31.9487,31.9487,31.9487,31.9487,31.9487,31.9487,31.9487,31.9487,31.9487,31.9487,31.9487,31.9487,31.9487,31.9487,31.9487,31.9487,31.9487,31.9487,31.9487,31.9487,31.9487
93,,31.9505,31.9505,31.9505,31.9505,31.9505,31.9505,31.9505,31.9505,31.9505,31.9505,31.9505,31.9505,31.9505,31.9505,31.9505,31.9505,31.9505,31.9505,31.9505,31.9505,31.9505,31.9505,31.9505,31.9505,31.9501,31.9401,31.9299,31.9342,31.9382,31.9397,31.9296,31.9299,31.9318,31.9304,31.9415,31.9492,31.9466,31.9451,31.9505,31.9505,31.9505,31.9505,31.9505,31.9505,31.9505,31.9505,31.9505,31.9505,31.9505,31.9505,31.9505,31.9505,31.9505,31.9505,31.9505,31.9505,31.9505,31.9505,31.9505,31.9505,31.9505,31.9505,31.9505,31.9505,31.9505,31.9505,31.9505,31.9505,31.9437,31.9505,31.948,31.9438,31.9505,31.9505,31.9505,31.9505,31.9505,31.9505,31.9505,31.9505,31.9505,31.9505,31.9505,31.9505,31.9505,31.9505,31.9505,31.9505,31.9505,31.9505,31.9505,31.9505,31.9505,31.9505,31.9505,31.9505
94,,31.9444,31.9444,31.95,31.95,31.95,31.9444,31.95,31.9444,31.9444,31.9444,31.95,31.9444,31.9444,31.95,31.95,31.9444,31.9444,31.9444,31.95,31.95,31.9444,31.9444,31.9444,31.9444,31.95,31.9444,31.95,31.95,31.95,31.95,31.95,31.95,31.9444,31.95,31.95,31.95,31.95,31.95,31.9444,31.95,31.95,31.95,31.95,31.95,31.95,31.9444,31.9444,31.95,31.95,31.9444,31.95,31.95,31.95,31.95,31.95,31.95,31.95,31.95,31.95,31.95,31.9444,31.95,31.95,31.95,31.95,31.95,31.95,31.95,31.95,31.95,31.95,31.95,31.95,31.95,31.95,31.95,31.95,31.95,31.95,31.95,31.95,31.95,31.95,31.9444,31.95,31.95,31.95,31.95,31.95,31.95,31.9444,31.95,31.95,31.9444,31.95,31.95
95,,31.9486,31.9486,31.9486,31.9486,31.9486,31.9486,31.9486,31.9486,31.9486,31.9486,31.9486,31.9486,31.9486,31.9486,31.9486,31.9486,31.9486,31.9486,31.9486,31.9486,31.9486,31.9486,31.9486,31.9486,31.9486,31.9486,31.9486,31.9486,31.9486,31.9486,31.9486,31.9442,31.9486,31.9486,31.9486,31.9486,31.9486,31.9486,31.9394,31.9486,31.9486,31.9486,31.9486,31.9486,31.9486,31.9486,31.9486,31.9486,31.9486,31.9486,31.9486,31.9486,31.9486,31.9486,31.9486,31.9486,31.9486,31.9486,31.9486,31.9486,31.9486,31.9486,31.9486,31.9486,31.9486,31.9486,31.9486,31.9486,31.9486,31.941,31.9486,31.9486,31.9486,31.9486,31.9486,31.9486,31.9486,31.9486,31.9486,31.9486,31.9486,31.9486,31.9486,31.9486,31.9486,31.9486,31.9486,31.9486,31.9486,31.9486,31.9486,31.9486,31.9486,31.9486,31.9486,31.9486
96,,31.9536,31.9536,31.9536,31.9536,31.9536,31.9536,31.9536,31.9536,31.9536,31.9536,31.9536,31.9536,31.9536,31.9536,31.9536,31.9536,31.9536,31.9536,31.9536,31.9536,31.9536,31.9536,31.9536,31.9536,31.9536,31.9536,31.9536,31.9483,31.9441,31.9308,31.9319,31.925,31.925,31.925,31.9287,31.9262,31.9341,31.9368,31.9536,31.9536,31.9536,31.9536,31.9536,31.9536,31.9536,31.9536,31.9536,31.9536,31.9536,31.9536,31.9536,31.9536,31.9536,31.9536,31.9536,31.949,31.9499,31.9536,31.9522,31.9536,31.9536,31.9536,31.9527,31.9479,31.9465,31.9411,31.9301,31.925,31.9254,31.9254,31.925,31.925,31.925,31.925,31.9435,31.9536,31.9536,31.952,31.9536,31.9536,31.9536,31.9536,31.9536,31.9536,31.9536,31.9536,31.9536,31.9536,31.9536,31.9536,31.9536,31.9536,31.9536,31.9536,31.9536,31.9536
97,,31.949,31.9444,31.949,31.949,31.949,31.9444,31.949,31.9444,31.949,31.9444,31.949,31.9444,31.9444,31.949,31.949,31.9444,31.9444,31.949,31.949,31.949,31.9444,31.9444,31.9444,31.9444,31.949,31.949,31.9444,31.949,31.949,31.949,31.949,31.949,31.949,31.949,31.949,31.9444,31.949,31.949,31.949,31.949,31.949,31.949,31.949,31.949,31.949,31.949,31.949,31.949,31.949,31.949,31.949,31.949,31.949,31.949,31.949,31.949,31.949,31.949,31.949,31.949,31.949,31.949,31.949,31.949,31.949,31.949,31.949,31.949,31.949,31.949,31.949,31.949,31.949,31.949,31.949,31.949,31.949,31.949,31.949,31.949,31.949,31.949,31.949,31.949,31.949,31.949,31.949,31.949,31.949,31.949,31.949,31.949,31.9444,31.9444,31.949,31.949
98,,31.9483,31.9483,31.9483,31.9483,31.9483,31.9483,31.9483,31.9483,31.9483,31.9483,31.9483,31.9483,31.9483,31.9483,31.9444,31.9483,31.9483,31.9483,31.9483,31.9483,31.9483,31.9483,31.9483,31.9483,31.9483,31.9483,31.9483,31.9483,31.9483,31.9483,31.9483,31.9483,31.9483,31.9483,31.9483,31.9483,31.9483,31.9483,31.9483,31.9483,31.9483,31.9483,31.9483,31.9483,31.9483,31.9483,31.9483,31.9483,31.9483,31.9483,31.9483,31.9483,31.9483,31.9483,31.9483,31.9483,31.9483,31.9483,31.9483,31.9483,31.9483,31.9483,31.9483,31.9483,31.9483,31.9483,31.9483,31.9483,31.9483,31.9483,31.9483,31.9483,31.9483,31.9483,31.9483,31.9483,31.9483,31.9483,31.9483,31.9483,31.9483,31.9483,31.9483,31.9483,31.9483,31.9483,31.9483,31.9483,31.9483,31.9483,31.9483,31.9483,31.9483,31.9483,31.9483,31.9483
99,,31.9497,31.9497,31.9497,31.9497,31.9497,31.9497,31.9497,31.9497,31.9497,31.9497,31.9497,31.9497,31.9497,31.9497,31.9497,31.9497,31.9497,31.9497,31.9497,31.9497,31.9497,31.9497,31.9497,31.9497,31.9497,31.9415,31.9315,31.9371,31.9463,31.9406,31.9288,31.929,31.9318,31.9312,31.945,31.9497,31.9489,31.9462,31.9497,31.9497,31.9497,31.9497,31.9497,31.9497,31.9497,31.9497,31.9497,31.9497,31.9497,31.9497,31.9497,31.9497,31.9497,31.9497,31.9497,31.9497,31.9497,31.9497,31.9497,31.9497,31.9497,31.9497,31.9497,31.9497,31.9497,31.9497,31.9497,31.9497,31.9469,31.9497,31.9488,31.9451,31.9497,31.9497,31.9497,31.9497,31.9497,31.9497,31.9497,31.9497,31.9497,31.9497,31.9497,31.9497,31.9497,31.9497,31.9497,31.9497,31.9497,31.9497,31.9497,31.9497,31.9497,31.9497,31.9497,31.9497
100,,31.9491,31.9491,31.9491,31.9491,31.9491,31.9491,31.9491,31.9491,31.9491,31.9491,31.9491,31.9491,31.9491,31.9491,31.9444,31.9491,31.9491,31.9491,31.9491,31.9491,31.9491,31.9491,31.9491,31.9491,31.9491,31.9491,31.9491,31.9491,31.9363,31.9491,31.941,31.9491,31.9491,31.9491,31.9491,31.9491,31.9491,31.9491,31.9491,31.9299,31.9491,31.9491,31.9491,31.9491,31.9491,31.9491,31.9409,31.9491,31.9491,31.9491,31.9491,31.9491,31.9491,31.9491,31.9491,31.9491,31.946,31.9491,31.9491,31.9491,31.9491,31.9491,31.9491,31.9385,31.9491,31.9491,31.9491,31.9337,31.9491,31.9491,31.9491,31.9491,31.9491,31.9491,31.9491,31.9491,31.9491,31.9491,31.9491,31.9491,31.9491,31.9491,31.9491,31.9491,31.9491,31.9491,31.9491,31.9491,31.9491,31.9491,31.9491,31.9491,31.9491,31.9491,31.9491,31.9491
101,,31.9482,31.9482,31.9482,31.9482,31.9482,31.9444,31.9482,31.9482,31.9482,31.9482,31.9482,31.9482,31.9482,31.9482,31.9482,31.9444,31.9482,31.9482,31.9482,31.9482,31.9482,31.9482,31.9482,31.9482,31.9482,31.9482,31.9482,31.9482,31.9482,31.9482,31.9482,31.9482,31.9482,31.9482,31.9482,31.9482,31.9482,31.9482,31.9482,31.9482,31.9482,31.9482,31.9482,31.9482,31.9482,31.9482,31.9482,31.9482,31.9482,31.9482,31.9482,31.9482,31.9482,31.9482,31.9482,31.9482,31.9482,31.9482,31.9482,31.9482,31.9482,31.9482,31.9482,31.9482,31.9482,31.9482,31.9482,31.9482,31.9482,31.9482,31.9482,31.9482,31.9482,31.9482,31.9482,31.9482,31.9482,31.9482,31.9482,31.9482,31.9482,31.9482,31.9482,31.9482,31.9482,31.9482,31.9482,31.9482,31.9482,31.9482,31.9482,31.9482,31.9482,31.9482,31.9482,31.9482
102,,31.9507,31.9507,31.9507,31.9507,31.9507,31.9507,31.9507,31.9507,31.9507,31.9507,31.9507,31.9507,31.9507,31.9507,31.9507,31.9507,31.9507,31.9507,31.9507,31.9507,31.9507,31.9507,31.9507,31.9507,31.9507,31.9507,31.9502,31.9302,31.9332,31.9284,31.9284,31.9214,31.9253,31.9284,31.9284,31.9408,31.9478,31.9454,31.9507,31.9507,31.9507,31.9507,31.9507,31.9507,31.9493,31.9507,31.9507,31.9507,31.9507,31.9507,31.9507,31.9507,31.9507,31.9507,31.9507,31.9507,31.9507,31.9507,31.9503,31.9507,31.9507,31.9507,31.9507,31.9507,31.9507,31.9507,31.9507,31.9442,31.946,31.9464,31.9325,31.9403,31.9493,31.9507,31.9507,31.9507,31.9507,31.9507,31.9507,31.9507,31.9507,31.9507,31.9507,31.9507,31.9507,31.9507,31.9507,31.9507,31.9507,31.9507,31.9507,31.9507,31.9507,31.9507,31.9507,31.9507
103,,31.948,31.948,31.948,31.948,31.948,31.948,31.948,31.948,31.948,31.948,31.948,31.948,31.948,31.948,31.948,31.948,31.948,31.948,31.948,31.948,31.948,31.948,31.948,31.948,31.948,31.948,31.948,31.948,31.948,31.948,31.948,31.948,31.948,31.948,31.948,31.948,31.948,31.948,31.948,31.948,31.948,31.948,31.948,31.948,31.948,31.948,31.948,31.948,31.948,31.948,31.948,31.948,31.948,31.948,31.948,31.948,31.948,31.948,31.948,31.948,31.948,31.948,31.948,31.948,31.948,31.948,31.948,31.948,31.948,31.948,31.948,31.948,31.948,31.948,31.948,31.948,31.948,31.948,31.948,31.948,31.948,31.948,31.948,31.948,31.948,31.948,31.948,31.948,31.948,31.948,31.948,31.948,31.948,31.948,31.948,31.948
104,,31.9501,31.9501,31.9501,31.9501,31.9501,31.9501,31.9501,31.9501,31.9501,31.9501,31.9501,31.9501,31.9501,31.9501,31.9501,31.9501,31.9501,31.9501,31.9501,31.9501,31.9501,31.9501,31.9501,31.9501,31.9501,31.9501,31.9497,31.9501,31.9471,31.9412,31.9403,31.9422,31.9454,31.9495,31.9501,31.9501,31.9501,31.9501,31.9501,31.9501,31.9501,31.9501,31.9495,31.9501,31.9501,31.9501,31.9501,31.9501,31.9501,31.9501,31.9501,31.9501,31.95,31.9501,31.9479,31.9501,31.9501,31.9463,31.9501,31.9501,31.9498,31.9448,31.946,31.9494,31.944,31.9373,31.9397,31.9371,31.9371,31.9371,31.9371,31.9371,31.9371,31.9371,31.943,31.9391,31.9433,31.9501,31.9501,31.9501,31.9501,31.9501,31.9501,31.9501,31.9501,31.9501,31.9501,31.9501,31.9501,31.9501,31.9501,31.9501,31.9501,31.9501,31.9501,31.9501
105,,31.9481,31.9481,31.9481,31.9481,31.9481,31.9481,31.9481,31.9481,31.9481,31.9481,31.9481,31.9481,31.9481,31.9444,31.9481,31.9444,31.9481,31.9481,31.9481,31.9481,31.9481,31.9481,31.9481,31.9481,31.9481,31.9481,31.9481,31.9481,31.9481,31.9481,31.9481,31.9481,31.9481,31.9481,31.9481,31.9481,31.9481,31.9481,31.9481,31.9481,31.9481,31.9481,31.9481,31.9481,31.9481,31.9481,31.9481,31.9481,31.9481,31.9481,31.9481,31.9481,31.9481,31.9481,31.9481,31.9481,31.9481,31.9481,31.9481,31.9481,31.9481,31.9481,31.9481,31.9481,31.9481,31.9481,31.9481,31.9481,31.9481,31.9481,31.9481,31.9481,31.9481,31.9481,31.9481,31.9481,31.9481,31.9481,31.9481,31.9481,31.9481,31.9481,31.9481,31.9481,31.9481,31.9481,31.9481,31.9481,31.9481,31.9481,31.9481,31.9481,31.9481,31.9481,31.9481,31.9481
106,,31.955,31.955,31.955,31.955,31.955,31.955,31.955,31.955,31.955,31.955,31.955,31.955,31.955,31.955,31.955,31.955,31.955,31.955,31.955,31.9493,31.955,31.955,31.955,31.9396,31.9351,31.9218,31.9167,31.9103,31.9024,31.9149,31.9042,31.9078,31.9114,31.9146,31.9197,31.9218,31.9175,31.9285,31.922,31.9326,31.9484,31.955,31.9511,31.9533,31.9453,31.954,31.954,31.9502,31.955,31.955,31.955,31.955,31.955,31.955,31.955,31.955,31.955,31.9521,31.9549,31.955,31.952,31.9533,31.955,31.955,31.9525,31.953,31.955,31.9509,31.9534,31.9545,31.9508,31.955,31.955,31.955,31.955,31.9514,31.955,31.955,31.955,31.955,31.955,31.955,31.955,31.955,31.955,31.955,31.9546,31.955,31.955,31.955,31.955,31.955,31.955,31.955,31.955,31.955
107,,31.9479,31.9479,31.9479,31.9479,31.9479,31.9479,31.9479,31.9479,31.9479,31.9479,31.9479,31.9479,31.9479,31.9479,31.9479,31.9479,31.9479,31.9479,31.9479,31.9479,31.9479,31.9479,31.9479,31.9479,31.9479,31.9479,31.9479,31.9479,31.9479,31.9479,31.9479,31.9479,31.9479,31.9479,31.9479,31.9479,31.9479,31.9479,31.9479,31.9479,31.9479,31.9479,31.9479,31.9479,31.9479,31.9479,31.9479,31.9479,31.9479,31.9479,31.9479,31.9479,31.9479,31.9479,31.9479,31.9479,31.9479,31.9479,31.9479,31.9479,31.9479,31.9479,31.9479,31.9479,31.9479,31.9479,31.9479,31.9479,31.9479,31.9479,31.9479,31.9479,31.9479,31.9479,31.9479,31.9479,31.9479,31.9479,31.9479,31.9479,31.9479,31.9479,31.9479,31.9479,31.9479,31.9479,31.9479,31.9479,31.9479,31.9479,31.9479,31.9479,31.9479,31.9479,31.9479,31.9479
108,,31.9479,31.9479,31.9479,31.9479,31.9479,31.9479,31.9479,31.9479,31.9479,31.9479,31.9479,31.9479,31.9479,31.9479,31.9479,31.9479,31.9479,31.9479,31.9479,31.9479,31.9479,31.9479,31.9479,31.9479,31.9479,31.9479,31.9479,31.9479,31.9479,31.9479,31.9479,31.9479,31.9479,31.9479,31.9479,31.9479,31.9479,31.9479,31.9479,31.9479,31.9479,31.9479,31.9479,31.9479,31.9479,31.9479,31.9479,31.9479,31.9479,31.9479,31.9479,31.9479,31.9479,31.9479,31.9479,31.9479,31.9479,31.9479,31.9479,31.9479,31.9479,31.9479,31.9479,31.9479,31.9479,31.9479,31.9479,31.9479,31.9479,31.9479,31.9479,31.9479,31.9479,31.9479,31.9479,31.9479,31.9479,31.9479,31.9479,31.9479,31.9479,31.9479,31.9479,31.9479,31.9479,31.9479,31.9479,31.9479,31.9479,31.9479,31.9479,31.9479,31.9479,31.9479,31.9479,31.9479
109,,31.948,31.948,31.948,31.948,31.948,31.948,31.948,31.948,31.948,31.948,31.948,31.948,31.948,31.9444,31.9444,31.9444,31.948,31.948,31.948,31.948,31.948,31.948,31.948,31.948,31.948,31.948,31.948,31.948,31.948,31.948,31.948,31.948,31.948,31.948,31.948,31.948,31.948,31.948,31.948,31.948,31.948,31.948,31.948,31.948,31.948,31.948,31.948,31.948,31.948,31.948,31.948,31.948,31.948,31.948,31.948,31.948,31.948,31.948,31.948,31.948,31.948,31.948,31.948,31.948,31.948,31.948,31.948,31.948,31.948,31.948,31.948,31.948,31.948,31.948,31.948,31.948,31.948,31.948,31.948,31.948,31.948,31.948,31.948,31.948,31.948,31.948,31.948,31.948,31.948,31.948,31.948,31.948,31.948,31.948,31.948,31.948
110,,31.9479,31.9479,31.9479,31.9479,31.9479,31.9479,31.9479,31.9479,31.9479,31.9479,31.9479,31.9479,31.9479,31.9479,31.9444,31.9444,31.9479,31.9479,31.9479,31.9479,31.9479,31.9479,31.9479,31.9479,31.9479,31.9479,31.9479,31.9479,31.9479,31.9479,31.9479,31.9479,31.9479,31.9479,31.9479,31.9479,31.9479,31.9479,31.9479,31.9479,31.9479,31.9479,31.9479,31.9479,31.9479,31.9479,31.9479,31.9479,31.9479,31.9479,31.9479,31.9479,31.9479,31.9479,31.9479,31.9479,31.9479,31.9479,31.9479,31.9479,31.9479,31.9479,31.9479,31.9479,31.9479,31.9479,31.9479,31.9479,31.9479,31.9479,31.9479,31.9479,31.9479,31.9479,31.9479,31.9479,31.9479,31.9463,31.9479,31.9479,31.9479,31.9479,31.9479,31.9479,31.9479,31.9479,31.9479,31.9479,31.9479,31.9479,31.9479,31.9479,31.9479,31.9479,31.9479,31.9479
111,,31.9479,31.9479,31.9479,31.9479,31.9479,31.9479,31.9479,31.9479,31.9479,31.9479,31.9479,31.9479,31.9479,31.9479,31.9444,31.9444,31.9479,31.9479,31.9479,31.9479,31.9479,31.9479,31.9479,31.9479,31.9479,31.9479,31.9479,31.9479,31.9479,31.9479,31.9479,31.9479,31.9479,31.9479,31.9479,31.9479,31.9479,31.9479,31.9479,31.9479,31.9479,31.9479,31.9479,31.9479,31.9479,31.9479,31.9479,31.9479,31.9479,31.9479,31.9479,31.9479,31.9479,31.9479,31.9479,31.9479,31.9479,31.9479,31.9479,31.9479,31.9479,31.9479,31.9479,31.9479,31.9479,31.9479,31.9479,31.9479,31.9479,31.9479,31.9479,31.9479,31.9479,31.9479,31.9479,31.9479,31.9479,31.9479,31.9479,31.9479,31.9479,31.9479,31.9479,31.9479,31.9479,31.9479,31.9479,31.9479,31.9479,31.9479,31.9479,31.9479,31.9479,31.9479,31.9479,31.9479
112,,31.9483,31.9483,31.9483,31.9483,31.9483,31.9483,31.9483,31.9483,31.9483,31.9483,31.9483,31.9483,31.9483,31.9483,31.9483,31.9483,31.9483,31.9483,31.9483,31.9483,31.9483,31.9483,31.9483,31.9483,31.9483,31.9471,31.9421,31.9473,31.9414,31.9483,31.9482,31.9444,31.9439,31.9469,31.9481,31.9461,31.9483,31.9448,31.9483,31.9469,31.9483,31.9483,31.9483,31.9483,31.948,31.9483,31.9483,31.9483,31.9483,31.9469,31.945,31.9468,31.9483,31.9483,31.9483,31.9483,31.947,31.9483,31.9483,31.9483,31.9468,31.9483,31.9466,31.9483,31.9483,31.9483,31.9483,31.9483,31.9483,31.9483,31.9483,31.9483,31.9483,31.9483,31.9483,31.9483,31.9483,31.9483,31.9483,31.9483,31.9468,31.9483,31.9483,31.9483,31.9483,31.9483,31.9483,31.9483,31.9483,31.9483,31.9483,31.9483,31.9483,31.9483,31.9483,31.9483
113,,31.9478,31.9478,31.9478,31.9478,31.9478,31.9478,31.9478,31.9478,31.9478,31.9478,31.9478,31.9478,31.9478,31.9478,31.9478,31.9478,31.9478,31.9478,31.9478,31.9478,31.9478,31.9478,31.9478,31.9478,31.9478,31.9478,31.9478,31.9478,31.9478,31.9478,31.9478,31.9478,31.9478,31.9478,31.9478,31.9478,31.9478,31.9478,31.9478,31.9478,31.9478,31.9478,31.9478,31.9478,31.9478,31.9478,31.9478,31.9478,31.9478,31.9478,31.9478,31.9478,31.9478,31.9478,31.9478,31.9478,31.9478,31.9478,31.9478,31.9478,31.9478,31.9478,31.9478,31.9478,31.9478,31.9478,31.9478,31.9478,31.9478,31.9478,31.9478,31.9478,31.9478,31.9478,31.9478,31.9478,31.9478,31.9478,31.9478,31.9478,31.9478,31.9478,31.9478,31.9478,31.9478,31.9478,31.9478,31.9478,31.9478,31.9478,31.9478,31.9478,31.9478,31.9478,31.9478,31.9478
114,,31.9539,31.9539,31.9539,31.9539,31.9539,31.9539,31.9539,31.9539,31.9539,31.9539,31.9539,31.9539,31.9539,31.9539,31.9539,31.9539,31.9539,31.9539,31.9539,31.9539,31.9539,31.9539,31.9539,31.9539,31.9539,31.9539,31.9539,31.9539,31.9539,31.9539,31.9521,31.9467,31.943,31.9519,31.9534,31.953,31.9539,31.9539,31.9539,31.9491,31.9539,31.9463,31.9432,31.9519,31.9446,31.9394,31.9523,31.9413,31.9523,31.9493,31.9482,31.9523,31.943,31.9451,31.9366,31.9428,31.941,31.9451,31.9447,31.9346,31.9405,31.9345,31.934,31.934,31.934,31.934,31.934,31.934,31.934,31.934,31.934,31.934,31.934,31.934,31.934,31.934,31.934,31.934,31.9457,31.9375,31.9451,31.9491,31.9521,31.9521,31.9499,31.9539,31.9539,31.9539,31.9539,31.9539,31.9539,31.9539,31.9539,31.9539,31.9539,31.9539
115,,31.9562,31.9562,31.9562,31.9562,31.9562,31.9562,31.9562,31.9562,31.9562,31.9562,31.9562,31.9562,31.9562,31.9562,31.9562,31.9562,31.9562,31.9562,31.9562,31.9562,31.9562,31.9562,31.9562,31.9562,31.9537,31.9276,31.9268,31.925,31.925,31.925,31.925,31.925,31.925,31.925,31.925,31.925,31.9323,31.9518,31.9416,31.9544,31.955,31.9521,31.9435,31.9562,31.9311,31.9412,31.9489,31.9552,31.9536,31.9562,31.9562,31.9551,31.9562,31.9562,31.9562,31.9562,31.9536,31.9509,31.9464,31.9562,31.9423,31.9331,31.9305,31.9455,31.925,31.925,31.925,31.925,31.925,31.925,31.925,31.925,31.9433,31.9562,31.9535,31.9506,31.9544,31.9562,31.9562,31.9562,31.9562,31.9562,31.9562,31.9562,31.9562,31.9562,31.9562,31.9562,31.9562,31.9562,31.9562,31.9562,31.9562,31.9562,31.9562,31.9562
116,,31.9477,31.9477,31.9477,31.9477,31.9477,31.9477,31.9477,31.9477,31.9477,31.9477,31.9477,31.9477,31.9477,31.9444,31.9477,31.9444,31.9477,31.9477,31.9477,31.9477,31.9477,31.9477,31.9477,31.9477,31.9477,31.9477,31.9477,31.9477,31.9477,31.9477,31.9477,31.9477,31.9477,31.9477,31.9477,31.9477,31.9477,31.9477,31.9477,31.9477,31.9477,31.9477,31.9477,31.9477,31.9477,31.9477,31.9477,31.9477,31.9477,31.9477,31.9477,31.9477,31.9477,31.9477,31.9477,31.9477,31.9477,31.9477,31.9477,31.9477,31.9477,31.9477,31.9477,31.9477,31.9477,31.9477,31.9477,31.9477,31.9477,31.9477,31.9477,31.9477,31.9477,31.9477,31.9477,31.9477,31.9477,31.9477,31.9477,31.9477,31.9477,31.9477,31.9477,31.9477,31.9477,31.9477,31.9477,31.9477,31.9477,31.9477,31.9477,31.9477,31.9477,31.9477,31.9477,31.9477
117,,31.9477,31.9477,31.9444,31.9477,31.9477,31.9477,31.9477,31.9444,31.9477,31.9477,31.9477,31.9477,31.9477,31.9477,31.9477,31.9477,31.9477,31.9477,31.9477,31.9477,31.9477,31.9477,31.9477,31.9477,31.9477,31.9477,31.9477,31.9477,31.9477,31.9477,31.9477,31.9477,31.9477,31.9477,31.9477,31.9477,31.9477,31.9477,31.9477,31.9477,31.9477,31.9477,31.9477,31.9477,31.9477,31.9477,31.9477,31.9477,31.9477,31.9477,31.9477,31.9477,31.9477,31.9477,31.9477,31.9477,31.9477,31.9477,31.9477,31.9477,31.9477,31.9477,31.9477,31.9477,31.9477,31.9477,31.9477,31.9477,31.9477,31.9477,31.9477,31.9477,31.9477,31.9477,31.9477,31.9477,31.9477,31.9477,31.9477,31.9477,31.9477,31.9477,31.9477,31.9477,31.9477,31.9477,31.9477,31.9477,31.9477,31.9477,31.9477,31.9477,31.9477,31.9477,31.9477,31.9477
118,,31.9479,31.9479,31.9479,31.9479,31.9479,31.9479,31.9479,31.9479,31.9479,31.9479,31.9479,31.9479,31.9479,31.9479,31.9479,31.9479,31.9479,31.9479,31.9479,31.9479,31.9479,31.9479,31.9479,31.9479,31.9479,31.9479,31.9479,31.9479,31.9479,31.9467,31.9479,31.9479,31.946,31.9473,31.9479,31.9479,31.9479,31.9468,31.9479,31.9471,31.9479,31.9479,31.9479,31.9475,31.9475,31.9479,31.9477,31.9441,31.9479,31.9479,31.9479,31.9479,31.9479,31.9447,31.9477,31.9479,31.947,31.9468,31.9479,31.9479,31.9467,31.9452,31.9403,31.9462,31.9472,31.9452,31.9473,31.9476,31.9479,31.9475,31.9479,31.9479,31.9479,31.9479,31.9479,31.9479,31.9479,31.9479,31.9479,31.9479,31.9479,31.9479,31.9479,31.9479,31.9479,31.9479,31.9479,31.9479,31.9479,31.9479,31.9479,31.9479,31.9479,31.9479,31.9479,31.9479
119,,31.9504,31.9504,31.9504,31.9504,31.9504,31.9504,31.9504,31.9504,31.9504,31.9504,31.9504,31.9504,31.9504,31.9504,31.9504,31.9504,31.9504,31.9504,31.9504,31.9504,31.9504,31.9504,31.9504,31.9504,31.9504,31.9504,31.95,31.9355,31.9441,31.9289,31.9261,31.9264,31.9264,31.9264,31.9325,31.9476,31.95,31.9503,31.9504,31.9504,31.9504,31.9504,31.9504,31.9504,31.9504,31.9504,31.9504,31.9504,31.9504,31.9504,31.9504,31.9504,31.9504,31.9504,31.9504,31.9504,31.9504,31.9504,31.9504,31.9504,31.9504,31.9504,31.9504,31.9445,31.9499,31.9475,31.9363,31.9489,31.9402,31.9264,31.9385,31.9329,31.9264,31.9426,31.9504,31.9504,31.9504,31.9504,31.9504,31.9504,31.9504,31.9504,31.9504,31.9504,31.9504,31.9504,31.9504,31.9504,31.9504,31.9504,31.9504,31.9504,31.9504,31.9504,31.9504,31.9504
120,,31.9475,31.9475,31.9475,31.9475,31.9475,31.9475,31.9475,31.9475,31.9475,31.9475,31.9475,31.9475,31.9475,31.9475,31.9475,31.9475,31.9475,31.9475,31.9475,31.9475,31.9475,31.9475,31.9475,31.9475,31.9475,31.9475,31.9475,31.9475,31.9475,31.9475,31.9475,31.9475,31.9475,31.9475,31.9475,31.9475,31.9475,31.9475,31.9475,31.9475,31.9475,31.9475,31.9475,31.9475,31.9475,31.9475,31.9475,31.9475,31.9475,31.9475,31.9475,31.9475,31.9475,31.9475,31.9475,31.9475,31.9475,31.9475,31.9475,31.9475,31.9475,31.9475,31.9475,31.9475,31.9475,31.9475,31.9475,31.9475,31.9475,31.9475,31.9475,31.9475,31.9475,31.9475,31.9475,31.9475,31.9475,31.9475,31.9475,31.9475,31.9475,31.9475,31.9475,31.9475,31.9475,31.9475,31.9475,31.9475,31.9475,31.9475,31.9475,31.9475,31.9475,31.9475,31.9475,31.9475
121,,31.9584,31.9584,31.9584,31.9584,31.9584,31.9584,31.9584,31.9584,31.9584,31.9584,31.9584,31.9584,31.9584,31.9584,31.9584,31.9584,31.9584,31.9584,31.9584,31.9584,31.9584,31.9584,31.9584,31.9584,31.9584,31.9584,31.9584,31.9584,31.9584,31.9584,31.9482,31.9584,31.9524,31.9398,31.9491,31.9568,31.9584,31.9584,31.9584,31.9584,31.9553,31.9584,31.9584,31.9529,31.9449,31.948,31.9408,31.9437,31.9495,31.9483,31.9403,31.9485,31.9281,31.9369,31.9381,31.931,31.9297,31.9357,31.9299,31.9298,31.9278,31.9293,31.9278,31.9278,31.9278,31.9278,31.9278,31.9278,31.9278,31.9276,31.9278,31.9186,31.9245,31.9278,31.9278,31.9278,31.9278,31.9278,31.9278,31.9287,31.9464,31.9379,31.9375,31.9495,31.9584,31.9569,31.9584,31.9584,31.9584,31.9584,31.9584,31.9584,31.9584,31.9584,31.9584,31.9584
122,,31.9475,31.9475,31.9475,31.9475,31.9475,31.9475,31.9475,31.9475,31.9475,31.9475,31.9475,31.9475,31.9475,31.9475,31.9475,31.9475,31.9475,31.9475,31.9475,31.9475,31.9475,31.9475,31.9475,31.9475,31.9475,31.9475,31.9475,31.9475,31.9475,31.9475,31.9475,31.9475,31.9475,31.9475,31.9475,31.9475,31.9475,31.9475,31.9475,31.9475,31.9475,31.9475,31.9475,31.9475,31.9475,31.9475,31.9475,31.9475,31.9475,31.9475,31.9475,31.9475,31.9475,31.9475,31.9475,31.9475,31.9475,31.9475,31.9475,31.9475,31.9475,31.9475,31.9475,31.9475,31.9475,31.9475,31.9475,31.9475,31.9475,31.9475,31.9475,31.9475,31.9475,31.9475,31.9475,31.9475,31.9475,31.9475,31.9475,31.9475,31.9475,31.9475,31.9475,31.9475,31.9475,31.9475,31.9475,31.9475,31.9475,31.9475,31.9475,31.9475,31.9475,31.9475,31.9475,31.9475
123,,31.9477,31.9477,31.9477,31.9477,31.9477,31.9477,31.9477,31.9477,31.9477,31.9477,31.9477,31.9477,31.9477,31.9477,31.9477,31.9477,31.9477,31.9477,31.9477,31.9477,31.9477,31.9477,31.9477,31.9477,31.9477,31.9477,31.9477,31.9477,31.9477,31.9477,31.9474,31.9467,31.9477,31.9477,31.9477,31.9477,31.9477,31.9477,31.9477,31.9477,31.9477,31.9477,31.9477,31.9477,31.9477,31.9477,31.9477,31.9477,31.9477,31.9477,31.9477,31.9477,31.9477,31.9477,31.9475,31.9477,31.9477,31.9477,31.9477,31.9477,31.9477,31.9462,31.9471,31.9471,31.9477,31.9477,31.9477,31.9477,31.9391,31.9438,31.9453,31.9475,31.9467,31.9477,31.9477,31.9477,31.9477,31.9477,31.9477,31.9477,31.9477,31.9477,31.9477,31.9477,31.9477,31.9477,31.9477,31.9477,31.9477,31.9477,31.9477,31.9477,31.9477,31.9477,31.9477,31.9477
124,,31.9492,31.9492,31.9492,31.9492,31.9492,31.9492,31.9492,31.9492,31.9492,31.9492,31.9492,31.9492,31.9492,31.9492,31.9492,31.9492,31.9492,31.9492,31.9492,31.9492,31.9492,31.9492,31.9492,31.9492,31.9492,31.9492,31.9492,31.9492,31.9492,31.9492,31.9492,31.9492,31.9492,31.9426,31.9298,31.9492,31.9265,31.9236,31.9492,31.9474,31.9492,31.9492,31.9492,31.9492,31.9492,31.9492,31.9492,31.9492,31.9492,31.9359,31.9465,31.9492,31.9492,31.9492,31.9492,31.9492,31.9492,31.9343,31.9436,31.9492,31.9492,31.9492,31.9492,31.9492,31.9489,31.9472,31.9435,31.9492,31.9483,31.9394,31.949,31.945,31.9489,31.9492,31.9492,31.9492,31.9492,31.9492,31.9492,31.9492,31.9492,31.9492,31.9492,31.9144,31.9492,31.9492,31.9492,31.9492,31.9492,31.9492,31.9492,31.9492,31.9492,31.9492,31.9492,31.9492
125,,31.9528,31.9528,31.9528,31.9528,31.9528,31.9528,31.9528,31.9528,31.9528,31.9528,31.9528,31.9528,31.9528,31.9528,31.9528,31.9528,31.9528,31.9528,31.9528,31.9528,31.9528,31.9528,31.9528,31.9528,31.9528,31.9528,31.9528,31.9528,31.9528,31.9279,31.9214,31.942,31.9525,31.929,31.9525,31.9258,31.9528,31.9528,31.9528,31.9528,31.9528,31.9528,31.9528,31.9528,31.9528,31.9214,31.9528,31.923,31.9528,31.9528,31.9528,31.9528,31.9528,31.9338,31.9229,31.9528,31.9423,31.9528,31.9528,31.9231,31.9468,31.9528,31.9528,31.9528,31.9287,31.9528,31.9528,31.9317,31.9528,31.9267,31.9528,31.9461,31.9233,31.9528,31.9528,31.9528,31.9107,31.9528,31.9528,31.9528,31.9528,31.9528,31.9528,31.9528,31.9528,31.9528,31.9528,31.8811,31.9528,31.9293,31.9528,31.9528,31.9528,31.9528,31.9528,31.9528
126,,31.9473,31.9473,31.9473,31.9473,31.9473,31.9473,31.9473,31.9473,31.9473,31.9473,31.9473,31.9473,31.9473,31.9473,31.9473,31.9473,31.9473,31.9473,31.9473,31.9473,31.9473,31.9473,31.9473,31.9473,31.9473,31.9473,31.9473,31.9473,31.9473,31.9473,31.9473,31.9473,31.9473,31.9473,31.9473,31.9473,31.9473,31.9473,31.9473,31.9473,31.9473,31.9473,31.9473,31.9473,31.9473,31.9473,31.9473,31.9473,31.9473,31.9473,31.9473,31.9473,31.9473,31.9473,31.9473,31.9473,31.9473,31.9473,31.9473,31.9473,31.9473,31.9473,31.9473,31.9473,31.9473,31.9473,31.9473,31.9473,31.9473,31.9473,31.9473,31.9473,31.9473,31.9473,31.9473,31.9473,31.9473,31.9473,31.9473,31.9473,31.9473,31.9473,31.9473,31.9473,31.9473,31.9473,31.9473,31.9473,31.9473,31.9473,31.9473,31.9473,31.9473,31.9473,31.9473,31.9473
127,,31.9444,31.9474,31.9474,31.9474,31.9474,31.9474,31.9474,31.9474,31.9474,31.9474,31.9474,31.9474,31.9474,31.9474,31.9474,31.9474,31.9474,31.9474,31.9474,31.9474,31.9474,31.9474,31.9474,31.9474,31.9474,31.9474,31.9474,31.9474,31.9474,31.9474,31.9474,31.9474,31.9474,31.9474,31.9474,31.9474,31.9474,31.9474,31.9474,31.9474,31.9474,31.9474,31.9474,31.9474,31.9474,31.9474,31.9474,31.9474,31.9474,31.9474,31.9474,31.9474,31.9474,31.9474,31.9474,31.9474,31.9474,31.9474,31.9474,31.9474,31.9474,31.9474,31.9474,31.9474,31.9474,31.9474,31.9474,31.9474,31.9474,31.9474,31.9474,31.9474,31.9474,31.9474,31.9474,31.9474,31.9474,31.9474,31.9474,31.9474,31.9474,31.9474,31.9474,31.9474,31.9474,31.9474,31.9474,31.9474,31.9474,31.9474,31.9474,31.9474,31.9474,31.9474,31.9474,31.9474
128,,31.9483,31.9483,31.9483,31.9483,31.9483,31.9483,31.9483,31.9483,31.9483,31.9483,31.9483,31.9483,31.9483,31.9483,31.9483,31.9483,31.9483,31.9483,31.9483,31.9483,31.9483,31.9483,31.9483,31.9483,31.9483,31.9483,31.9483,31.9478,31.9483,31.9479,31.946,31.9428,31.9399,31.9377,31.9386,31.9483,31.9483,31.948,31.9465,31.9483,31.9483,31.9483,31.9483,31.9483,31.9483,31.948,31.9475,31.948,31.9479,31.9483,31.9483,31.9483,31.9483,31.9474,31.946,31.9483,31.9464,31.9483,31.9453,31.9454,31.9465,31.9426,31.9482,31.946,31.9461,31.9483,31.9471,31.9448,31.9456,31.9469,31.944,31.941,31.938,31.948,31.9483,31.9483,31.9483,31.9478,31.9483,31.9483,31.9483,31.9483,31.9483,31.9483,31.9483,31.9483,31.9483,31.9483,31.9483,31.9483,31.9483,31.9483,31.9483,31.9483,31.9483,31.9483
129,,31.9475,31.9475,31.9475,31.9475,31.9475,31.9475,31.9475,31.9475,31.9475,31.9475,31.9475,31.9475,31.9475,31.9475,31.9475,31.9475,31.9475,31.9475,31.9475,31.9475,31.9475,31.9475,31.9475,31.9475,31.9475,31.9475,31.9475,31.9475,31.9475,31.9475,31.9475,31.9475,31.9475,31.9475,31.9409,31.9475,31.9475,31.9475,31.9412,31.9475,31.9475,31.9475,31.9475,31.9475,31.9475,31.9475,31.9475,31.9475,31.9475,31.9475,31.9475,31.9475,31.9475,31.9475,31.9475,31.9475,31.9475,31.9475,31.9475,31.945,31.9475,31.9475,31.9475,31.9475,31.9475,31.9475,31.9475,31.9475,31.9475,31.9475,31.9475,31.9475,31.9475,31.9475,31.9475,31.9475,31.9475,31.9475,31.9475,31.9475,31.9475,31.9475,31.9475,31.9475,31.9475,31.9475,31.9475,31.9475,31.9475,31.9475,31.9475,31.9475,31.9475,31.9475,31.9475,31.9475
130,,31.9492,31.9492,31.9492,31.9492,31.9492,31.9492,31.9492,31.9492,31.9492,31.9492,31.9492,31.9492,31.9492,31.9492,31.9492,31.9492,31.9492,31.9492,31.9492,31.9492,31.9492,31.9492,31.9492,31.9492,31.9492,31.9437,31.9399,31.9437,31.9338,31.934,31.9319,31.9315,31.9408,31.9394,31.9367,31.9368,31.9448,31.9492,31.9492,31.9492,31.9492,31.9488,31.9492,31.9492,31.9473,31.9492,31.9492,31.9492,31.9492,31.9492,31.9492,31.9492,31.9492,31.9465,31.9435,31.9492,31.9492,31.9492,31.9492,31.9492,31.9491,31.9492,31.9458,31.9492,31.9492,31.9486,31.9433,31.9491,31.9416,31.9455,31.9379,31.947,31.9451,31.9492,31.9492,31.9492,31.9492,31.9492,31.9492,31.9492,31.9492,31.9492,31.9492,31.9492,31.9492,31.9492,31.9492,31.9492,31.9492,31.9492,31.9492,31.9492,31.9492,31.9492,31.9492,31.9492
131,,31.9476,31.9476,31.9476,31.9476,31.9476,31.9476,31.9476,31.9444,31.9476,31.9476,31.9476,31.9476,31.9476,31.9476,31.9476,31.9476,31.9476,31.9476,31.9476,31.9476,31.9476,31.9476,31.9476,31.9476,31.9476,31.9476,31.9476,31.9476,31.9476,31.9476,31.9387,31.9406,31.9433,31.9476,31.9476,31.9441,31.9476,31.9476,31.9476,31.9476,31.9476,31.9476,31.9476,31.9476,31.9476,31.9476,31.9476,31.9476,31.9476,31.9476,31.9476,31.9476,31.9476,31.9476,31.9476,31.9476,31.9476,31.9476,31.9476,31.9476,31.9476,31.9473,31.9476,31.9476,31.9476,31.9476,31.9476,31.9476,31.9476,31.9452,31.9467,31.9476,31.9476,31.9476,31.9476,31.9476,31.9476,31.9476,31.9476,31.9476,31.9476,31.9476,31.9476,31.9476,31.9476,31.9476,31.9476,31.9476,31.9476,31.9476,31.9476,31.9476,31.9476,31.9476,31.9476,31.9476
132,,31.9473,31.9473,31.9473,31.9473,31.9473,31.9473,31.9473,31.9473,31.9473,31.9473,31.9473,31.9473,31.9473,31.9473,31.9444,31.9473,31.9473,31.9473,31.9473,31.9473,31.9473,31.9473,31.9473,31.9473,31.9473,31.9473,31.9473,31.9473,31.9473,31.9473,31.9473,31.9473,31.9473,31.9473,31.9473,31.9473,31.9473,31.9473,31.9473,31.9473,31.9473,31.9473,31.9473,31.9473,31.9473,31.9473,31.9473,31.9473,31.9473,31.9473,31.9473,31.9473,31.9473,31.9473,31.9473,31.9473,31.9473,31.9473,31.9473,31.9473,31.9473,31.9473,31.9473,31.9473,31.9473,31.9473,31.9473,31.9473,31.9473,31.9473,31.9473,31.9473,31.9473,31.9473,31.9473,31.9473,31.9473,31.9473,31.9473,31.9473,31.9473,31.9473,31.9473,31.9473,31.9473,31.9473,31.9473,31.9473,31.9473,31.9473,31.9473,31.9473,31.9473,31.9473,31.9473,31.9473
133,,31.9473,31.9473,31.9473,31.9473,31.9473,31.9473,31.9473,31.9473,31.9473,31.9473,31.9473,31.9473,31.9473,31.9473,31.9444,31.9444,31.9473,31.9473,31.9473,31.9473,31.9473,31.9473,31.9473,31.9473,31.9473,31.9473,31.9473,31.9473,31.9473,31.9473,31.9473,31.9473,31.9473,31.9473,31.9473,31.9473,31.9473,31.9473,31.9473,31.9473,31.9473,31.9473,31.9473,31.9473,31.9473,31.9473,31.9473,31.9473,31.9473,31.9473,31.9473,31.9473,31.9473,31.9473,31.9473,31.9473,31.9473,31.9473,31.9473,31.9473,31.9473,31.9473,31.9473,31.9473,31.9473,31.9473,31.9473,31.9473,31.9473,31.9473,31.9473,31.9473,31.9473,31.9473,31.9473,31.9473,31.9473,31.9473,31.9473,31.9473,31.9473,31.9473,31.9473,31.9473,31.9473,31.9473,31.9473,31.9473,31.9473,31.9473,31.9473,31.9473,31.9473,31.9473,31.9473,31.9473
134,,31.9487,31.9487,31.9487,31.9487,31.9487,31.9487,31.9487,31.9487,31.9487,31.9487,31.9487,31.9487,31.9487,31.9487,31.9487,31.9487,31.9487,31.9487,31.9487,31.9487,31.9487,31.9487,31.9487,31.9487,31.9487,31.9487,31.9487,31.9487,31.9487,31.9487,31.9487,31.9458,31.9462,31.9459,31.9463,31.9481,31.9487,31.9487,31.9487,31.9487,31.9487,31.9487,31.9486,31.9486,31.9478,31.9485,31.9486,31.9487,31.9404,31.9485,31.9487,31.9476,31.9487,31.9475,31.9464,31.9487,31.9463,31.9467,31.9425,31.9467,31.9422,31.9416,31.9422,31.9463,31.9442,31.9427,31.9436,31.938,31.9401,31.9394,31.9395,31.9365,31.9449,31.9447,31.9471,31.9486,31.9464,31.9487,31.9487,31.9487,31.9487,31.9487,31.9487,31.9487,31.9487,31.9487,31.9487,31.9487,31.9487,31.9487,31.9487,31.9487,31.9487,31.9487,31.9487,31.9487
135,,31.9492,31.9492,31.9492,31.9492,31.9492,31.9492,31.9492,31.9492,31.9492,31.9492,31.9492,31.9492,31.9492,31.9492,31.9492,31.9492,31.9492,31.9492,31.9492,31.9492,31.9492,31.9492,31.9492,31.9492,31.9492,31.9492,31.9492,31.9492,31.9492,31.9492,31.9425,31.9491,31.943,31.9418,31.9492,31.9492,31.9492,31.9492,31.9492,31.9492,31.9492,31.9492,31.9485,31.9492,31.9492,31.9492,31.9492,31.9492,31.9492,31.9492,31.9492,31.9492,31.9492,31.9492,31.9467,31.9487,31.9492,31.9492,31.9492,31.9492,31.9451,31.9492,31.9481,31.9368,31.9404,31.9379,31.9337,31.9387,31.9328,31.9328,31.9328,31.9328,31.9328,31.9405,31.9458,31.9492,31.9492,31.9486,31.9492,31.9492,31.9492,31.9492,31.9492,31.9492,31.9492,31.9492,31.9492,31.9492,31.9492,31.9492,31.9492,31.9492,31.9492,31.9492,31.9492,31.9492
136,,31.9581,31.9581,31.9581,31.9581,31.9581,31.9581,31.9581,31.9581,31.9581,31.9581,31.9581,31.9581,31.9581,31.9581,31.9581,31.9581,31.9581,31.9581,31.9581,31.9581,31.9581,31.9581,31.9581,31.9386,31.9324,31.9213,31.922,31.9206,31.8914,31.9217,31.9132,31.9173,31.9202,31.9207,31.9227,31.9226,31.9227,31.9293,31.9237,31.9199,31.9324,31.9384,31.9181,31.9545,31.9379,31.9566,31.9557,31.9546,31.9581,31.9581,31.9581,31.9581,31.9581,31.9581,31.9322,31.9581,31.9553,31.9581,31.9473,31.9581,31.9581,31.9581,31.9034,31.9581,31.9581,31.9581,31.9205,31.9173,31.9579,31.9581,31.9288,31.9581,31.9581,31.9529,31.9581,31.9464,31.9071,31.9581,31.9581,31.9278,31.9581,31.9581,31.9581,31.9581,31.9581,31.9581,31.9581,31.9581,31.9581,31.9581,31.9581,31.9581,31.9581,31.9581,31.9581,31.9581
137,,31.9497,31.9497,31.9497,31.9497,31.9497,31.9497,31.9497,31.9497,31.9497,31.9497,31.9497,31.9497,31.9497,31.9497,31.9497,31.9497,31.9497,31.9497,31.9497,31.9497,31.9497,31.9497,31.9497,31.9497,31.9497,31.9497,31.9486,31.9494,31.9488,31.9442,31.9395,31.9432,31.9419,31.9469,31.9497,31.9478,31.9456,31.9455,31.9497,31.9497,31.9484,31.9474,31.9494,31.9476,31.9497,31.9463,31.9497,31.9497,31.9497,31.9497,31.947,31.9475,31.9494,31.9477,31.9497,31.9453,31.9497,31.9497,31.9497,31.9436,31.9351,31.9489,31.9445,31.9394,31.9409,31.9392,31.9318,31.9361,31.9346,31.9248,31.9329,31.9304,31.9459,31.9497,31.9484,31.9497,31.949,31.9497,31.9497,31.9497,31.9497,31.9497,31.9497,31.9497,31.9497,31.9497,31.9497,31.9497,31.9497,31.9497,31.9497,31.9497,31.9497,31.9497,31.9497,31.9497
138,,31.9472,31.9472,31.9444,31.9472,31.9472,31.9472,31.9472,31.9472,31.9472,31.9472,31.9472,31.9472,31.9472,31.9444,31.9472,31.9444,31.9472,31.9472,31.9472,31.9472,31.9472,31.9472,31.9472,31.9472,31.9472,31.9472,31.9472,31.9472,31.9472,31.9472,31.9472,31.9472,31.9472,31.9472,31.9472,31.9472,31.9472,31.9472,31.9472,31.9472,31.9472,31.9472,31.9472,31.9472,31.9472,31.9472,31.9472,31.9472,31.9472,31.9472,31.9472,31.9472,31.9472,31.9472,31.9472,31.9472,31.9472,31.9472,31.9472,31.9472,31.9472,31.9472,31.9472,31.9472,31.9472,31.9472,31.9472,31.9472,31.9472,31.9472,31.9472,31.9472,31.9472,31.9472,31.9472,31.9472,31.9472,31.9472,31.9472,31.9472,31.9472,31.9472,31.9472,31.9472,31.9472,31.9472,31.9472,31.9472,31.9472,31.9472,31.9472,31.9472,31.9472,31.9472,31.9472,31.9472
139,,31.948,31.948,31.948,31.948,31.948,31.948,31.948,31.948,31.948,31.948,31.948,31.948,31.948,31.948,31.948,31.948,31.948,31.948,31.948,31.948,31.948,31.948,31.948,31.948,31.948,31.948,31.9449,31.9439,31.9424,31.9414,31.9437,31.9405,31.9399,31.9426,31.9412,31.9448,31.9446,31.9422,31.9459,31.947,31.9477,31.9466,31.9469,31.9465,31.948,31.9475,31.9467,31.9452,31.948,31.948,31.948,31.948,31.948,31.947,31.9467,31.948,31.948,31.9475,31.948,31.948,31.948,31.948,31.9477,31.948,31.948,31.948,31.948,31.9478,31.9478,31.948,31.947,31.948,31.9465,31.948,31.948,31.948,31.948,31.948,31.948,31.948,31.948,31.948,31.948,31.948,31.948,31.948,31.948,31.948,31.948,31.948,31.948,31.948,31.948,31.948,31.948,31.948
140,,31.9472,31.9472,31.9472,31.9472,31.9472,31.9472,31.9472,31.9472,31.9472,31.9472,31.9472,31.9472,31.9472,31.9472,31.9444,31.9444,31.9472,31.9472,31.9472,31.9472,31.9472,31.9472,31.9472,31.9472,31.9472,31.9472,31.9472,31.9472,31.9472,31.9472,31.9472,31.9472,31.9472,31.9472,31.9472,31.9472,31.9472,31.9472,31.9472,31.9472,31.9472,31.9472,31.9472,31.9472,31.9472,31.9472,31.9472,31.9472,31.9472,31.9472,31.9472,31.9472,31.9472,31.9472,31.9472,31.9472,31.9472,31.9472,31.9472,31.9472,31.9472,31.9472,31.9472,31.9472,31.9472,31.9472,31.9472,31.9472,31.9472,31.9472,31.9472,31.9472,31.9472,31.9472,31.9472,31.9472,31.9472,31.9472,31.9472,31.9472,31.9472,31.9472,31.9472,31.9472,31.9472,31.9472,31.9472,31.9472,31.9472,31.9472,31.9472,31.9472,31.9472,31.9472,31.9472,31.9472
141,,31.9471,31.9471,31.9471,31.9471,31.9471,31.9471,31.9471,31.9471,31.9444,31.9471,31.9471,31.9471,31.9471,31.9471,31.9471,31.9444,31.9471,31.9471,31.9471,31.9471,31.9471,31.9471,31.9471,31.9471,31.9471,31.9471,31.9471,31.9471,31.9471,31.9471,31.9471,31.9471,31.9471,31.9471,31.9471,31.9471,31.9471,31.9471,31.9471,31.9471,31.9471,31.9471,31.9471,31.9471,31.9471,31.9471,31.9471,31.9471,31.9471,31.9471,31.9471,31.9471,31.9471,31.9471,31.9471,31.9471,31.9471,31.9471,31.9471,31.9471,31.9471,31.9471,31.9471,31.9471,31.9471,31.9471,31.9471,31.9471,31.9471,31.9471,31.9471,31.9471,31.9471,31.9471,31.9471,31.9471,31.9471,31.9471,31.9471,31.9471,31.9471,31.9471,31.9471,31.9471,31.9471,31.9471,31.9471,31.9471,31.9471,31.9471,31.9471,31.9471,31.9471,31.9471,31.9471,31.9471
142,,31.951,31.951,31.951,31.951,31.951,31.951,31.951,31.951,31.951,31.951,31.951,31.951,31.951,31.951,31.9444,31.951,31.9444,31.9444,31.951,31.951,31.951,31.951,31.951,31.951,31.951,31.951,31.951,31.951,31.951,31.951,31.951,31.951,31.951,31.951,31.951,31.951,31.951,31.951,31.951,31.951,31.951,31.951,31.951,31.951,31.951,31.951,31.951,31.9504,31.951,31.951,31.951,31.951,31.9456,31.951,31.951,31.9469,31.9482,31.951,31.95,31.9461,31.9394,31.9413,31.9353,31.9397,31.937,31.9234,31.9328,31.9269,31.928,31.9146,31.9197,31.896,31.9275,31.9366,31.9364,31.9439,31.9478,31.9498,31.9489,31.951,31.951,31.951,31.951,31.951,31.951,31.951,31.951,31.951,31.951,31.951,31.951,31.951,31.951,31.951,31.951,31.951
143,,31.947,31.947,31.947,31.947,31.947,31.947,31.947,31.947,31.947,31.947,31.947,31.947,31.9444,31.947,31.947,31.947,31.947,31.947,31.947,31.947,31.947,31.947,31.947,31.947,31.947,31.947,31.947,31.947,31.947,31.947,31.947,31.947,31.947,31.947,31.947,31.947,31.947,31.947,31.947,31.947,31.947,31.947,31.947,31.947,31.947,31.947,31.947,31.947,31.947,31.947,31.947,31.947,31.947,31.947,31.947,31.947,31.947,31.947,31.947,31.947,31.947,31.947,31.947,31.947,31.947,31.947,31.947,31.947,31.947,31.947,31.947,31.947,31.947,31.947,31.947,31.947,31.947,31.947,31.947,31.947,31.947,31.947,31.947,31.947,31.947,31.947,31.947,31.947,31.947,31.947,31.947,31.947,31.947,31.947,31.947,31.947
144,,31.9487,31.9487,31.9487,31.9487,31.9487,31.9487,31.9487,31.9487,31.9487,31.9487,31.9487,31.9487,31.9487,31.9487,31.9487,31.9487,31.9487,31.9487,31.9487,31.9487,31.9487,31.9487,31.9487,31.9487,31.9487,31.9487,31.9487,31.9482,31.9466,31.9384,31.923,31.9237,31.926,31.9232,31.9409,31.9487,31.9487,31.9487,31.9487,31.9487,31.9487,31.9487,31.9487,31.9487,31.9487,31.9487,31.9487,31.9487,31.9487,31.9487,31.9487,31.9487,31.9487,31.9487,31.9487,31.9487,31.9487,31.9487,31.9487,31.9487,31.9487,31.9487,31.9487,31.9487,31.9487,31.9487,31.9454,31.9483,31.9453,31.9332,31.9474,31.9414,31.9237,31.9484,31.9487,31.9487,31.9487,31.9487,31.9487,31.9487,31.9487,31.9487,31.9487,31.9487,31.9487,31.9487,31.9487,31.9487,31.9487,31.9487,31.9487,31.9487,31.9487,31.9487,31.9487,31.9487
145,,31.9468,31.9468,31.9468,31.9468,31.9468,31.9468,31.9468,31.9468,31.9468,31.9468,31.9468,31.9468,31.9468,31.9468,31.9468,31.9468,31.9468,31.9468,31.9468,31.9468,31.9468,31.9468,31.9468,31.9468,31.9468,31.9468,31.9468,31.9468,31.9468,31.9468,31.9468,31.9468,31.9468,31.9468,31.9468,31.9468,31.9468,31.9468,31.9468,31.9468,31.9468,31.9468,31.9468,31.9468,31.9468,31.9468,31.9468,31.9468,31.9468,31.9468,31.9468,31.9468,31.9468,31.9468,31.9468,31.9468,31.9468,31.9468,31.9468,31.9468,31.9468,31.9468,31.9468,31.9468,31.9468,31.9468,31.9468,31.9468,31.9468,31.9468,31.9468,31.9468,31.9468,31.9468,31.9468,31.9468,31.9468,31.9468,31.9468,31.9468,31.9468,31.9468,31.9468,31.9468,31.9468,31.9468,31.9468,31.9468,31.9468,31.9468,31.9468,31.9468,31.9468,31.9468,31.9468,31.9468
146,,31.9468,31.9468,31.9468,31.9468,31.9468,31.9468,31.9468,31.9468,31.9468,31.9468,31.9468,31.9468,31.9468,31.9468,31.9468,31.9468,31.9468,31.9468,31.9468,31.9468,31.9468,31.9468,31.9468,31.9468,31.9468,31.9468,31.9468,31.9468,31.9468,31.9468,31.9468,31.9468,31.9468,31.9468,31.9468,31.9468,31.9468,31.9468,31.9468,31.9468,31.9468,31.9468,31.9468,31.9468,31.9468,31.9468,31.9468,31.9468,31.9468,31.9468,31.9468,31.9468,31.9468,31.9468,31.9468,31.9468,31.9468,31.9468,31.9468,31.9468,31.9468,31.9468,31.9468,31.9468,31.9468,31.9468,31.9468,31.9468,31.9468,31.9468,31.9468,31.9468,31.9468,31.9468,31.9468,31.9468,31.9468,31.9468,31.9468,31.9468,31.9468,31.9468,31.9468,31.9468,31.9468,31.9468,31.9468,31.9468,31.9468,31.9468,31.9468,31.9468,31.9468,31.9468,31.9468,31.9468
147,,31.9468,31.9468,31.9468,31.9468,31.9468,31.9468,31.9468,31.9468,31.9468,31.9468,31.9468,31.9468,31.9468,31.9468,31.9468,31.9468,31.9468,31.9468,31.9468,31.9468,31.9468,31.9468,31.9468,31.9468,31.9468,31.9468,31.9468,31.9468,31.9442,31.9468,31.9468,31.9468,31.9468,31.9468,31.9468,31.9468,31.9468,31.9468,31.9468,31.9468,31.9468,31.9468,31.9468,31.9468,31.94,31.9468,31.9468,31.9468,31.9468,31.9468,31.9468,31.9468,31.9468,31.9468,31.9468,31.9468,31.9468,31.9468,31.9468,31.9468,31.9468,31.9468,31.9468,31.9468,31.9468,31.9468,31.9468,31.9468,31.9468,31.9468,31.9468,31.9468,31.9468,31.9468,31.9468,31.9468,31.9468,31.9468,31.9468,31.9468,31.9468,31.9468,31.9468,31.9468,31.9468,31.9468,31.9468,31.9468,31.9468,31.9468,31.9468,31.9468,31.9468,31.9468,31.9468,31.9468
148,,31.9472,31.9472,31.9472,31.9472,31.9444,31.9472,31.9444,31.9444,31.9472,31.9472,31.9444,31.9472,31.9472,31.9472,31.9444,31.9444,31.9472,31.9444,31.9472,31.9472,31.9472,31.9472,31.9472,31.9472,31.9472,31.9472,31.9472,31.9472,31.9449,31.9463,31.9469,31.946,31.9472,31.9456,31.9451,31.9472,31.9465,31.9472,31.9472,31.9472,31.9457,31.9472,31.9463,31.9469,31.9459,31.9461,31.9472,31.9472,31.9472,31.9472,31.9472,31.9472,31.9472,31.9472,31.9472,31.9468,31.9472,31.9472,31.9472,31.9472,31.9472,31.9472,31.9453,31.9444,31.9446,31.9464,31.9464,31.9426,31.9451,31.9453,31.9472,31.9472,31.9468,31.9472,31.9472,31.9469,31.9472,31.9472,31.9472,31.9472,31.9472,31.9472,31.9472,31.9472,31.9472,31.9472,31.9472,31.9472,31.9472,31.9472,31.9472,31.9472,31.9472,31.9472,31.9472,31.9472
149,,31.9466,31.9466,31.9466,31.9466,31.9466,31.9466,31.9466,31.9466,31.9466,31.9466,31.9466,31.9466,31.9466,31.9466,31.9466,31.9466,31.9466,31.9466,31.9466,31.9466,31.9466,31.9466,31.9466,31.9466,31.9466,31.9466,31.9466,31.9466,31.9466,31.9466,31.9466,31.9466,31.9466,31.9466,31.9466,31.9466,31.9466,31.9466,31.9466,31.9466,31.9466,31.9466,31.9466,31.9466,31.9466,31.9466,31.9466,31.9466,31.9466,31.9466,31.9466,31.9466,31.9466,31.9466,31.9466,31.9466,31.9466,31.9466,31.9466,31.9466,31.9466,31.9466,31.9466,31.9466,31.9466,31.9466,31.9466,31.9466,31.9466,31.9466,31.9466,31.9466,31.9466,31.9466,31.9466,31.9466,31.9466,31.9466,31.9466,31.9466,31.9466,31.9466,31.9466,31.9466,31.9466,31.9466,31.9466,31.9466,31.9466,31.9466,31.9466,31.9466,31.9466,31.9466,31.9466,31.9466
150,,31.9467,31.9467,31.9467,31.9467,31.9467,31.9467,31.9467,31.9467,31.9467,31.9467,31.9467,31.9467,31.9467,31.9467,31.9467,31.9467,31.9467,31.9467,31.9467,31.9467,31.9467,31.9467,31.9467,31.9467,31.9467,31.9467,31.9467,31.9467,31.9467,31.9467,31.9393,31.9467,31.9459,31.9442,31.9467,31.9467,31.9467,31.9467,31.9467,31.9467,31.9467,31.9467,31.9467,31.9467,31.9467,31.9467,31.9467,31.9467,31.9467,31.9467,31.9467,31.9467,31.9467,31.9467,31.9467,31.9467,31.9467,31.9467,31.9467,31.9467,31.9467,31.9467,31.9467,31.9467,31.9467,31.9467,31.9467,31.9467,31.9462,31.9466,31.9467,31.9451,31.9467,31.9467,31.9467,31.9467,31.9467,31.9467,31.9467,31.9467,31.9467,31.9467,31.9467,31.9467,31.9467,31.9467,31.9467,31.9467,31.9467,31.9467,31.9467,31.9467,31.9467,31.9467,31.9467,31.9467
151,,31.9476,31.9476,31.9476,31.9476,31.9476,31.9476,31.9476,31.9476,31.9476,31.9476,31.9476,31.9476,31.9476,31.9476,31.9476,31.9476,31.9476,31.9476,31.9476,31.9476,31.9476,31.9476,31.9476,31.9476,31.9476,31.9476,31.9476,31.9438,31.9422,31.9428,31.9415,31.9407,31.9407,31.9407,31.9407,31.9425,31.9427,31.9416,31.9421,31.9419,31.9445,31.9474,31.9459,31.9472,31.9457,31.9469,31.9447,31.9476,31.9471,31.947,31.9454,31.9451,31.946,31.9461,31.9463,31.9476,31.946,31.9476,31.9476,31.9473,31.9475,31.9476,31.9471,31.9476,31.9474,31.9474,31.9476,31.9476,31.9442,31.9473,31.9469,31.9476,31.9476,31.9476,31.9476,31.9476,31.9476,31.9476,31.9476,31.9476,31.9476,31.9476,31.9476,31.9476,31.9476,31.9476,31.9476,31.9476,31.9476,31.9476,31.9476,31.9476,31.9476,31.9476,31.9476,31.9476
152,,31.9493,31.9493,31.9493,31.9493,31.9493,31.9493,31.9493,31.9493,31.9493,31.9493,31.9493,31.9493,31.9493,31.9493,31.9493,31.9493,31.9493,31.9493,31.9493,31.9493,31.9493,31.9493,31.9493,31.9493,31.9493,31.9493,31.9493,31.9493,31.93,31.9493,31.9493,31.9493,31.9415,31.9493,31.9449,31.9493,31.9484,31.9493,31.9483,31.9493,31.9484,31.948,31.9493,31.9403,31.9493,31.9416,31.9493,31.9486,31.9409,31.9493,31.9493,31.9368,31.9427,31.9433,31.9485,31.9493,31.9487,31.9384,31.9259,31.943,31.9488,31.9488,31.9377,31.9493,31.9403,31.9488,31.9403,31.9482,31.9493,31.9475,31.9482,31.9295,31.9405,31.9493,31.9493,31.9493,31.9493,31.9493,31.9493,31.9493,31.9493,31.9289,31.9482,31.9493,31.9237,31.9493,31.9493,31.925,31.9493,31.9493,31.9493,31.9493,31.9493,31.9493,31.9493,31.9493
153,,31.9471,31.9471,31.9471,31.9471,31.9471,31.9471,31.9471,31.9471,31.9471,31.9471,31.9471,31.9471,31.9471,31.9471,31.9471,31.9471,31.9471,31.9471,31.9471,31.9471,31.9471,31.9471,31.9471,31.9471,31.9471,31.9471,31.9471,31.9439,31.9403,31.9412,31.9403,31.9403,31.941,31.9403,31.944,31.9456,31.9455,31.9467,31.9442,31.9471,31.9471,31.9471,31.9453,31.9471,31.9471,31.9471,31.9471,31.9471,31.9461,31.9471,31.9471,31.9471,31.9471,31.9471,31.9467,31.9471,31.9471,31.9471,31.9471,31.9471,31.9471,31.9471,31.9471,31.9471,31.9471,31.9468,31.9471,31.9452,31.9469,31.9471,31.9471,31.9471,31.9464,31.9471,31.9471,31.9471,31.9471,31.9471,31.9471,31.9471,31.9471,31.9471,31.9471,31.9471,31.9471,31.9471,31.9471,31.9471,31.9471,31.9471,31.9471,31.9471,31.9471,31.9471,31.9471,31.9471
154,,31.9467,31.9467,31.9467,31.9467,31.9444,31.9467,31.9444,31.9444,31.9467,31.9467,31.9444,31.9467,31.9467,31.9467,31.9444,31.9444,31.9467,31.9444,31.9467,31.9467,31.9467,31.9467,31.9467,31.9467,31.9467,31.9467,31.9467,31.9467,31.9467,31.9467,31.9467,31.9467,31.9467,31.9467,31.9467,31.9467,31.9467,31.9467,31.9467,31.9467,31.9467,31.9467,31.9467,31.9467,31.9467,31.9467,31.9467,31.9467,31.9467,31.9467,31.9467,31.9467,31.9467,31.9467,31.9467,31.9467,31.9467,31.9467,31.9467,31.9467,31.9467,31.9467,31.9467,31.9467,31.9467,31.9467,31.9467,31.9467,31.9467,31.9467,31.9467,31.9467,31.9467,31.9467,31.9467,31.9467,31.9467,31.9467,31.9467,31.9467,31.9467,31.9467,31.9467,31.9467,31.9467,31.9467,31.9467,31.9467,31.9467,31.9467,31.9467,31.9467,31.9467,31.9467,31.9467,31.9467
155,,31.9475,31.9475,31.9475,31.9475,31.9475,31.9475,31.9475,31.9475,31.9475,31.9475,31.9475,31.9475,31.9475,31.9475,31.9475,31.9475,31.9475,31.9475,31.9475,31.9475,31.9475,31.9475,31.9475,31.9395,31.9475,31.9475,31.9441,31.9443,31.947,31.9475,31.9453,31.9475,31.9424,31.9475,31.9445,31.9475,31.9417,31.9475,31.9475,31.9475,31.9475,31.9475,31.9475,31.9413,31.9438,31.9475,31.9475,31.9433,31.9475,31.9475,31.9475,31.9475,31.9475,31.9475,31.9475,31.9475,31.9432,31.9422,31.9428,31.9463,31.9475,31.9475,31.9447,31.9432,31.9475,31.9475,31.9432,31.9437,31.9475,31.9475,31.9395,31.9438,31.9475,31.9475,31.9475,31.9475,31.9475,31.9416,31.9475,31.9475,31.9475,31.9475,31.9475,31.9475,31.9475,31.9475,31.9444,31.9475,31.9475,31.9475,31.9475,31.9475,31.9475,31.9475,31.9475,31.9475
156,,31.9469,31.9469,31.9469,31.9469,31.9469,31.9469,31.9469,31.9469,31.9469,31.9469,31.9469,31.9469,31.9469,31.9469,31.9469,31.9469,31.9469,31.9469,31.9469,31.9469,31.9469,31.9469,31.9469,31.9469,31.9469,31.9469,31.9469,31.9469,31.9468,31.9412,31.9362,31.9325,31.9442,31.9381,31.9469,31.9469,31.9469,31.9469,31.9469,31.9469,31.9469,31.9469,31.9469,31.9469,31.9469,31.9469,31.9469,31.9469,31.9469,31.9469,31.9469,31.9469,31.9469,31.9469,31.9469,31.9469,31.9469,31.9469,31.9469,31.9469,31.9469,31.9469,31.9469,31.9469,31.9469,31.9469,31.9469,31.9469,31.9469,31.9469,31.9469,31.9469,31.9469,31.9469,31.9469,31.9469,31.9469,31.9469,31.9469,31.9469,31.9469,31.9469,31.9469,31.9469,31.9469,31.9469,31.9469,31.9469,31.9469,31.9469,31.9469,31.9469,31.9469,31.9469,31.9469,31.9469
157,,31.9464,31.9464,31.9464,31.9464,31.9464,31.9464,31.9464,31.9464,31.9464,31.9464,31.9464,31.9464,31.9464,31.9464,31.9464,31.9444,31.9464,31.9464,31.9464,31.9464,31.9464,31.9464,31.9464,31.9464,31.9464,31.9464,31.9464,31.9464,31.9464,31.9464,31.9464,31.9464,31.9464,31.9464,31.9464,31.9464,31.9464,31.9464,31.9464,31.9464,31.9464,31.9464,31.9464,31.9464,31.9464,31.9464,31.9464,31.9464,31.9464,31.9464,31.9464,31.9464,31.9464,31.9464,31.9464,31.9464,31.9464,31.9464,31.9464,31.9464,31.9464,31.9464,31.9464,31.9464,31.9464,31.9464,31.9464,31.9464,31.9464,31.9464,31.9464,31.9464,31.9464,31.9464,31.9464,31.9464,31.9464,31.9464,31.9464,31.9464,31.9464,31.9464,31.9464,31.9464,31.9464,31.9464,31.9464,31.9464,31.9464,31.9464,31.9464,31.9464,31.9464,31.9464,31.9464,31.9464
158,,31.9465,31.9465,31.9465,31.9465,31.9465,31.9465,31.9465,31.9465,31.9465,31.9465,31.9465,31.9465,31.9465,31.9465,31.9465,31.9465,31.9465,31.9465,31.9465,31.9465,31.9465,31.9465,31.9465,31.9465,31.9465,31.9465,31.9465,31.9465,31.9465,31.9404,31.9465,31.9465,31.9465,31.9465,31.9465,31.9465,31.9465,31.9465,31.9465,31.9465,31.9465,31.9465,31.9465,31.9465,31.9465,31.9465,31.9465,31.9465,31.9465,31.9465,31.9465,31.9465,31.9465,31.9465,31.9465,31.9465,31.9465,31.9465,31.9465,31.9465,31.9465,31.9465,31.9465,31.9465,31.9465,31.9465,31.9465,31.9465,31.9465,31.9465,31.9465,31.9465,31.9465,31.9465,31.9465,31.9465,31.9465,31.9465,31.9465,31.9465,31.9465,31.9465,31.9465,31.9465,31.9465,31.9465,31.9465,31.9465,31.9465,31.9465,31.9465,31.9465,31.9465,31.9465,31.9465,31.9465
159,,31.9464,31.9464,31.9464,31.9464,31.9464,31.9464,31.9464,31.9464,31.9464,31.9464,31.9464,31.9464,31.9464,31.9464,31.9444,31.9444,31.9464,31.9464,31.9464,31.9464,31.9464,31.9464,31.9464,31.9464,31.9464,31.9464,31.9464,31.9464,31.9464,31.9464,31.9464,31.9464,31.9464,31.9464,31.9464,31.9464,31.9464,31.9464,31.9464,31.9464,31.9464,31.9464,31.9464,31.9464,31.9464,31.9464,31.9464,31.9464,31.9464,31.9464,31.9464,31.9464,31.9464,31.9464,31.9464,31.9464,31.9464,31.9464,31.9464,31.9464,31.9464,31.9464,31.9464,31.9464,31.9464,31.9464,31.9464,31.9464,31.9464,31.9464,31.9464,31.9464,31.9464,31.9464,31.9464,31.9464,31.9464,31.9464,31.9464,31.9464,31.9464,31.9464,31.9464,31.9464,31.9464,31.9464,31.9464,31.9464,31.9464,31.9464,31.9464,31.9464,31.9464,31.9464,31.9464,31.9464
160,,31.9444,31.9444,31.9444,31.9444,31.9526,31.9444,31.9444,31.9444,31.9444,31.9444,31.9444,31.9526,31.9444,31.9444,31.9444,31.9444,31.9444,31.9444,31.9444,31.9444,31.9444,31.9444,31.9444,31.9444,31.9444,31.9526,31.9526,31.9444,31.9526,31.9526,31.9444,31.9444,31.9526,31.9526,31.9526,31.9444,31.9444,31.9444,31.9444,31.9526,31.9444,31.9444,31.9526,31.9444,31.9444,31.9444,31.9444,31.9444,31.9444,31.9444,31.9444,31.9526,31.9444,31.9444,31.9526,31.9526,31.9444,31.9526,31.9444,31.9526,31.9444,31.9526,31.9444,31.9444,31.9444,31.9444,31.9444,31.9444,31.9444,31.9444,31.9444,31.9444,31.9444,31.9444,31.9444,31.9444,31.9526,31.9444,31.9444,31.9444,31.9526,31.9444,31.9526,31.9444,31.9444,31.9444,31.9444,31.9444,31.9444,31.9444,31.9526,31.9444,31.9444,31.9444,31.9526,31.9526
161,,31.9464,31.9464,31.9464,31.9464,31.9464,31.9464,31.9464,31.9464,31.9464,31.9464,31.9464,31.9464,31.9464,31.9444,31.9464,31.9444,31.9464,31.9464,31.9464,31.9464,31.9464,31.9464,31.9464,31.9464,31.9464,31.9464,31.9464,31.9464,31.9464,31.9464,31.9464,31.9464,31.9464,31.9464,31.9464,31.9464,31.9464,31.9464,31.9464,31.9464,31.9464,31.9464,31.9464,31.9464,31.9464,31.9464,31.9464,31.9464,31.9464,31.9464,31.9464,31.9464,31.9464,31.9464,31.9464,31.9464,31.9464,31.9464,31.9464,31.9464,31.9464,31.9464,31.9464,31.9464,31.9464,31.9464,31.9464,31.9464,31.9464,31.9464,31.9464,31.9464,31.9464,31.9464,31.9464,31.9464,31.9464,31.9464,31.9464,31.9464,31.9464,31.9464,31.9464,31.9464,31.9464,31.9464,31.9464,31.9464,31.9464,31.9464,31.9464,31.9464,31.9464,31.9464,31.9464,31.9464
162,,31.9464,31.9464,31.9464,31.9464,31.9464,31.9464,31.9464,31.9464,31.9464,31.9464,31.9464,31.9464,31.9464,31.9444,31.9444,31.9464,31.9464,31.9464,31.9464,31.9464,31.9464,31.9464,31.9464,31.9464,31.9464,31.9464,31.9464,31.9464,31.9464,31.9464,31.9464,31.9463,31.9464,31.9461,31.9463,31.9464,31.9464,31.9464,31.9464,31.9464,31.9464,31.9464,31.9464,31.9464,31.9464,31.9464,31.9464,31.9464,31.9464,31.9464,31.9464,31.9464,31.9464,31.9464,31.9464,31.9464,31.9464,31.9464,31.9464,31.9464,31.9464,31.9464,31.9464,31.9464,31.9464,31.9464,31.9464,31.9464,31.9464,31.9464,31.9464,31.9464,31.9464,31.9464,31.9464,31.9464,31.9464,31.9464,31.9464,31.9464,31.9464,31.9464,31.9464,31.9464,31.9464,31.9464,31.9464,31.9464,31.9464,31.9464,31.9464,31.9464,31.9464,31.9464,31.9464,31.9464
163,,31.9464,31.9444,31.9464,31.9444,31.9464,31.9464,31.9464,31.9464,31.9464,31.9464,31.9464,31.9464,31.9464,31.9464,31.9444,31.9444,31.9464,31.9464,31.9464,31.9464,31.9464,31.9444,31.9464,31.9464,31.9464,31.9464,31.9464,31.9464,31.9464,31.9464,31.9464,31.9464,31.9464,31.9464,31.9464,31.9464,31.9464,31.9464,31.9464,31.9464,31.9464,31.9464,31.9464,31.9464,31.9464,31.9464,31.9464,31.9464,31.9464,31.9464,31.9464,31.9464,31.9464,31.9464,31.9464,31.9464,31.9464,31.9464,31.9464,31.9464,31.9464,31.9464,31.9464,31.9464,31.9464,31.9464,31.9464,31.9464,31.9464,31.9464,31.9464,31.9464,31.9464,31.9464,31.9464,31.9464,31.9464,31.9464,31.9464,31.9464,31.9464,31.9464,31.9464,31.9464,31.9464,31.9464,31.9464,31.9464,31.9464,31.9464,31.9464,31.9464,31.9464,31.9464,31.9464,31.9464
164,,31.9463,31.9463,31.9463,31.9463,31.9463,31.9463,31.9463,31.9463,31.9463,31.9463,31.9463,31.9463,31.9463,31.9463,31.9463,31.9463,31.9463,31.9463,31.9463,31.9463,31.9463,31.9463,31.9463,31.9463,31.9463,31.9463,31.9463,31.9463,31.9463,31.9453,31.9452,31.9444,31.9463,31.945,31.9463,31.9463,31.9463,31.9463,31.9463,31.9463,31.9463,31.9463,31.9463,31.9463,31.9463,31.9463,31.9463,31.9463,31.9463,31.9463,31.9463,31.9463,31.9463,31.9463,31.9463,31.9463,31.9463,31.9463,31.9463,31.9463,31.9463,31.9463,31.9463,31.9463,31.9463,31.9463,31.9463,31.9463,31.9463,31.9463,31.9463,31.9463,31.9463,31.9463,31.9463,31.9463,31.9463,31.9463,31.9463,31.9463,31.9463,31.9463,31.9463,31.9463,31.9463,31.9463,31.9463,31.9463,31.9463,31.9463,31.9463,31.9463,31.9463,31.9463,31.9463,31.9463
165,,31.9474,31.9474,31.9474,31.9474,31.9474,31.9474,31.9474,31.9474,31.9474,31.9474,31.9474,31.9474,31.9474,31.9474,31.9474,31.9444,31.9474,31.9474,31.9474,31.9474,31.9474,31.9474,31.9474,31.9474,31.9474,31.9474,31.9474,31.9474,31.9474,31.9474,31.9474,31.9474,31.9474,31.9474,31.9474,31.9474,31.9474,31.9474,31.9474,31.9474,31.9474,31.9474,31.9458,31.9474,31.9474,31.9474,31.8938,31.9474,31.9474,31.9474,31.9474,31.9474,31.9474,31.9474,31.9474,31.9474,31.9474,31.9474,31.9474,31.9474,31.9293,31.9474,31.9474,31.9474,31.9474,31.9474,31.9465,31.9231,31.9474,31.9474,31.9464,31.9465,31.9461,31.9474,31.9474,31.9474,31.9474,31.9474,31.9474,31.9474,31.9474,31.9474,31.9474,31.9474,31.9474,31.9474,31.9474,31.9474,31.9474,31.9474,31.9474,31.9474,31.9474,31.9474,31.9474,31.9474
166,,31.9582,31.9582,31.9582,31.9582,31.9582,31.9582,31.9582,31.9582,31.9582,31.9582,31.9582,31.9582,31.9582,31.9582,31.9582,31.9582,31.9582,31.9582,31.9582,31.9582,31.9582,31.9582,31.9506,31.954,31.9582,31.9507,31.9527,31.9096,31.9112,31.9104,31.9141,31.892,31.9106,31.9006,31.9166,31.9238,31.9168,31.9195,31.9546,31.9505,31.9458,31.9512,31.9578,31.9523,31.9447,31.954,31.95,31.9582,31.9575,31.9569,31.9522,31.9479,31.958,31.9456,31.9516,31.9414,31.9469,31.9514,31.937,31.9372,31.9517,31.942,31.9296,31.9555,31.9505,31.9385,31.9435,31.9164,31.9136,31.9375,31.9021,31.9108,31.9102,31.9454,31.9455,31.9481,31.9501,31.9582,31.9582,31.9582,31.9541,31.9582,31.9582,31.9582,31.944,31.9582,31.9582,31.9582,31.9582,31.9582,31.9582,31.9455,31.9582,31.9582,31.9582,31.9582
167,,31.9485,31.9485,31.9485,31.9485,31.9485,31.9485,31.9485,31.9485,31.9485,31.9485,31.9485,31.9485,31.9485,31.9485,31.9485,31.9485,31.9485,31.9485,31.9485,31.9485,31.9485,31.9485,31.9485,31.9485,31.9485,31.9485,31.9485,31.9445,31.9485,31.9456,31.9472,31.9436,31.9465,31.9388,31.9471,31.9483,31.9479,31.9481,31.9485,31.9485,31.947,31.9485,31.9483,31.9462,31.9481,31.9485,31.9462,31.9417,31.9454,31.9475,31.9469,31.9448,31.9445,31.9471,31.9471,31.9433,31.9474,31.9443,31.9475,31.9435,31.9408,31.9433,31.9456,31.9388,31.9371,31.9388,31.9423,31.9371,31.9333,31.9371,31.9345,31.9366,31.941,31.9436,31.9462,31.9432,31.9426,31.9485,31.9485,31.9485,31.9485,31.9477,31.9485,31.9485,31.9485,31.9485,31.9485,31.9485,31.9485,31.9485,31.9485,31.9485,31.9485,31.9485,31.9485,31.9485
168,,31.9462,31.9462,31.9462,31.9462,31.9462,31.9462,31.9462,31.9462,31.9462,31.9462,31.9462,31.9462,31.9462,31.9462,31.9444,31.9462,31.9462,31.9462,31.9462,31.9462,31.9462,31.9462,31.9462,31.9462,31.9462,31.9462,31.9462,31.9462,31.9462,31.9462,31.9462,31.9462,31.9462,31.9462,31.9462,31.9462,31.9462,31.9462,31.9462,31.9462,31.9462,31.9462,31.9462,31.9462,31.9462,31.9462,31.9462,31.9462,31.9462,31.9462,31.9462,31.9462,31.9462,31.9462,31.9462,31.9462,31.9462,31.9462,31.9462,31.9462,31.9462,31.9462,31.9462,31.9462,31.9462,31.9462,31.9462,31.9462,31.9462,31.9462,31.9462,31.9462,31.9462,31.9462,31.9462,31.9462,31.9462,31.9462,31.9462,31.9462,31.9462,31.9462,31.9462,31.9462,31.9462,31.9462,31.9462,31.9462,31.9462,31.9462,31.9462,31.9462,31.9462,31.9462,31.9462,31.9462
169,,31.948,31.948,31.948,31.948,31.948,31.948,31.948,31.948,31.948,31.948,31.948,31.948,31.948,31.948,31.948,31.948,31.948,31.948,31.948,31.948,31.948,31.948,31.948,31.948,31.948,31.948,31.948,31.948,31.948,31.9427,31.9385,31.9296,31.9308,31.9308,31.9384,31.9426,31.9479,31.948,31.948,31.948,31.948,31.948,31.948,31.948,31.948,31.948,31.948,31.948,31.948,31.948,31.948,31.948,31.948,31.948,31.948,31.948,31.948,31.948,31.948,31.948,31.948,31.948,31.948,31.948,31.9475,31.9478,31.945,31.9423,31.9347,31.9352,31.9298,31.9306,31.9338,31.9451,31.948,31.948,31.948,31.948,31.948,31.948,31.948,31.948,31.948,31.948,31.948,31.948,31.948,31.948,31.948,31.948,31.948,31.948,31.948,31.948,31.948,31.948
170,,31.9465,31.9465,31.9465,31.9465,31.9465,31.9465,31.9465,31.9465,31.9465,31.9465,31.9465,31.9465,31.9465,31.9465,31.9465,31.9465,31.9465,31.9465,31.9465,31.9465,31.9465,31.9465,31.9465,31.9465,31.9465,31.9465,31.9465,31.9465,31.9465,31.9465,31.9465,31.9465,31.9465,31.9465,31.9465,31.9465,31.9452,31.9465,31.9465,31.9454,31.9465,31.9465,31.9459,31.9465,31.9465,31.9465,31.9448,31.9465,31.9465,31.9465,31.9465,31.9465,31.9465,31.946,31.9465,31.9454,31.945,31.9461,31.9465,31.9457,31.9442,31.9463,31.9438,31.9457,31.9465,31.9434,31.9458,31.9461,31.9448,31.9439,31.9454,31.9421,31.9465,31.9465,31.9456,31.9462,31.9465,31.9465,31.9465,31.9465,31.9465,31.9465,31.9465,31.9465,31.9465,31.9465,31.9465,31.9465,31.9465,31.9465,31.9465,31.9465,31.9465,31.9465,31.9465,31.9465
171,,31.9617,31.9617,31.9617,31.9617,31.9617,31.9617,31.9617,31.9617,31.9617,31.9617,31.9617,31.9617,31.9617,31.9617,31.9617,31.9617,31.9617,31.9617,31.9617,31.9617,31.9617,31.9617,31.9617,31.9617,31.9432,31.9217,31.9217,31.9217,31.9217,31.9217,31.9218,31.9218,31.9217,31.9217,31.9217,31.9217,31.9219,31.9224,31.9232,31.9537,31.938,31.9328,31.9364,31.94,31.9217,31.9252,31.9478,31.9353,31.9251,31.9612,31.9615,31.9399,31.9475,31.9443,31.9598,31.9491,31.9434,31.9389,31.9356,31.961,31.9364,31.924,31.9221,31.9312,31.9217,31.9217,31.9217,31.9217,31.9217,31.9217,31.9217,31.9217,31.9408,31.9603,31.9409,31.9485,31.9539,31.9617,31.9617,31.9617,31.9617,31.9617,31.9617,31.9617,31.9617,31.9617,31.9617,31.9617,31.9617,31.9617,31.9617,31.9617,31.9617,31.9617,31.9617,31.9617
172,,31.9464,31.9464,31.9464,31.9464,31.9464,31.9464,31.9464,31.9464,31.9464,31.9464,31.9464,31.9464,31.9464,31.9444,31.9464,31.9464,31.9464,31.9464,31.9464,31.9464,31.9464,31.9464,31.9464,31.9464,31.9464,31.9464,31.9464,31.9464,31.9464,31.9464,31.9464,31.9464,31.9464,31.9464,31.9464,31.9464,31.9464,31.9464,31.9464,31.9464,31.9464,31.9464,31.9464,31.9464,31.9464,31.9464,31.9464,31.9464,31.9464,31.9464,31.9464,31.9464,31.9464,31.9464,31.9451,31.9464,31.9453,31.9461,31.9464,31.9464,31.9464,31.9464,31.946,31.9464,31.9461,31.9464,31.9445,31.9464,31.9441,31.9418,31.9433,31.9454,31.9464,31.9458,31.9462,31.9464,31.9464,31.9464,31.9462,31.9464,31.9464,31.9464,31.9464,31.9464,31.9464,31.9464,31.9464,31.9464,31.9464,31.9464,31.9464,31.9464,31.9464,31.9464,31.9464,31.9464
173,,31.9461,31.9461,31.9461,31.9461,31.9461,31.9461,31.9461,31.9461,31.9461,31.9461,31.9461,31.9461,31.9461,31.9461,31.9461,31.9461,31.9461,31.9461,31.9461,31.9461,31.9461,31.9461,31.9461,31.9461,31.9461,31.9461,31.9461,31.9457,31.9461,31.9461,31.9461,31.9456,31.9461,31.9461,31.9461,31.9461,31.9461,31.9456,31.9461,31.9461,31.9461,31.9461,31.9461,31.9461,31.9461,31.9461,31.9461,31.9461,31.9461,31.9461,31.9461,31.9461,31.9461,31.9454,31.9461,31.9461,31.9461,31.9461,31.9461,31.9461,31.9461,31.9461,31.9451,31.9461,31.9461,31.9461,31.9461,31.9461,31.9461,31.9461,31.9461,31.9461,31.9461,31.9461,31.9461,31.9461,31.9461,31.9461,31.9461,31.9461,31.9461,31.9461,31.9461,31.9461,31.9461,31.9461,31.9461,31.9461,31.9461,31.9461,31.9461,31.9461,31.9461,31.9461,31.9461,31.9461
174,,31.9461,31.9461,31.9461,31.9461,31.9461,31.9461,31.9461,31.9461,31.9461,31.9461,31.9461,31.9461,31.9461,31.9461,31.9444,31.9444,31.9461,31.9461,31.9461,31.9461,31.9461,31.9461,31.9461,31.9444,31.9461,31.9461,31.9461,31.9461,31.9461,31.9461,31.9461,31.9461,31.9461,31.9461,31.9461,31.9461,31.9461,31.9461,31.9461,31.9461,31.9461,31.9461,31.9461,31.9461,31.9461,31.9461,31.9461,31.9461,31.9461,31.9461,31.9461,31.9461,31.9461,31.9461,31.9461,31.9461,31.9461,31.9461,31.9461,31.9461,31.9461,31.9461,31.9461,31.9461,31.9461,31.9461,31.9461,31.9461,31.9461,31.9461,31.9461,31.9461,31.9461,31.9461,31.9461,31.9461,31.9461,31.9461,31.9461,31.9461,31.9461,31.9461,31.9461,31.9461,31.9461,31.9461,31.9461,31.9461,31.9461,31.9461,31.9461,31.9461,31.9461,31.9461,31.9461,31.9461
175,,31.9467,31.9467,31.9467,31.9467,31.9467,31.9467,31.9467,31.9467,31.9467,31.9467,31.9467,31.9467,31.9467,31.9467,31.9467,31.9467,31.9467,31.9467,31.9467,31.9467,31.9467,31.9467,31.9467,31.9467,31.9467,31.9467,31.9467,31.9462,31.9456,31.9443,31.943,31.942,31.9408,31.9408,31.9417,31.9418,31.9425,31.9455,31.9427,31.9467,31.9467,31.9461,31.9467,31.9467,31.9457,31.9467,31.9463,31.9465,31.9464,31.9467,31.9467,31.9467,31.9467,31.9467,31.9449,31.9467,31.9467,31.9464,31.9467,31.9467,31.9463,31.9467,31.9467,31.9441,31.9454,31.9461,31.9465,31.9435,31.9467,31.9467,31.943,31.9453,31.9467,31.9463,31.9467,31.9467,31.9467,31.9467,31.9467,31.9467,31.9467,31.9467,31.9467,31.9467,31.9467,31.9467,31.9467,31.9467,31.9467,31.9467,31.9467,31.9467,31.9467,31.9467,31.9467,31.9467
176,,31.9462,31.9462,31.9462,31.9462,31.9462,31.9462,31.9462,31.9462,31.9462,31.9462,31.9462,31.9462,31.9462,31.9462,31.9462,31.9462,31.9462,31.9462,31.9462,31.9462,31.9462,31.9462,31.9462,31.9462,31.9462,31.9462,31.9462,31.9462,31.9462,31.9462,31.9462,31.9462,31.9462,31.9462,31.9462,31.9462,31.9456,31.9462,31.9462,31.9459,31.9462,31.9462,31.9462,31.9462,31.9462,31.9462,31.9452,31.9462,31.9462,31.9462,31.9462,31.9462,31.9462,31.9462,31.9462,31.9457,31.946,31.9462,31.9462,31.9461,31.9445,31.9462,31.9441,31.9462,31.9462,31.9442,31.9461,31.9461,31.9451,31.9454,31.946,31.9427,31.9462,31.9462,31.9462,31.9462,31.9462,31.9462,31.9462,31.9462,31.9462,31.9462,31.9462,31.9462,31.9462,31.9462,31.9462,31.9462,31.9462,31.9462,31.9462,31.9462,31.9462,31.9462,31.9462,31.9462
177,,31.9463,31.9463,31.9444,31.9463,31.9463,31.9463,31.9463,31.9444,31.9444,31.9444,31.9444,31.9444,31.9444,31.9463,31.9444,31.9444,31.9463,31.9463,31.9444,31.9444,31.9463,31.9463,31.9463,31.9463,31.9463,31.9444,31.9463,31.9463,31.9463,31.9463,31.9463,31.9463,31.9463,31.9463,31.9463,31.9463,31.9463,31.9463,31.9463,31.9463,31.9463,31.9463,31.9463,31.9463,31.9463,31.9463,31.9463,31.9463,31.9463,31.9463,31.9463,31.9463,31.9463,31.9463,31.9463,31.9463,31.9463,31.9463,31.9463,31.9463,31.9463,31.9463,31.9463,31.9463,31.9463,31.9463,31.9463,31.9463,31.9463,31.9463,31.9463,31.9463,31.9463,31.9463,31.9463,31.9463,31.9463,31.9463,31.9463,31.9463,31.9463,31.9463,31.9463,31.9463,31.9444,31.9463,31.9463,31.9463,31.9463,31.9463,31.9463,31.9444,31.9463,31.9463,31.9463,31.9463
178,,31.9481,31.9481,31.9481,31.9481,31.9481,31.9481,31.9481,31.9481,31.9481,31.9481,31.9481,31.9481,31.9481,31.9481,31.9444,31.9481,31.9481,31.9481,31.9481,31.9481,31.9481,31.9481,31.9481,31.9481,31.9481,31.9481,31.9481,31.9481,31.9481,31.9481,31.9481,31.9481,31.9477,31.9468,31.9481,31.9467,31.9481,31.9481,31.9481,31.9481,31.9475,31.9459,31.9481,31.9481,31.9466,31.9481,31.9454,31.9472,31.9478,31.9451,31.9356,31.9481,31.9478,31.9463,31.9481,31.946,31.9401,31.9448,31.9481,31.9474,31.9401,31.9444,31.9457,31.9389,31.9339,31.9406,31.939,31.9411,31.9256,31.9316,31.9309,31.9354,31.9396,31.945,31.9461,31.9481,31.9481,31.9403,31.9481,31.9481,31.9481,31.9481,31.9481,31.9481,31.9481,31.9481,31.9481,31.9481,31.9481,31.9481,31.9481,31.9481,31.9481,31.9481,31.9481,31.9481
179,,31.9444,31.9444,31.9466,31.9466,31.9444,31.9444,31.9444,31.9444,31.9466,31.9444,31.9444,31.9444,31.9466,31.9444,31.9444,31.9444,31.9466,31.9444,31.9444,31.9466,31.9444,31.9444,31.9444,31.9444,31.9466,31.9444,31.9466,31.9466,31.9466,31.9444,31.9466,31.9466,31.9466,31.9466,31.9466,31.9466,31.9466,31.9466,31.9466,31.9466,31.9466,31.9466,31.9466,31.9466,31.9466,31.9466,31.9466,31.9466,31.9466,31.9466,31.9466,31.9444,31.9466,31.9466,31.9466,31.9466,31.9466,31.9466,31.9466,31.9466,31.9466,31.9466,31.9466,31.9466,31.9466,31.9466,31.9466,31.9466,31.9466,31.9466,31.9466,31.9444,31.9466,31.9466,31.9466,31.9466,31.9466,31.9466,31.9466,31.9466,31.9466,31.9444,31.9466,31.9466,31.9466,31.9466,31.9466,31.9444,31.9466,31.9466,31.9444,31.9466,31.9466,31.9466,31.9444,31.9466
180,,31.946,31.946,31.946,31.946,31.946,31.946,31.946,31.946,31.946,31.946,31.946,31.946,31.946,31.9444,31.946,31.9444,31.946,31.946,31.946,31.946,31.946,31.946,31.946,31.946,31.946,31.946,31.946,31.946,31.946,31.946,31.946,31.946,31.946,31.946,31.946,31.946,31.946,31.946,31.946,31.946,31.946,31.946,31.946,31.946,31.946,31.946,31.946,31.946,31.946,31.946,31.946,31.946,31.946,31.946,31.946,31.946,31.946,31.946,31.946,31.946,31.946,31.946,31.946,31.946,31.946,31.946,31.946,31.946,31.946,31.946,31.946,31.946,31.946,31.946,31.946,31.946,31.946,31.946,31.946,31.946,31.946,31.946,31.946,31.946,31.946,31.946,31.946,31.946,31.946,31.946,31.946,31.946,31.946,31.946,31.946,31.946
181,,31.946,31.946,31.946,31.946,31.946,31.946,31.946,31.946,31.946,31.946,31.946,31.946,31.946,31.9444,31.946,31.946,31.946,31.946,31.946,31.946,31.946,31.946,31.946,31.946,31.946,31.946,31.946,31.946,31.946,31.946,31.946,31.946,31.946,31.946,31.946,31.946,31.946,31.946,31.946,31.946,31.946,31.946,31.946,31.946,31.946,31.946,31.946,31.946,31.946,31.946,31.946,31.946,31.946,31.946,31.946,31.946,31.946,31.946,31.946,31.946,31.946,31.946,31.946,31.946,31.946,31.946,31.946,31.946,31.946,31.946,31.946,31.946,31.946,31.946,31.946,31.946,31.946,31.946,31.946,31.946,31.946,31.946,31.946,31.946,31.946,31.946,31.946,31.946,31.946,31.946,31.946,31.946,31.946,31.946,31.946,31.946
182,,31.9475,31.9475,31.9475,31.9475,31.9475,31.9475,31.9475,31.9475,31.9475,31.9475,31.9475,31.9475,31.9475,31.9475,31.9475,31.9475,31.9475,31.9475,31.9475,31.9475,31.9475,31.9475,31.9475,31.9475,31.9475,31.9475,31.9457,31.9465,31.943,31.9396,31.9392,31.9388,31.939,31.9389,31.9449,31.9434,31.946,31.9413,31.9475,31.9475,31.9475,31.9475,31.9475,31.9475,31.9475,31.9475,31.9451,31.9475,31.9475,31.9474,31.9475,31.9475,31.9475,31.9475,31.9475,31.9474,31.9475,31.9474,31.9474,31.9475,31.9475,31.9423,31.9441,31.947,31.9475,31.9413,31.9388,31.9388,31.9389,31.9393,31.9388,31.9394,31.9388,31.9439,31.9472,31.9465,31.946,31.9475,31.9475,31.9475,31.9475,31.9475,31.9475,31.9475,31.9475,31.9475,31.9475,31.9475,31.9475,31.9475,31.9475,31.9475,31.9475,31.9475,31.9475,31.9475
183,,31.946,31.946,31.946,31.946,31.946,31.946,31.946,31.946,31.9444,31.946,31.946,31.946,31.946,31.946,31.946,31.9444,31.946,31.946,31.946,31.946,31.946,31.9444,31.946,31.946,31.946,31.946,31.946,31.946,31.946,31.946,31.946,31.946,31.946,31.946,31.946,31.946,31.946,31.946,31.946,31.946,31.946,31.946,31.946,31.946,31.946,31.946,31.946,31.946,31.946,31.946,31.946,31.946,31.946,31.946,31.946,31.946,31.946,31.946,31.946,31.946,31.946,31.946,31.946,31.946,31.946,31.946,31.946,31.946,31.946,31.9459,31.946,31.946,31.946,31.946,31.946,31.946,31.946,31.946,31.946,31.946,31.946,31.946,31.946,31.946,31.946,31.946,31.946,31.946,31.946,31.946,31.946,31.946,31.946,31.946,31.946,31.946
184,,31.9509,31.9509,31.9509,31.9509,31.9509,31.9509,31.9509,31.9509,31.9509,31.9509,31.9509,31.9509,31.9509,31.9509,31.9509,31.9509,31.9509,31.9509,31.9509,31.9509,31.9509,31.9509,31.9509,31.9509,31.9509,31.9344,31.9275,31.923,31.9209,31.9175,31.9129,31.9134,31.9109,31.9281,31.9322,31.9322,31.9322,31.9322,31.9381,31.9509,31.9504,31.9491,31.9506,31.9477,31.9509,31.9507,31.9509,31.9505,31.9498,31.9509,31.9509,31.9509,31.9509,31.9464,31.9509,31.9504,31.9508,31.9509,31.9476,31.9509,31.9509,31.9509,31.9509,31.9459,31.9507,31.9425,31.9488,31.9407,31.9421,31.9353,31.9331,31.9325,31.9348,31.9509,31.9509,31.9509,31.9509,31.9509,31.9509,31.9509,31.9509,31.9509,31.9509,31.9509,31.9509,31.9509,31.9509,31.9509,31.9509,31.9509,31.9509,31.9509,31.9509,31.9509,31.9509,31.9509
185,,31.946,31.946,31.946,31.946,31.946,31.946,31.946,31.946,31.946,31.946,31.946,31.946,31.946,31.946,31.9444,31.9444,31.946,31.946,31.946,31.946,31.946,31.946,31.946,31.946,31.946,31.946,31.946,31.946,31.946,31.946,31.946,31.946,31.946,31.946,31.946,31.946,31.946,31.946,31.946,31.946,31.946,31.946,31.946,31.946,31.946,31.946,31.946,31.946,31.946,31.946,31.946,31.946,31.946,31.946,31.946,31.946,31.946,31.946,31.946,31.946,31.946,31.946,31.946,31.946,31.946,31.946,31.946,31.946,31.946,31.946,31.946,31.946,31.946,31.946,31.946,31.946,31.946,31.946,31.946,31.946,31.946,31.946,31.946,31.946,31.946,31.946,31.946,31.946,31.946,31.946,31.946,31.946,31.946,31.946,31.946,31.946
186,,31.946,31.946,31.9444,31.946,31.946,31.946,31.946,31.946,31.946,31.946,31.946,31.946,31.946,31.9444,31.946,31.9444,31.946,31.946,31.946,31.946,31.946,31.946,31.946,31.946,31.946,31.946,31.946,31.946,31.946,31.946,31.946,31.946,31.946,31.946,31.946,31.946,31.946,31.946,31.946,31.946,31.946,31.946,31.946,31.946,31.946,31.946,31.946,31.946,31.946,31.946,31.946,31.946,31.946,31.946,31.946,31.946,31.946,31.946,31.946,31.946,31.946,31.946,31.946,31.946,31.946,31.946,31.946,31.946,31.946,31.946,31.946,31.946,31.946,31.946,31.946,31.946,31.946,31.946,31.946,31.946,31.946,31.946,31.946,31.946,31.946,31.946,31.946,31.946,31.946,31.946,31.946,31.946,31.946,31.946,31.946,31.946
187,,31.946,31.9444,31.946,31.946,31.946,31.946,31.946,31.946,31.946,31.946,31.9444,31.946,31.946,31.946,31.946,31.946,31.946,31.946,31.946,31.946,31.946,31.946,31.946,31.946,31.946,31.946,31.946,31.946,31.9459,31.946,31.946,31.9456,31.9451,31.946,31.946,31.946,31.946,31.946,31.946,31.946,31.946,31.946,31.946,31.946,31.946,31.946,31.946,31.946,31.946,31.946,31.946,31.946,31.946,31.946,31.946,31.946,31.946,31.946,31.946,31.946,31.946,31.946,31.946,31.946,31.946,31.946,31.946,31.946,31.946,31.946,31.946,31.946,31.946,31.946,31.946,31.946,31.946,31.946,31.946,31.946,31.946,31.946,31.946,31.946,31.946,31.946,31.946,31.946,31.946,31.946,31.946,31.946,31.946,31.946,31.946,31.946
188,,31.9459,31.9459,31.9459,31.9459,31.9459,31.9459,31.9459,31.9459,31.9459,31.9459,31.9459,31.9459,31.9459,31.9444,31.9459,31.9444,31.9459,31.9459,31.9459,31.9459,31.9459,31.9459,31.9459,31.9459,31.9459,31.9459,31.9459,31.9459,31.9459,31.9459,31.9459,31.9459,31.9459,31.9459,31.9459,31.9459,31.9459,31.9459,31.9459,31.9459,31.9459,31.9459,31.9459,31.9459,31.9459,31.9459,31.9459,31.9459,31.9459,31.9459,31.9459,31.9459,31.9459,31.9459,31.9459,31.9459,31.9459,31.9459,31.9459,31.9459,31.9459,31.9459,31.9459,31.9459,31.9459,31.9459,31.9459,31.9459,31.9459,31.9459,31.9459,31.9459,31.9459,31.9459,31.9459,31.9459,31.9459,31.9459,31.9459,31.9459,31.9459,31.9459,31.9459,31.9459,31.9459,31.9459,31.9459,31.9459,31.9459,31.9459,31.9459,31.9459,31.9459,31.9459,31.9459,31.9459
189,,31.9444,31.9444,31.9444,31.9461,31.9461,31.9461,31.9461,31.9461,31.9444,31.9461,31.9461,31.9461,31.9461,31.9444,31.9444,31.9444,31.9461,31.9461,31.9461,31.9461,31.9444,31.9444,31.9444,31.9461,31.9461,31.9461,31.9461,31.9461,31.9461,31.9461,31.9461,31.9461,31.9461,31.9461,31.9461,31.9461,31.9461,31.9461,31.9461,31.9461,31.9461,31.9461,31.9461,31.9461,31.9461,31.9461,31.9461,31.9461,31.9461,31.9461,31.9461,31.9461,31.9461,31.9461,31.9461,31.9461,31.9461,31.9461,31.9461,31.9461,31.9461,31.9461,31.9461,31.9461,31.9461,31.9461,31.9461,31.9461,31.9461,31.9461,31.9461,31.9461,31.9461,31.9461,31.9461,31.9461,31.9461,31.9461,31.9461,31.9461,31.9461,31.9461,31.9461,31.9461,31.9461,31.9461,31.9461,31.9461,31.9461,31.9461,31.9461,31.9461,31.9461,31.9461,31.9461,31.9461
190,,31.9461,31.9461,31.9461,31.9461,31.9461,31.9461,31.9461,31.9461,31.9461,31.9461,31.9461,31.9461,31.9461,31.9461,31.9461,31.9461,31.9461,31.9461,31.9461,31.9461,31.9461,31.9461,31.9461,31.9461,31.9461,31.9461,31.9461,31.9461,31.9459,31.9434,31.9429,31.9424,31.9461,31.9461,31.9393,31.9461,31.9461,31.9461,31.9461,31.9461,31.9461,31.9461,31.9461,31.9461,31.9461,31.9461,31.9461,31.9461,31.9461,31.9461,31.9461,31.9461,31.9461,31.9461,31.9461,31.9461,31.9461,31.9461,31.9461,31.9461,31.9461,31.9461,31.9461,31.9461,31.9461,31.9461,31.9461,31.9461,31.9461,31.9461,31.9457,31.9461,31.9461,31.9461,31.9461,31.9461,31.9461,31.9461,31.9461,31.9461,31.9461,31.9461,31.9461,31.9461,31.9461,31.9461,31.9461,31.9461,31.9461,31.9461,31.9461,31.9461,31.9461,31.9461,31.9461,31.9461
191,,31.9466,31.9466,31.9466,31.9466,31.9466,31.9466,31.9466,31.9466,31.9466,31.9466,31.9466,31.9466,31.9466,31.9466,31.9466,31.9444,31.9466,31.9466,31.9466,31.9466,31.9466,31.9466,31.9466,31.9466,31.9466,31.9466,31.9466,31.9466,31.9466,31.9466,31.9466,31.9466,31.9466,31.9466,31.9466,31.9466,31.9466,31.9466,31.9466,31.9466,31.9466,31.9466,31.9466,31.9466,31.9466,31.9466,31.9167,31.9466,31.9466,31.9466,31.9466,31.9466,31.9466,31.9466,31.9466,31.9466,31.9466,31.9466,31.9466,31.9466,31.9466,31.9466,31.9466,31.9466,31.9466,31.9466,31.9063,31.9466,31.9466,31.9466,31.9466,31.9466,31.9466,31.9466,31.9466,31.9466,31.9466,31.9466,31.9466,31.9466,31.9466,31.9466,31.9466,31.9466,31.9466,31.9466,31.9466,31.9466,31.9466,31.9466,31.9466,31.9466,31.9466,31.9466,31.9466,31.9466
192,,31.9458,31.9458,31.9458,31.9458,31.9458,31.9458,31.9458,31.9458,31.9458,31.9458,31.9458,31.9458,31.9458,31.9458,31.9458,31.9458,31.9458,31.9458,31.9458,31.9458,31.9458,31.9458,31.9458,31.9458,31.9458,31.9458,31.9458,31.9458,31.9458,31.9458,31.9458,31.9458,31.9458,31.9458,31.9458,31.9458,31.9458,31.9458,31.9458,31.9458,31.9458,31.9458,31.9458,31.9458,31.9458,31.9458,31.9458,31.9458,31.9458,31.9458,31.9458,31.9458,31.9458,31.9458,31.9458,31.9458,31.9458,31.9458,31.9458,31.9458,31.9458,31.9458,31.9458,31.9458,31.9458,31.9458,31.9458,31.9458,31.9458,31.9458,31.9458,31.9458,31.9458,31.9458,31.9458,31.9458,31.9458,31.9458,31.9458,31.9458,31.9458,31.9458,31.9458,31.9458,31.9458,31.9458,31.9458,31.9458,31.9458,31.9458,31.9458,31.9458,31.9458,31.9458,31.9458,31.9458
193,,31.9458,31.9458,31.9458,31.9458,31.9458,31.9458,31.9458,31.9458,31.9458,31.9458,31.9458,31.9458,31.9458,31.9458,31.9458,31.9458,31.9458,31.9458,31.9458,31.9458,31.9458,31.9458,31.9444,31.9458,31.9458,31.9458,31.9458,31.9458,31.9458,31.9458,31.9458,31.9458,31.9458,31.9458,31.9458,31.9458,31.9458,31.9458,31.9458,31.9458,31.9458,31.9458,31.9458,31.9458,31.9458,31.9458,31.9458,31.9458,31.9458,31.9458,31.9458,31.9458,31.9458,31.9458,31.9458,31.9458,31.9458,31.9458,31.9458,31.9458,31.9458,31.9458,31.9458,31.9458,31.9458,31.9458,31.9458,31.9458,31.9458,31.9458,31.9458,31.9458,31.9458,31.9458,31.9458,31.9458,31.9458,31.9458,31.9458,31.9458,31.9458,31.9458,31.9458,31.9458,31.9458,31.9458,31.9458,31.9458,31.9458,31.9458,31.9458,31.9458,31.9458,31.9458,31.9458,31.9458
194,,31.9458,31.9458,31.9458,31.9458,31.9458,31.9458,31.9458,31.9458,31.9458,31.9458,31.9458,31.9458,31.9458,31.9458,31.9458,31.9458,31.9458,31.9458,31.9458,31.9458,31.9458,31.9458,31.9458,31.9458,31.9458,31.9458,31.9458,31.9458,31.9458,31.9458,31.9458,31.9458,31.9458,31.9458,31.9458,31.9458,31.9458,31.9458,31.9458,31.9458,31.9458,31.9458,31.9458,31.9458,31.9458,31.9458,31.9458,31.9458,31.9458,31.9458,31.9458,31.9458,31.9458,31.9458,31.9458,31.9458,31.9458,31.9458,31.9458,31.9458,31.9458,31.9458,31.9458,31.9458,31.9458,31.9458,31.9458,31.9458,31.9458,31.9458,31.9458,31.9458,31.9458,31.9458,31.9458,31.9458,31.9458,31.9458,31.9458,31.9458,31.9458,31.9458,31.9458,31.9458,31.9458,31.9458,31.9458,31.9458,31.9458,31.9458,31.9458,31.9458,31.9458,31.9458,31.9458,31.9458
195,,31.9461,31.9461,31.9461,31.9461,31.9461,31.9461,31.9461,31.9461,31.9461,31.9461,31.9461,31.9461,31.9461,31.9461,31.9461,31.9461,31.9461,31.9461,31.9461,31.9461,31.9461,31.9461,31.9461,31.9461,31.9461,31.9461,31.9461,31.9461,31.9461,31.9461,31.9457,31.9456,31.9453,31.9444,31.9458,31.9456,31.9461,31.9461,31.9461,31.9461,31.9461,31.9461,31.946,31.9461,31.9461,31.9461,31.9461,31.9461,31.9454,31.9461,31.9458,31.9461,31.9461,31.9457,31.9449,31.9461,31.9461,31.9461,31.9454,31.9456,31.9461,31.9452,31.9453,31.9457,31.9456,31.9461,31.9455,31.9448,31.9446,31.9445,31.943,31.9441,31.9423,31.9446,31.946,31.9461,31.9458,31.9461,31.9458,31.9461,31.9461,31.9461,31.9461,31.9461,31.9461,31.9461,31.9461,31.9461,31.9461,31.9461,31.9461,31.9461,31.9461,31.9461,31.9461,31.9461
196,,31.9487,31.9487,31.9487,31.9487,31.9487,31.9487,31.9487,31.9487,31.9487,31.9487,31.9487,31.9487,31.9487,31.9487,31.9487,31.9487,31.9487,31.9487,31.9487,31.9487,31.9487,31.9487,31.9487,31.9487,31.9487,31.9482,31.9415,31.9396,31.9396,31.9396,31.9396,31.9396,31.9396,31.9396,31.9396,31.9404,31.9421,31.9408,31.9446,31.9457,31.9483,31.9451,31.947,31.9437,31.9462,31.9479,31.9468,31.945,31.9485,31.9487,31.9461,31.9447,31.944,31.9474,31.9449,31.9436,31.9474,31.9456,31.9442,31.9487,31.9425,31.9448,31.9428,31.9419,31.9422,31.942,31.9396,31.9412,31.9398,31.9397,31.9396,31.9401,31.9396,31.9396,31.9435,31.9464,31.9487,31.9473,31.9484,31.9487,31.9487,31.9487,31.9487,31.9487,31.9487,31.9487,31.9487,31.9487,31.9487,31.9487,31.9487,31.9487,31.9487,31.9487,31.9487,31.9487
197,,31.9458,31.9458,31.9458,31.9458,31.9458,31.9458,31.9458,31.9458,31.9458,31.9458,31.9458,31.9458,31.9458,31.9458,31.9458,31.9458,31.9458,31.9458,31.9458,31.9458,31.9458,31.9458,31.9458,31.9458,31.9458,31.9458,31.9458,31.9458,31.9458,31.9458,31.9458,31.9458,31.9458,31.9458,31.9458,31.9458,31.9458,31.9458,31.9458,31.9458,31.9458,31.9458,31.9458,31.9458,31.9458,31.9458,31.9458,31.9458,31.9458,31.9458,31.9458,31.9458,31.9458,31.9458,31.9458,31.9458,31.9458,31.9458,31.9458,31.9458,31.9458,31.9458,31.9458,31.9458,31.9458,31.9458,31.9458,31.9458,31.9458,31.9458,31.9458,31.9458,31.9458,31.9458,31.9458,31.9458,31.9458,31.9458,31.9458,31.9458,31.9458,31.9458,31.9458,31.9458,31.9458,31.9458,31.9458,31.9458,31.9458,31.9458,31.9458,31.9458,31.9458,31.9458,31.9458,31.9458
198,,31.9458,31.9458,31.9458,31.9458,31.9458,31.9458,31.9458,31.9458,31.9458,31.9458,31.9458,31.9458,31.9458,31.9458,31.9444,31.9458,31.9458,31.9458,31.9458,31.9458,31.9458,31.9458,31.9458,31.9458,31.9458,31.9458,31.9458,31.9458,31.9458,31.9458,31.9458,31.9458,31.9458,31.9458,31.9458,31.9458,31.9458,31.9458,31.9458,31.9458,31.9458,31.9458,31.9458,31.9458,31.9458,31.9458,31.9458,31.9458,31.9458,31.9458,31.9458,31.9458,31.9458,31.9458,31.9458,31.9458,31.9458,31.9458,31.9458,31.9458,31.9458,31.9458,31.9458,31.9458,31.9458,31.9458,31.9458,31.9458,31.9458,31.9458,31.9458,31.9458,31.9458,31.9458,31.9458,31.9458,31.9458,31.9458,31.9458,31.9458,31.9458,31.9458,31.9458,31.9458,31.9458,31.9458,31.9458,31.9458,31.9458,31.9458,31.9458,31.9458,31.9458,31.9458,31.9458,31.9458
199,,31.9458,31.9458,31.9458,31.9458,31.9458,31.9458,31.9458,31.9458,31.9458,31.9458,31.9458,31.9458,31.9458,31.9458,31.9444,31.9444,31.9458,31.9458,31.9458,31.9458,31.9458,31.9458,31.9458,31.9458,31.9458,31.9458,31.9458,31.9458,31.9458,31.9458,31.9458,31.9458,31.9458,31.9458,31.9458,31.9458,31.9458,31.9458,31.9458,31.9458,31.9458,31.9458,31.9458,31.9458,31.9458,31.9458,31.9458,31.9458,31.9458,31.9458,31.9458,31.9458,31.9458,31.9458,31.9458,31.9458,31.9458,31.9458,31.9458,31.9458,31.9458,31.9458,31.9458,31.9458,31.9458,31.9458,31.9458,31.9458,31.9458,31.9458,31.9458,31.9458,31.9458,31.9458,31.9458,31.9458,31.9458,31.9458,31.9458,31.9458,31.9458,31.9458,31.9458,31.9458,31.9458,31.9458,31.9458,31.9458,31.9458,31.9458,31.9458,31.9458,31.9458,31.9458,31.9458,31.9458
200,,31.9458,31.9458,31.9458,31.9458,31.9458,31.9458,31.9458,31.9458,31.9458,31.9458,31.9458,31.9458,31.9458,31.9458,31.9458,31.9458,31.9458,31.9458,31.9458,31.9458,31.9458,31.9458,31.9458,31.9458,31.9458,31.9458,31.9458,31.9458,31.9458,31.9458,31.9458,31.9458,31.9458,31.9458,31.9458,31.9458,31.9458,31.9458,31.9458,31.9458,31.9458,31.9458,31.9458,31.9458,31.9458,31.9458,31.9458,31.9458,31.9458,31.9458,31.9458,31.9458,31.9458,31.9458,31.9458,31.9458,31.9458,31.9458,31.9458,31.9458,31.9458,31.9458,31.9458,31.9458,31.9458,31.9458,31.9458,31.9458,31.9458,31.9458,31.9458,31.9458,31.9458,31.9458,31.9458,31.9458,31.9458,31.9458,31.9458,31.9458,31.9458,31.9458,31.9458,31.9458,31.9458,31.9458,31.9458,31.9458,31.9458,31.9458,31.9458,31.9458,31.9458,31.9458,31.9458,31.9458
201,,31.9458,31.9458,31.9458,31.9458,31.9458,31.9458,31.9458,31.9458,31.9458,31.9458,31.9458,31.9458,31.9458,31.9444,31.9444,31.9458,31.9458,31.9458,31.9458,31.9458,31.9458,31.9458,31.9458,31.9458,31.9458,31.9458,31.9458,31.9458,31.9458,31.9458,31.9458,31.9458,31.9458,31.9458,31.9458,31.9458,31.9458,31.9458,31.9458,31.9458,31.9458,31.9458,31.9458,31.9458,31.9458,31.9458,31.9458,31.9458,31.9458,31.9458,31.9458,31.9458,31.9458,31.9458,31.9458,31.9458,31.9458,31.9458,31.9458,31.9458,31.9458,31.9458,31.9458,31.9458,31.9458,31.9458,31.9458,31.9458,31.9458,31.9458,31.9458,31.9458,31.9458,31.9458,31.9458,31.9458,31.9458,31.9458,31.9458,31.9458,31.9458,31.9458,31.9458,31.9458,31.9458,31.9458,31.9458,31.9458,31.9458,31.9458,31.9458,31.9458,31.9458,31.9458,31.9458,31.9458
202,,31.9364,31.9501,31.9501,31.9501,31.9501,31.9501,31.9501,31.9501,31.9501,31.9501,31.9501,31.9501,31.9501,31.9501,31.9501,31.9501,31.9501,31.9501,31.9501,31.9501,31.9501,31.9501,31.9501,31.9501,31.9501,31.9501,31.9501,31.9501,31.9501,31.9435,31.9427,31.9421,31.9501,31.9439,31.9501,31.9375,31.9451,31.9501,31.9501,31.9501,31.942,31.9501,31.9389,31.9501,31.9417,31.9501,31.9378,31.9501,31.9342,31.9445,31.9447,31.9422,31.9501,31.9501,31.9459,31.9498,31.95,31.9337,31.9358,31.9329,31.9435,31.9501,31.9446,31.9501,31.9493,31.9188,31.9501,31.9318,31.9433,31.9272,31.9343,31.9348,31.9449,31.9198,31.9416,31.9422,31.9394,31.9391,31.9437,31.9501,31.9501,31.9501,31.9501,31.9501,31.9501,31.9501,31.9501,31.9501,31.9501,31.9501,31.9501,31.9222,31.9501,31.9501,31.9501,31.9501
203,,31.951,31.951,31.951,31.951,31.951,31.951,31.951,31.951,31.951,31.951,31.951,31.951,31.951,31.951,31.951,31.951,31.951,31.951,31.951,31.951,31.951,31.951,31.951,31.951,31.951,31.9392,31.9319,31.9274,31.9274,31.9274,31.9274,31.926,31.9274,31.9274,31.9274,31.9274,31.9343,31.951,31.9504,31.951,31.951,31.951,31.9459,31.951,31.9448,31.9507,31.9498,31.951,31.951,31.951,31.951,31.951,31.951,31.951,31.951,31.951,31.951,31.9507,31.9503,31.951,31.9432,31.9453,31.9358,31.9495,31.9302,31.9274,31.9274,31.9274,31.9273,31.9272,31.9274,31.9273,31.9416,31.951,31.951,31.95,31.951,31.951,31.951,31.951,31.951,31.951,31.951,31.951,31.951,31.951,31.951,31.951,31.951,31.951,31.951,31.951,31.951,31.951,31.951,31.951
204,,31.9498,31.9498,31.9498,31.9498,31.9498,31.9498,31.9498,31.9498,31.9498,31.9498,31.9498,31.9498,31.9498,31.9498,31.9498,31.9498,31.9498,31.9498,31.9498,31.9498,31.9498,31.9498,31.9498,31.9498,31.9498,31.9444,31.9347,31.9498,31.9423,31.9335,31.9295,31.9271,31.9345,31.9451,31.9415,31.9293,31.9313,31.9334,31.9374,31.938,31.9458,31.9439,31.9329,31.9437,31.9359,31.9475,31.9414,31.9373,31.9423,31.9461,31.9431,31.9402,31.9464,31.9459,31.9498,31.9441,31.9358,31.9453,31.9476,31.9402,31.9498,31.946,31.9402,31.9486,31.947,31.9434,31.9498,31.946,31.9447,31.9448,31.9427,31.9413,31.9498,31.9492,31.9498,31.9498,31.9498,31.9491,31.9498,31.9498,31.9498,31.9498,31.9498,31.9498,31.9498,31.9498,31.9498,31.9498,31.9498,31.9498,31.9498,31.9498,31.9498,31.9498,31.9498,31.9498
205,,31.9461,31.9444,31.9444,31.9444,31.9444,31.9444,31.9461,31.9444,31.9444,31.9444,31.9444,31.9444,31.9444,31.9444,31.9461,31.9461,31.9444,31.9461,31.9444,31.9444,31.9444,31.9444,31.9444,31.9461,31.9461,31.9461,31.9461,31.9461,31.9461,31.9461,31.9461,31.9461,31.9461,31.9461,31.9461,31.9461,31.9461,31.9461,31.9461,31.9461,31.9461,31.9461,31.9461,31.9461,31.9461,31.9461,31.9461,31.9461,31.9461,31.9461,31.9461,31.9461,31.9461,31.9461,31.9461,31.9461,31.9461,31.9461,31.9461,31.9461,31.9461,31.9461,31.9461,31.9461,31.9461,31.9461,31.9461,31.9461,31.9461,31.9461,31.9461,31.9461,31.9461,31.9461,31.9461,31.9461,31.9461,31.9461,31.9461,31.9461,31.9461,31.9461,31.9461,31.9461,31.9461,31.9461,31.9444,31.9461,31.9444,31.9461,31.9461,31.9461,31.9444,31.9461,31.9461,31.9461
206,,31.9457,31.9457,31.9457,31.9457,31.9457,31.9457,31.9457,31.9457,31.9457,31.9457,31.9457,31.9457,31.9457,31.9457,31.9457,31.9457,31.9457,31.9457,31.9457,31.9457,31.9457,31.9457,31.9457,31.9457,31.9457,31.9457,31.9457,31.9457,31.9457,31.9457,31.9457,31.9457,31.9457,31.9457,31.9457,31.9457,31.9457,31.9457,31.9457,31.9457,31.9457,31.9457,31.9457,31.9457,31.9457,31.9457,31.9457,31.9457,31.9457,31.9457,31.9457,31.9457,31.9457,31.9457,31.9457,31.9457,31.9457,31.9457,31.9457,31.9457,31.9457,31.9457,31.9457,31.9457,31.9457,31.9457,31.9457,31.9457,31.9457,31.9457,31.9457,31.9457,31.9457,31.9457,31.9457,31.9457,31.9457,31.9457,31.9457,31.9457,31.9457,31.9457,31.9457,31.9457,31.9457,31.9457,31.9457,31.9457,31.9457,31.9457,31.9457,31.9457,31.9457,31.9457,31.9457,31.9457
207,,31.9444,31.9444,31.9444,31.9444,31.9498,31.9444,31.9444,31.9444,31.9444,31.9444,31.9444,31.9498,31.9444,31.9444,31.9444,31.9444,31.9444,31.9444,31.9444,31.9444,31.9444,31.9444,31.9444,31.9444,31.9444,31.9498,31.9498,31.9444,31.9498,31.9498,31.9444,31.9444,31.9498,31.9498,31.9498,31.9444,31.9444,31.9444,31.9444,31.9498,31.9444,31.9444,31.9498,31.9444,31.9444,31.9444,31.9444,31.9444,31.9444,31.9444,31.9444,31.9498,31.9444,31.9444,31.9498,31.9498,31.9444,31.9498,31.9444,31.9498,31.9444,31.9498,31.9444,31.9444,31.9444,31.9444,31.9444,31.9444,31.9444,31.9444,31.9444,31.9444,31.9444,31.9444,31.9444,31.9444,31.9498,31.9444,31.9444,31.9444,31.9498,31.9444,31.9498,31.9444,31.9444,31.9444,31.9444,31.9444,31.9444,31.9444,31.9498,31.9444,31.9444,31.9444,31.9498,31.9498
208,,31.9457,31.9457,31.9457,31.9457,31.9457,31.9457,31.9457,31.9457,31.9457,31.9457,31.9457,31.9457,31.9457,31.9457,31.9457,31.9457,31.9457,31.9457,31.9457,31.9457,31.9457,31.9457,31.9457,31.9457,31.9457,31.9457,31.9457,31.9457,31.9457,31.9457,31.9457,31.9457,31.9457,31.9457,31.9457,31.9457,31.9457,31.9457,31.9457,31.9457,31.9457,31.9457,31.9457,31.9457,31.9457,31.9457,31.9457,31.9457,31.9457,31.9457,31.9457,31.9457,31.9457,31.9457,31.9457,31.9457,31.9457,31.9457,31.9457,31.9457,31.9457,31.9457,31.9457,31.9457,31.9457,31.9457,31.9457,31.9457,31.9457,31.9457,31.9457,31.9457,31.9457,31.9457,31.9457,31.9457,31.9457,31.9457,31.9457,31.9457,31.9457,31.9457,31.9457,31.9457,31.9457,31.9457,31.9457,31.9457,31.9457,31.9457,31.9457,31.9457,31.9457,31.9457,31.9457,31.9457
209,,31.9457,31.9457,31.9457,31.9457,31.9457,31.9457,31.9457,31.9457,31.9457,31.9457,31.9457,31.9457,31.9457,31.9457,31.9457,31.9457,31.9457,31.9457,31.9457,31.9457,31.9457,31.9457,31.9457,31.9457,31.9457,31.9457,31.9457,31.9457,31.9457,31.9457,31.9457,31.9457,31.9457,31.9457,31.9457,31.9457,31.9457,31.9457,31.9457,31.9457,31.9457,31.9457,31.9457,31.9457,31.9457,31.9457,31.9457,31.9457,31.9457,31.9457,31.9457,31.9457,31.9457,31.9457,31.9457,31.9457,31.9457,31.9457,31.9457,31.9457,31.9457,31.9457,31.9457,31.9457,31.9457,31.9457,31.9457,31.9457,31.9457,31.9457,31.9457,31.9457,31.9457,31.9457,31.9457,31.9457,31.9457,31.9457,31.9457,31.9457,31.9457,31.9457,31.9457,31.9457,31.9457,31.9457,31.9457,31.9457,31.9457,31.9457,31.9457,31.9457,31.9457,31.9457,31.9457,31.9457
210,,31.9444,31.9444,31.9492,31.9444,31.9444,31.9444,31.9444,31.9444,31.9444,31.9444,31.9444,31.9444,31.9444,31.9444,31.9444,31.9444,31.9444,31.9444,31.9444,31.9444,31.9444,31.9444,31.9444,31.9444,31.9444,31.9444,31.9444,31.9492,31.9492,31.9444,31.9444,31.9492,31.9492,31.9492,31.9444,31.9492,31.9444,31.9444,31.9444,31.9444,31.9444,31.9444,31.9492,31.9492,31.9444,31.9444,31.9444,31.9444,31.9444,31.9444,31.9444,31.9444,31.9492,31.9444,31.9492,31.9492,31.9444,31.9492,31.9444,31.9444,31.9444,31.9492,31.9444,31.9444,31.9492,31.9444,31.9444,31.9444,31.9444,31.9492,31.9444,31.9444,31.9444,31.9444,31.9444,31.9444,31.9444,31.9444,31.9492,31.9492,31.9492,31.9444,31.9492,31.9492,31.9492,31.9444,31.9444,31.9444,31.9492,31.9444,31.9444,31.9444,31.9444,31.9492,31.9444,31.9492
211,,31.9478,31.9478,31.9478,31.9478,31.9478,31.9478,31.9478,31.9478,31.9478,31.9478,31.9478,31.9478,31.9478,31.9478,31.9478,31.9478,31.9478,31.9478,31.9478,31.9412,31.9478,31.9478,31.9478,31.9478,31.9478,31.9478,31.9432,31.9377,31.9377,31.9372,31.9333,31.9259,31.9322,31.9377,31.9372,31.9404,31.9453,31.9394,31.9453,31.9471,31.9478,31.9477,31.9475,31.9457,31.9462,31.9433,31.9465,31.9478,31.9466,31.9475,31.9471,31.9459,31.9478,31.9474,31.9467,31.9463,31.9477,31.9469,31.9464,31.9478,31.9463,31.9464,31.9453,31.9473,31.9474,31.9468,31.9459,31.9443,31.9394,31.9402,31.9407,31.9405,31.9416,31.9478,31.9477,31.9449,31.9478,31.9478,31.9478,31.9478,31.9478,31.9478,31.9478,31.9478,31.9478,31.9478,31.9478,31.9478,31.9478,31.9478,31.9478,31.9478,31.9478,31.9478,31.9478,31.9478
212,,31.9444,31.9458,31.9444,31.9444,31.9444,31.9458,31.9458,31.9444,31.9444,31.9458,31.9444,31.9444,31.9444,31.9444,31.9444,31.9444,31.9458,31.9444,31.9458,31.9458,31.9458,31.9458,31.9444,31.9458,31.9458,31.9458,31.9458,31.9458,31.9458,31.9458,31.9458,31.9458,31.9458,31.9458,31.9458,31.9458,31.9458,31.9458,31.9458,31.9458,31.9458,31.9458,31.9458,31.9458,31.9458,31.9458,31.9458,31.9458,31.9458,31.9458,31.9458,31.9458,31.9458,31.9458,31.9458,31.9458,31.9458,31.9458,31.9458,31.9458,31.9458,31.9458,31.9458,31.9458,31.9458,31.9458,31.9458,31.9458,31.9458,31.9458,31.9458,31.9458,31.9458,31.9458,31.9458,31.9458,31.9458,31.9458,31.9458,31.9458,31.9458,31.9458,31.9458,31.9458,31.9458,31.9458,31.9458,31.9458,31.9458,31.9458,31.9458,31.9458,31.9458,31.9444,31.9458,31.9458
213,,31.9456,31.9456,31.9456,31.9456,31.9456,31.9456,31.9456,31.9456,31.9456,31.9456,31.9456,31.9456,31.9456,31.9456,31.9456,31.9456,31.9456,31.9456,31.9456,31.9456,31.9456,31.9456,31.9456,31.9456,31.9456,31.9456,31.9456,31.9456,31.9456,31.9456,31.9456,31.9456,31.9456,31.9456,31.9456,31.9456,31.9456,31.9456,31.9456,31.9456,31.9456,31.9456,31.9456,31.9456,31.9456,31.9456,31.9456,31.9456,31.9456,31.9456,31.9456,31.9456,31.9456,31.9456,31.9456,31.9456,31.9456,31.9456,31.9456,31.9456,31.9456,31.9456,31.9456,31.9456,31.9456,31.9456,31.9456,31.9456,31.9456,31.9456,31.9456,31.9456,31.9456,31.9456,31.9456,31.9456,31.9456,31.9456,31.9456,31.9456,31.9456,31.9456,31.9456,31.9456,31.9456,31.9456,31.9456,31.9456,31.9456,31.9456,31.9456,31.9456,31.9456,31.9456,31.9456,31.9456
214,,31.9456,31.9456,31.9456,31.9456,31.9456,31.9456,31.9456,31.9456,31.9456,31.9456,31.9456,31.9456,31.9456,31.9456,31.9444,31.9456,31.9456,31.9456,31.9456,31.9456,31.9456,31.9456,31.9456,31.9456,31.9456,31.9456,31.9456,31.9456,31.9456,31.9456,31.9456,31.9456,31.9456,31.9456,31.9456,31.9456,31.9456,31.9456,31.9456,31.9456,31.9456,31.9456,31.9456,31.9456,31.9456,31.9456,31.9456,31.9456,31.9456,31.9456,31.9456,31.9456,31.9456,31.9456,31.9456,31.9456,31.9456,31.9456,31.9456,31.9456,31.9456,31.9456,31.9456,31.9456,31.9456,31.9456,31.9456,31.9456,31.9456,31.9456,31.9456,31.9456,31.9456,31.9456,31.9456,31.9456,31.9456,31.9456,31.9456,31.9456,31.9456,31.9456,31.9456,31.9456,31.9456,31.9456,31.9456,31.9456,31.9456,31.9456,31.9456,31.9456,31.9456,31.9456,31.9456,31.9456
215,,31.9444,31.9457,31.9457,31.9457,31.9444,31.9457,31.9444,31.9444,31.9457,31.9457,31.9444,31.9457,31.9457,31.9457,31.9444,31.9444,31.9457,31.9444,31.9457,31.9457,31.9457,31.9457,31.9457,31.9457,31.9457,31.9457,31.9457,31.9457,31.9457,31.9457,31.9457,31.9457,31.9457,31.9457,31.9457,31.9457,31.9457,31.9457,31.9457,31.9457,31.9457,31.9457,31.9457,31.9457,31.9457,31.9457,31.9457,31.9457,31.9457,31.9457,31.9457,31.9457,31.9457,31.9457,31.9457,31.9457,31.9457,31.9457,31.9457,31.9457,31.9457,31.9457,31.9457,31.9457,31.9457,31.9457,31.9457,31.9457,31.9457,31.9457,31.9457,31.9457,31.9457,31.9457,31.9457,31.9457,31.9457,31.9457,31.9457,31.9457,31.9457,31.9457,31.9457,31.9457,31.9457,31.9457,31.9457,31.9457,31.9457,31.9457,31.9457,31.9457,31.9457,31.9457,31.9457,31.9457
216,,31.9462,31.9462,31.9462,31.9462,31.9462,31.9462,31.9462,31.9462,31.9462,31.9462,31.9462,31.9462,31.9462,31.9462,31.9462,31.9462,31.9462,31.9462,31.9462,31.9462,31.9462,31.9462,31.9462,31.9462,31.9462,31.9462,31.9462,31.9462,31.9462,31.9462,31.9462,31.9462,31.9431,31.9448,31.9415,31.9462,31.9462,31.9459,31.9462,31.9462,31.9462,31.9462,31.9454,31.9449,31.9459,31.946,31.9462,31.9462,31.9461,31.9442,31.9459,31.9462,31.9462,31.9462,31.9462,31.9462,31.9443,31.946,31.9446,31.9462,31.9462,31.9461,31.9447,31.943,31.9427,31.9442,31.9433,31.9404,31.9417,31.9386,31.9376,31.9435,31.9452,31.9462,31.9462,31.9462,31.9462,31.9462,31.9462,31.9462,31.9462,31.9462,31.9462,31.9462,31.9462,31.9462,31.9462,31.9462,31.9462,31.9462,31.9462,31.9462,31.9462,31.9462,31.9462,31.9462
217,,31.9456,31.9456,31.9456,31.9456,31.9456,31.9456,31.9456,31.9456,31.9456,31.9456,31.9456,31.9456,31.9456,31.9456,31.9456,31.9456,31.9456,31.9456,31.9456,31.9456,31.9456,31.9456,31.9456,31.9456,31.9456,31.9456,31.9456,31.9456,31.9456,31.9456,31.9456,31.9456,31.9456,31.9456,31.9456,31.9456,31.9456,31.9456,31.9456,31.9456,31.9456,31.9456,31.9456,31.9456,31.9456,31.9456,31.9456,31.9456,31.9456,31.9456,31.9456,31.9456,31.9456,31.9456,31.9456,31.9456,31.9456,31.9456,31.9456,31.9456,31.9456,31.9456,31.9456,31.9456,31.9456,31.9456,31.9456,31.9456,31.9456,31.9456,31.9456,31.9456,31.9456,31.9456,31.9456,31.9456,31.9456,31.9456,31.9456,31.9456,31.9456,31.9456,31.9456,31.9456,31.9456,31.9456,31.9456,31.9456,31.9456,31.9456,31.9456,31.9456,31.9456,31.9456,31.9456,31.9456
218,,31.9456,31.9456,31.9456,31.9456,31.9456,31.9456,31.9456,31.9456,31.9456,31.9456,31.9456,31.9456,31.9456,31.9456,31.9444,31.9444,31.9456,31.9456,31.9456,31.9456,31.9456,31.9456,31.9456,31.9456,31.9456,31.9456,31.9456,31.9456,31.9456,31.9456,31.9456,31.9456,31.9456,31.9456,31.9456,31.9456,31.9456,31.9456,31.9456,31.9456,31.9456,31.9456,31.9456,31.9456,31.9456,31.9456,31.9456,31.9456,31.9456,31.9456,31.9456,31.9456,31.9456,31.9456,31.9456,31.9456,31.9456,31.9456,31.9456,31.9456,31.9456,31.9456,31.9456,31.9456,31.9456,31.9456,31.9456,31.9456,31.9456,31.9456,31.9456,31.9456,31.9456,31.9456,31.9456,31.9456,31.9456,31.9456,31.9456,31.9456,31.9456,31.9456,31.9456,31.9456,31.9456,31.9456,31.9456,31.9456,31.9456,31.9456,31.9456,31.9456,31.9456,31.9456,31.9456,31.9456
219,,31.9456,31.9456,31.9456,31.9456,31.9456,31.9456,31.9456,31.9456,31.9456,31.9456,31.9456,31.9456,31.9456,31.9456,31.9444,31.9444,31.9456,31.9456,31.9456,31.9456,31.9456,31.9456,31.9456,31.9444,31.9456,31.9456,31.9456,31.9456,31.9456,31.9456,31.9456,31.9456,31.9456,31.9456,31.9456,31.9456,31.9456,31.9456,31.9456,31.9456,31.9456,31.9456,31.9456,31.9456,31.9456,31.9456,31.9456,31.9456,31.9456,31.9456,31.9456,31.9456,31.9456,31.9456,31.9456,31.9456,31.9456,31.9456,31.9456,31.9456,31.9456,31.9456,31.9456,31.9456,31.9456,31.9456,31.9456,31.9456,31.9456,31.9456,31.9456,31.9456,31.9456,31.9456,31.9456,31.9456,31.9456,31.9456,31.9456,31.9456,31.9456,31.9456,31.9456,31.9456,31.9456,31.9456,31.9456,31.9456,31.9456,31.9456,31.9456,31.9456,31.9456,31.9456,31.9456,31.9456
220,,31.9478,31.9478,31.9478,31.9478,31.9478,31.9478,31.9478,31.9478,31.9478,31.9478,31.9478,31.9478,31.9478,31.9478,31.9478,31.9478,31.9478,31.9478,31.9478,31.9478,31.9478,31.9478,31.9478,31.9478,31.9478,31.9478,31.9478,31.9478,31.9478,31.9478,31.9478,31.9477,31.9478,31.9478,31.9478,31.9478,31.9478,31.9478,31.9478,31.9478,31.9478,31.9478,31.9478,31.9478,31.9475,31.9478,31.9478,31.9478,31.9478,31.9477,31.9478,31.9445,31.9412,31.935,31.9374,31.9414,31.9354,31.9452,31.9356,31.9317,31.9308,31.9297,31.9294,31.9299,31.9452,31.9476,31.9371,31.9412,31.9372,31.9346,31.9368,31.9397,31.9471,31.9478,31.9465,31.9478,31.9478,31.9478,31.9478,31.9478,31.9478,31.9478,31.9478,31.9478,31.9478,31.9478,31.9478,31.9478,31.9478,31.9478,31.9478,31.9478,31.9478,31.9478,31.9478,31.9478
221,,31.9472,31.9472,31.9472,31.9472,31.9472,31.9472,31.9472,31.9472,31.9472,31.9472,31.9472,31.9472,31.9472,31.9472,31.9472,31.9472,31.9472,31.9472,31.9472,31.9472,31.9472,31.9472,31.9472,31.9472,31.9472,31.9472,31.9472,31.9389,31.9441,31.9309,31.9225,31.9176,31.919,31.9221,31.93,31.9451,31.9472,31.9426,31.9472,31.9472,31.9472,31.9472,31.9472,31.9472,31.9472,31.9472,31.9472,31.9472,31.9472,31.9472,31.9472,31.9472,31.9472,31.9472,31.9472,31.9472,31.9472,31.9472,31.9472,31.9472,31.9472,31.9472,31.9472,31.9472,31.9472,31.9472,31.9472,31.9472,31.9472,31.9472,31.9472,31.9472,31.9472,31.9472,31.9472,31.9472,31.9472,31.9472,31.9472,31.9472,31.9472,31.9472,31.9472,31.9472,31.9472,31.9472,31.9472,31.9472,31.9472,31.9472,31.9472,31.9472,31.9472,31.9472,31.9472,31.9472
222,,31.9483,31.9483,31.9483,31.9483,31.9483,31.9483,31.9483,31.9483,31.9483,31.9483,31.9483,31.9483,31.9483,31.9483,31.9483,31.9483,31.9483,31.9483,31.9483,31.9483,31.9483,31.9483,31.9483,31.9483,31.9466,31.9481,31.9427,31.9384,31.9435,31.9337,31.9333,31.9339,31.9331,31.9359,31.9367,31.9472,31.9453,31.9451,31.9466,31.9483,31.9459,31.9483,31.9482,31.9482,31.9481,31.9483,31.9443,31.9475,31.9483,31.9483,31.9483,31.9461,31.9482,31.9483,31.9436,31.9459,31.9464,31.9469,31.9483,31.9482,31.9438,31.9483,31.9476,31.9397,31.9383,31.9414,31.9381,31.9394,31.9356,31.9359,31.9359,31.9359,31.9359,31.9394,31.9465,31.9477,31.9476,31.9466,31.9474,31.9461,31.9483,31.9483,31.9483,31.9483,31.9483,31.945,31.9483,31.9483,31.9483,31.9483,31.9483,31.9483,31.9461,31.9483,31.9483,31.9483
223,,31.9444,31.9444,31.9444,31.9456,31.9456,31.9456,31.9456,31.9456,31.9444,31.9456,31.9456,31.9456,31.9456,31.9444,31.9444,31.9444,31.9456,31.9456,31.9456,31.9456,31.9444,31.9444,31.9444,31.9456,31.9456,31.9456,31.9456,31.9456,31.9456,31.9456,31.9456,31.9456,31.9456,31.9456,31.9456,31.9456,31.9456,31.9456,31.9456,31.9456,31.9456,31.9456,31.9456,31.9456,31.9456,31.9456,31.9456,31.9456,31.9456,31.9456,31.9456,31.9456,31.9456,31.9456,31.9456,31.9456,31.9456,31.9456,31.9456,31.9456,31.9456,31.9456,31.9456,31.9456,31.9456,31.9456,31.9456,31.9456,31.9456,31.9456,31.9456,31.9456,31.9456,31.9456,31.9456,31.9456,31.9456,31.9456,31.9456,31.9456,31.9456,31.9456,31.9456,31.9456,31.9456,31.9456,31.9456,31.9456,31.9456,31.9456,31.9456,31.9456,31.9456,31.9456,31.9456,31.9456
224,,31.9455,31.9455,31.9455,31.9455,31.9455,31.9455,31.9455,31.9455,31.9455,31.9455,31.9455,31.9455,31.9455,31.9455,31.9455,31.9455,31.9455,31.9455,31.9455,31.9455,31.9455,31.9455,31.9444,31.9455,31.9455,31.9455,31.9455,31.9455,31.9455,31.9455,31.9455,31.9455,31.9455,31.9455,31.9455,31.9455,31.9455,31.9455,31.9455,31.9455,31.9455,31.9455,31.9455,31.9455,31.9455,31.9455,31.9455,31.9455,31.9455,31.9455,31.9455,31.9455,31.9455,31.9455,31.9455,31.9455,31.9455,31.9455,31.9455,31.9455,31.9455,31.9455,31.9455,31.9455,31.9455,31.9455,31.9455,31.9455,31.9455,31.9455,31.9455,31.9449,31.9453,31.9455,31.9455,31.9455,31.9455,31.9455,31.9455,31.9455,31.9455,31.9455,31.9455,31.9455,31.9455,31.9455,31.9455,31.9455,31.9455,31.9455,31.9455,31.9455,31.9455,31.9455,31.9455,31.9455
225,,31.9455,31.9455,31.9455,31.9455,31.9455,31.9455,31.9455,31.9444,31.9455,31.9455,31.9455,31.9455,31.9455,31.9455,31.9444,31.9444,31.9455,31.9455,31.9455,31.9455,31.9455,31.9455,31.9455,31.9455,31.9455,31.9455,31.9455,31.9455,31.9455,31.9455,31.9455,31.9455,31.9455,31.9455,31.9455,31.9455,31.9455,31.9455,31.9455,31.9455,31.9455,31.9455,31.9455,31.9455,31.9455,31.9455,31.9455,31.9455,31.9455,31.9455,31.9455,31.9455,31.9455,31.9455,31.9455,31.9455,31.9455,31.9455,31.9455,31.9455,31.9455,31.9455,31.9455,31.9455,31.9455,31.9455,31.9455,31.9455,31.9455,31.9455,31.9455,31.9455,31.9455,31.9455,31.9455,31.9455,31.9455,31.9455,31.9455,31.9455,31.9455,31.9455,31.9455,31.9455,31.9455,31.9455,31.9455,31.9455,31.9455,31.9455,31.9455,31.9455,31.9455,31.9455,31.9455,31.9455
226,,31.947,31.947,31.947,31.947,31.947,31.947,31.947,31.947,31.947,31.947,31.947,31.947,31.947,31.9444,31.9444,31.947,31.947,31.947,31.947,31.947,31.947,31.947,31.947,31.947,31.947,31.947,31.947,31.947,31.947,31.947,31.947,31.947,31.947,31.947,31.947,31.947,31.947,31.947,31.947,31.947,31.947,31.947,31.947,31.947,31.947,31.947,31.9287,31.9334,31.947,31.947,31.947,31.947,31.947,31.947,31.947,31.947,31.947,31.947,31.947,31.947,31.9445,31.947,31.947,31.947,31.9468,31.9291,31.9378,31.9468,31.947,31.9251,31.9458,31.947,31.946,31.947,31.947,31.947,31.947,31.9465,31.947,31.9337,31.947,31.947,31.947,31.947,31.947,31.947,31.909,31.947,31.947,31.947,31.947,31.947,31.947,31.947,31.947,31.947
227,,31.9455,31.9455,31.9455,31.9455,31.9455,31.9455,31.9455,31.9455,31.9455,31.9455,31.9455,31.9455,31.9455,31.9455,31.9455,31.9444,31.9455,31.9455,31.9455,31.9455,31.9455,31.9455,31.9455,31.9455,31.9455,31.9455,31.9455,31.9455,31.9455,31.9455,31.9455,31.9455,31.9446,31.9455,31.9455,31.9455,31.9455,31.9455,31.9455,31.9455,31.9455,31.9455,31.9455,31.9455,31.9455,31.9455,31.9455,31.9455,31.9455,31.9455,31.9455,31.9455,31.9444,31.9455,31.9455,31.9455,31.9455,31.9455,31.9455,31.9455,31.9455,31.9455,31.9455,31.9455,31.9455,31.9455,31.9455,31.9455,31.9455,31.9455,31.9455,31.9455,31.9455,31.9455,31.9428,31.9455,31.9455,31.9455,31.9455,31.9455,31.9455,31.9455,31.9455,31.9455,31.9455,31.9455,31.9455,31.9455,31.9455,31.9455,31.9455,31.9455,31.9455,31.9455,31.9455,31.9455
228,,31.9461,31.9461,31.9461,31.9461,31.9461,31.9461,31.9461,31.9461,31.9461,31.9461,31.9461,31.9461,31.9461,31.9461,31.9461,31.9461,31.9461,31.9461,31.9461,31.9461,31.9461,31.9461,31.9461,31.9461,31.9461,31.9461,31.9461,31.9461,31.9461,31.9461,31.9461,31.9461,31.9461,31.9461,31.9222,31.9461,31.9461,31.9461,31.9331,31.9461,31.9461,31.9461,31.9461,31.9461,31.9192,31.9461,31.9461,31.9461,31.9461,31.9461,31.9461,31.9461,31.9461,31.9461,31.9461,31.9461,31.9461,31.9461,31.9461,31.9461,31.9461,31.9461,31.9461,31.9461,31.9461,31.9461,31.9461,31.9461,31.9461,31.9461,31.9454,31.9449,31.9461,31.9461,31.9461,31.9461,31.9461,31.9461,31.9461,31.9461,31.9461,31.9461,31.9461,31.9461,31.9461,31.9461,31.9461,31.9461,31.9461,31.9461,31.9461,31.9461,31.9461,31.9461,31.9461,31.9461
229,,31.9455,31.9455,31.9455,31.9455,31.9455,31.9455,31.9455,31.9455,31.9455,31.9455,31.9455,31.9455,31.9455,31.9455,31.9455,31.9444,31.9455,31.9455,31.9455,31.9455,31.9455,31.9455,31.9455,31.9455,31.9455,31.9455,31.9455,31.9455,31.9455,31.9455,31.9455,31.9455,31.9455,31.9455,31.9455,31.9455,31.9455,31.9455,31.9455,31.9455,31.9455,31.9455,31.9455,31.9455,31.9455,31.9455,31.9455,31.9455,31.9455,31.9455,31.9455,31.9455,31.9455,31.9455,31.9455,31.9455,31.9455,31.9455,31.9455,31.9455,31.9455,31.9455,31.9455,31.9455,31.9455,31.9455,31.945,31.9455,31.9455,31.9455,31.9449,31.945,31.9454,31.9455,31.9455,31.9455,31.9455,31.9455,31.9455,31.9455,31.9455,31.9455,31.9455,31.9455,31.9455,31.9455,31.9455,31.9455,31.9455,31.9455,31.9455,31.9455,31.9455,31.9455,31.9455,31.9455
230,,31.9444,31.9444,31.9458,31.9458,31.9458,31.9444,31.9458,31.9444,31.9444,31.9444,31.9458,31.9444,31.9444,31.9458,31.9458,31.9444,31.9444,31.9444,31.9458,31.9458,31.9444,31.9444,31.9444,31.9444,31.9458,31.9444,31.9458,31.9458,31.9458,31.9458,31.9458,31.9458,31.9444,31.9458,31.9458,31.9458,31.9444,31.9458,31.9444,31.9458,31.9458,31.9458,31.9458,31.9458,31.9458,31.9444,31.9444,31.9458,31.9458,31.9444,31.9458,31.9458,31.9458,31.9458,31.9458,31.9458,31.9458,31.9458,31.9458,31.9458,31.9444,31.9458,31.9458,31.9458,31.9458,31.9458,31.9458,31.9458,31.9458,31.9458,31.9458,31.9458,31.9458,31.9458,31.9458,31.9458,31.9458,31.9458,31.9458,31.9458,31.9458,31.9458,31.9458,31.9444,31.9458,31.9458,31.9458,31.9458,31.9458,31.9458,31.9444,31.9458,31.9458,31.9444,31.9458,31.9458
231,,31.9454,31.9454,31.9454,31.9454,31.9454,31.9454,31.9454,31.9454,31.9454,31.9454,31.9454,31.9454,31.9454,31.9454,31.9454,31.9454,31.9454,31.9454,31.9454,31.9454,31.9454,31.9454,31.9454,31.9454,31.9454,31.9454,31.9454,31.9454,31.9454,31.9454,31.9454,31.9454,31.9454,31.9454,31.9454,31.9454,31.9454,31.9454,31.9454,31.9454,31.9454,31.9454,31.9454,31.9454,31.9454,31.9454,31.9454,31.9454,31.9454,31.9454,31.9454,31.9454,31.9454,31.9454,31.9454,31.9454,31.9454,31.9454,31.9454,31.9454,31.9454,31.9454,31.9454,31.9454,31.9454,31.9454,31.9454,31.9454,31.9454,31.9454,31.9454,31.9433,31.9454,31.9454,31.9454,31.9454,31.9454,31.9454,31.9454,31.9454,31.9454,31.9454,31.9454,31.9454,31.9454,31.9454,31.9454,31.9454,31.9454,31.9454,31.9454,31.9454,31.9454,31.9454,31.9454,31.9454
232,,31.9479,31.9479,31.9479,31.9479,31.9479,31.9479,31.9479,31.9479,31.9479,31.9479,31.9479,31.9479,31.9479,31.9479,31.9479,31.9479,31.9479,31.9479,31.9479,31.9479,31.9479,31.9479,31.9479,31.9479,31.9479,31.9479,31.9448,31.9385,31.9385,31.9385,31.9385,31.9338,31.9385,31.9381,31.9385,31.9385,31.9385,31.9385,31.9448,31.9479,31.9479,31.9479,31.9478,31.9446,31.9478,31.9478,31.9478,31.9452,31.9429,31.9479,31.9475,31.9479,31.9477,31.9472,31.9447,31.9459,31.9443,31.9476,31.9436,31.9479,31.9468,31.9478,31.947,31.945,31.9433,31.9395,31.9406,31.9385,31.9385,31.9385,31.9385,31.9385,31.9385,31.9386,31.9423,31.9478,31.9479,31.9477,31.9479,31.9479,31.9479,31.9479,31.9479,31.9479,31.9479,31.9479,31.9479,31.9479,31.9479,31.9479,31.9479,31.9479,31.9479,31.9479,31.9479,31.9479
233,,31.9454,31.9454,31.9454,31.9454,31.9454,31.9454,31.9454,31.9454,31.9454,31.9454,31.9454,31.9454,31.9454,31.9454,31.9444,31.9444,31.9454,31.9454,31.9454,31.9454,31.9454,31.9454,31.9454,31.9454,31.9454,31.9454,31.9454,31.9454,31.9454,31.9454,31.9454,31.9454,31.9454,31.9454,31.9454,31.9454,31.9454,31.9454,31.9454,31.9454,31.9454,31.9454,31.9454,31.9454,31.9454,31.9454,31.9454,31.9454,31.9454,31.9454,31.9454,31.9454,31.9454,31.9454,31.9454,31.9454,31.9454,31.9454,31.9454,31.9454,31.9454,31.9454,31.9454,31.9454,31.9454,31.9454,31.9454,31.9454,31.9454,31.9454,31.9454,31.9454,31.9454,31.9454,31.9454,31.9454,31.9454,31.9454,31.9454,31.9454,31.9454,31.9454,31.9454,31.9454,31.9454,31.9454,31.9454,31.9454,31.9454,31.9454,31.9454,31.9454,31.9454,31.9454,31.9454,31.9454
234,,31.9454,31.9454,31.9454,31.9454,31.9454,31.9454,31.9454,31.9454,31.9454,31.9454,31.9454,31.9454,31.9454,31.9444,31.9454,31.9444,31.9454,31.9454,31.9454,31.9454,31.9454,31.9454,31.9454,31.9454,31.9454,31.9454,31.9454,31.9454,31.9454,31.9454,31.9454,31.9454,31.9454,31.9454,31.9454,31.9454,31.9454,31.9454,31.9454,31.9454,31.9454,31.9454,31.9454,31.9454,31.9454,31.9454,31.9454,31.9454,31.9454,31.9454,31.9454,31.9454,31.9454,31.9454,31.9454,31.9454,31.9454,31.9454,31.9454,31.9454,31.9454,31.9454,31.9454,31.9454,31.9454,31.9454,31.9454,31.9454,31.9454,31.9454,31.9454,31.9454,31.9454,31.9454,31.9454,31.9454,31.9454,31.9454,31.9454,31.9454,31.9454,31.9454,31.9454,31.9454,31.9454,31.9454,31.9454,31.9454,31.9454,31.9454,31.9454,31.9454,31.9454,31.9454,31.9454,31.9454
235,,31.9477,31.9477,31.9477,31.9477,31.9477,31.9477,31.9477,31.9477,31.9477,31.9477,31.9477,31.9477,31.9477,31.9477,31.9477,31.9477,31.9477,31.9477,31.9477,31.9477,31.9477,31.9477,31.9477,31.9477,31.9477,31.9477,31.9475,31.9379,31.9428,31.9312,31.9246,31.9287,31.9287,31.9271,31.9336,31.9457,31.9477,31.9473,31.9477,31.9477,31.9477,31.9477,31.9477,31.9477,31.9477,31.9477,31.9477,31.9477,31.9477,31.9477,31.9477,31.9477,31.9477,31.9477,31.9477,31.9477,31.9477,31.9477,31.9477,31.9477,31.9477,31.9477,31.9477,31.9439,31.9476,31.9461,31.9374,31.9462,31.9403,31.9287,31.9391,31.9349,31.9287,31.9422,31.9477,31.9477,31.9477,31.9477,31.9477,31.9477,31.9477,31.9477,31.9477,31.9477,31.9477,31.9477,31.9477,31.9477,31.9477,31.9477,31.9477,31.9477,31.9477,31.9477,31.9477,31.9477
236,,31.947,31.947,31.947,31.947,31.947,31.947,31.947,31.947,31.947,31.947,31.947,31.947,31.947,31.947,31.947,31.947,31.947,31.947,31.947,31.947,31.947,31.947,31.947,31.947,31.947,31.947,31.947,31.947,31.9454,31.9428,31.9346,31.9394,31.9232,31.9445,31.938,31.9402,31.9404,31.947,31.947,31.9455,31.9467,31.9458,31.9435,31.9455,31.943,31.9455,31.9429,31.9436,31.947,31.947,31.947,31.947,31.947,31.941,31.9464,31.9455,31.9424,31.9438,31.947,31.947,31.9461,31.9389,31.9467,31.947,31.9385,31.94,31.947,31.947,31.9374,31.9413,31.9459,31.945,31.947,31.947,31.947,31.947,31.947,31.947,31.947,31.947,31.947,31.947,31.947,31.947,31.947,31.947,31.947,31.947,31.947,31.947,31.947,31.947,31.947,31.947,31.947,31.947
237,,31.9454,31.9454,31.9454,31.9454,31.9454,31.9454,31.9454,31.9454,31.9444,31.9454,31.9454,31.9454,31.9454,31.9454,31.9454,31.9444,31.9454,31.9454,31.9454,31.9454,31.9454,31.9444,31.9454,31.9454,31.9454,31.9454,31.9454,31.9454,31.9454,31.9454,31.9454,31.9454,31.9454,31.9454,31.9454,31.9454,31.9454,31.9454,31.9454,31.9454,31.9454,31.9454,31.9454,31.9454,31.9454,31.9454,31.9454,31.9454,31.9454,31.9454,31.9454,31.9454,31.9454,31.9454,31.9454,31.9454,31.9454,31.9454,31.9454,31.9454,31.9454,31.9454,31.9454,31.9454,31.9454,31.9454,31.9454,31.9454,31.9454,31.9454,31.9454,31.9454,31.9454,31.9454,31.9454,31.9454,31.9454,31.9454,31.9454,31.9454,31.9454,31.9454,31.9454,31.9454,31.9454,31.9454,31.9454,31.9454,31.9454,31.9454,31.9454,31.9454,31.9454,31.9454,31.9454,31.9454
238,,31.9467,31.9467,31.9467,31.9467,31.9467,31.9467,31.9467,31.9467,31.9467,31.9467,31.9467,31.9467,31.9467,31.9467,31.9467,31.9467,31.9467,31.9467,31.9467,31.9467,31.9467,31.9467,31.9467,31.9467,31.9467,31.9467,31.9467,31.9451,31.9412,31.9399,31.9446,31.9387,31.9394,31.9411,31.9399,31.9412,31.9434,31.942,31.9439,31.944,31.9455,31.9446,31.9424,31.9467,31.9452,31.9446,31.9458,31.944,31.9455,31.9467,31.9448,31.9435,31.9438,31.9454,31.9467,31.9421,31.9444,31.9467,31.9439,31.9414,31.945,31.9453,31.9438,31.9454,31.9438,31.9454,31.9467,31.9464,31.9463,31.9421,31.9429,31.9467,31.9467,31.9467,31.9467,31.9467,31.9467,31.9467,31.9438,31.9449,31.9465,31.9467,31.9467,31.9467,31.9467,31.9467,31.9467,31.9467,31.9467,31.9467,31.9467,31.9467,31.9467,31.9467,31.9467,31.9467
239,,31.9456,31.9444,31.9456,31.9456,31.9456,31.9444,31.9456,31.9444,31.9456,31.9444,31.9456,31.9444,31.9444,31.9456,31.9456,31.9444,31.9444,31.9456,31.9456,31.9456,31.9444,31.9444,31.9444,31.9444,31.9456,31.9456,31.9444,31.9456,31.9456,31.9456,31.9456,31.9456,31.9456,31.9456,31.9456,31.9444,31.9456,31.9456,31.9456,31.9456,31.9456,31.9456,31.9456,31.9456,31.9456,31.9456,31.9456,31.9456,31.9456,31.9456,31.9456,31.9456,31.9456,31.9456,31.9456,31.9456,31.9456,31.9456,31.9456,31.9456,31.9456,31.9456,31.9456,31.9456,31.9456,31.9456,31.9456,31.9456,31.9456,31.9456,31.9456,31.9456,31.9456,31.9456,31.9456,31.9456,31.9456,31.9456,31.9456,31.9456,31.9456,31.9456,31.9456,31.9456,31.9456,31.9456,31.9456,31.9456,31.9456,31.9456,31.9456,31.9456,31.9444,31.9444,31.9456,31.9456
240,,31.9454,31.9454,31.9454,31.9454,31.9454,31.9454,31.9454,31.9454,31.9454,31.9454,31.9454,31.9454,31.9454,31.9454,31.9454,31.9454,31.9454,31.9454,31.9454,31.9454,31.9454,31.9454,31.9454,31.9454,31.9454,31.9454,31.9454,31.9454,31.9454,31.9454,31.9454,31.9454,31.9454,31.9454,31.9454,31.9454,31.9454,31.9454,31.9454,31.9454,31.9454,31.9454,31.9454,31.9454,31.9454,31.9454,31.9454,31.9454,31.9454,31.9454,31.9454,31.9454,31.9454,31.9454,31.9454,31.9454,31.9454,31.9454,31.9454,31.9454,31.9454,31.9454,31.9454,31.9454,31.9454,31.9454,31.9454,31.9454,31.9454,31.9454,31.9454,31.9454,31.9452,31.9454,31.9454,31.9454,31.9454,31.9454,31.9454,31.9454,31.9454,31.9454,31.9454,31.9454,31.9454,31.9454,31.9454,31.9454,31.9454,31.9454,31.9454,31.9454,31.9454,31.9454,31.9454,31.9454
241,,31.9453,31.9453,31.9453,31.9453,31.9453,31.9453,31.9453,31.9453,31.9453,31.9453,31.9453,31.9453,31.9453,31.9453,31.9453,31.9453,31.9453,31.9453,31.9453,31.9453,31.9453,31.9453,31.9453,31.9453,31.9453,31.9453,31.9453,31.9453,31.9453,31.9453,31.9453,31.9453,31.9453,31.9453,31.9453,31.9453,31.9453,31.9453,31.9453,31.9453,31.9453,31.9453,31.9453,31.9453,31.9453,31.9453,31.9453,31.9453,31.9453,31.9453,31.9453,31.9453,31.9453,31.9453,31.9453,31.9453,31.9453,31.9453,31.9453,31.9453,31.9453,31.9453,31.9453,31.9453,31.9453,31.9453,31.9453,31.9453,31.9453,31.9453,31.9453,31.9453,31.9453,31.9453,31.9453,31.9453,31.9453,31.9453,31.9453,31.9453,31.9453,31.9453,31.9453,31.9453,31.9453,31.9453,31.9453,31.9453,31.9453,31.9453,31.9453,31.9453,31.9453,31.9453,31.9453,31.9453
242,,31.9444,31.9455,31.9444,31.9444,31.9444,31.9455,31.9444,31.9455,31.9444,31.9455,31.9444,31.9455,31.9455,31.9444,31.9444,31.9444,31.9444,31.9455,31.9455,31.9455,31.9455,31.9455,31.9455,31.9455,31.9455,31.9455,31.9455,31.9455,31.9455,31.9455,31.9455,31.9455,31.9455,31.9455,31.9455,31.9455,31.9455,31.9455,31.9455,31.9455,31.9455,31.9455,31.9455,31.9444,31.9455,31.9455,31.9455,31.9455,31.9455,31.9455,31.9455,31.9455,31.9455,31.9455,31.9455,31.9455,31.9455,31.9455,31.9455,31.9455,31.9455,31.9455,31.9455,31.9455,31.9455,31.9455,31.9455,31.9455,31.9455,31.9455,31.9455,31.9455,31.9455,31.9455,31.9444,31.9455,31.9455,31.9455,31.9455,31.9455,31.9455,31.9455,31.9455,31.9455,31.9455,31.9455,31.9455,31.9444,31.9455,31.9455,31.9444,31.9444,31.9444,31.9444,31.9455,31.9455
243,,31.9453,31.9453,31.9453,31.9453,31.9453,31.9453,31.9453,31.9453,31.9453,31.9453,31.9453,31.9453,31.9453,31.9453,31.9453,31.9453,31.9453,31.9453,31.9453,31.9453,31.9453,31.9453,31.9453,31.9453,31.9453,31.9453,31.9453,31.9453,31.9453,31.9453,31.9453,31.9453,31.9453,31.9453,31.9453,31.9453,31.9453,31.9453,31.9453,31.9453,31.9453,31.9453,31.9453,31.9453,31.9453,31.9453,31.9453,31.9453,31.9453,31.9453,31.9453,31.9453,31.9453,31.9453,31.9453,31.9453,31.9453,31.9453,31.9453,31.9453,31.9453,31.9453,31.9453,31.9453,31.9453,31.9453,31.9453,31.9453,31.9453,31.9453,31.9453,31.9453,31.9453,31.9453,31.9453,31.9453,31.9453,31.9453,31.9453,31.9453,31.9453,31.9453,31.9453,31.9453,31.9453,31.9453,31.9453,31.9453,31.9453,31.9453,31.9453,31.9453,31.9453,31.9453,31.9453,31.9453
244,,31.9453,31.9453,31.9453,31.9453,31.9453,31.9453,31.9453,31.9453,31.9453,31.9453,31.9453,31.9453,31.9453,31.9453,31.9453,31.9453,31.9453,31.9453,31.9453,31.9453,31.9453,31.9453,31.9453,31.9453,31.9453,31.9453,31.9453,31.9453,31.9453,31.9453,31.9453,31.9453,31.9453,31.9453,31.9453,31.9453,31.9453,31.9453,31.9453,31.9453,31.9453,31.9453,31.9453,31.9453,31.9453,31.9453,31.9453,31.9453,31.9453,31.9453,31.9453,31.9453,31.9453,31.9453,31.9453,31.9453,31.9453,31.9453,31.9453,31.9453,31.9453,31.9453,31.9453,31.9453,31.9453,31.9453,31.9453,31.9453,31.9453,31.9453,31.9453,31.9453,31.9453,31.9453,31.9453,31.9453,31.9453,31.9453,31.9453,31.9453,31.9453,31.9453,31.9453,31.9453,31.9453,31.9453,31.9453,31.9453,31.9453,31.9453,31.9453,31.9453,31.9453,31.9453,31.9453,31.9453
245,,31.9468,31.9468,31.9468,31.9468,31.9468,31.9468,31.9468,31.9468,31.9468,31.9468,31.9468,31.9468,31.9468,31.9468,31.9468,31.9468,31.9468,31.9468,31.9468,31.9468,31.9468,31.9468,31.9468,31.9468,31.9468,31.9468,31.945,31.9367,31.9367,31.9367,31.9338,31.9299,31.9367,31.9367,31.9367,31.9422,31.9468,31.9442,31.9468,31.9468,31.9468,31.9468,31.9468,31.9468,31.9468,31.9468,31.9468,31.9468,31.9468,31.9468,31.9468,31.9468,31.9468,31.9468,31.9468,31.9452,31.9456,31.9468,31.9468,31.9468,31.9468,31.9468,31.9466,31.9454,31.9468,31.9468,31.9438,31.9415,31.9416,31.9398,31.9387,31.9384,31.9381,31.9462,31.9468,31.9468,31.9468,31.9468,31.9468,31.9468,31.9468,31.9468,31.9468,31.9468,31.9468,31.9468,31.9468,31.9468,31.9468,31.9468,31.9468,31.9468,31.9468,31.9468,31.9468,31.9468
246,,31.9487,31.9487,31.9487,31.9487,31.9487,31.9487,31.9487,31.9487,31.9487,31.9487,31.9487,31.9487,31.9487,31.9487,31.9487,31.9487,31.9487,31.9487,31.9487,31.9487,31.9469,31.9487,31.9487,31.9487,31.9487,31.9461,31.9487,31.9487,31.9487,31.946,31.9382,31.9444,31.9354,31.9367,31.9399,31.9469,31.9477,31.9465,31.9487,31.9439,31.9487,31.9474,31.9449,31.9472,31.9487,31.9469,31.9483,31.9467,31.9443,31.947,31.9487,31.9472,31.9487,31.9481,31.9425,31.9461,31.9476,31.9457,31.9481,31.948,31.9392,31.9408,31.9457,31.9314,31.9355,31.9332,31.9322,31.9363,31.9306,31.9315,31.9323,31.9293,31.9314,31.9352,31.9378,31.9482,31.9486,31.9451,31.9453,31.9487,31.9487,31.9481,31.9487,31.9467,31.9487,31.9419,31.9484,31.9475,31.9487,31.9449,31.9487,31.9487,31.9487,31.9487,31.9487,31.9487
247,,31.9453,31.9453,31.9453,31.9453,31.9453,31.9453,31.9453,31.9453,31.9453,31.9453,31.9453,31.9453,31.9453,31.9453,31.9444,31.9444,31.9453,31.9453,31.9453,31.9453,31.9453,31.9453,31.9453,31.9444,31.9453,31.9453,31.9453,31.9453,31.9453,31.9453,31.9453,31.9453,31.9453,31.9453,31.9453,31.9453,31.9453,31.9453,31.9453,31.9453,31.9453,31.9453,31.9453,31.9453,31.9453,31.9453,31.9453,31.9453,31.9453,31.9453,31.9453,31.9453,31.9453,31.9453,31.9453,31.9453,31.9453,31.9453,31.9453,31.9453,31.9453,31.9453,31.9453,31.9453,31.9453,31.9453,31.9453,31.9453,31.9453,31.9453,31.9453,31.9453,31.9453,31.9453,31.9453,31.9453,31.9453,31.9453,31.9453,31.9453,31.9453,31.9453,31.9453,31.9453,31.9453,31.9453,31.9453,31.9453,31.9453,31.9453,31.9453,31.9453,31.9453,31.9453,31.9453,31.9453
248,,31.9444,31.9444,31.9444,31.9444,31.9444,31.9444,31.9444,31.9444,31.9471,31.9444,31.9444,31.9444,31.9444,31.9471,31.9444,31.9444,31.9471,31.9444,31.9444,31.9444,31.9471,31.9471,31.9444,31.9444,31.9471,31.9471,31.9471,31.9444,31.9471,31.9444,31.9471,31.9471,31.9471,31.9471,31.9471,31.9444,31.9444,31.9471,31.9444,31.9471,31.9444,31.9471,31.9471,31.9444,31.9444,31.9471,31.9444,31.9444,31.9471,31.9444,31.9471,31.9444,31.9444,31.9444,31.9444,31.9444,31.9444,31.9444,31.9471,31.9471,31.9444,31.9444,31.9444,31.9471,31.9444,31.9471,31.9444,31.9444,31.9444,31.9444,31.9444,31.9444,31.9444,31.9444,31.9444,31.9471,31.9444,31.9444,31.9444,31.9444,31.9444,31.9444,31.9444,31.9444,31.9471,31.9444,31.9471,31.9444,31.9444,31.9444,31.9444,31.9444,31.9444,31.9444,31.9444,31.9471