,link_id,0:00,0:15,0:30,0:45,1:00,1:15,1:30,1:45,2:00,2:15,2:30,2:45,3:00,3:15,3:30,3:45,4:00,4:15,4:30,4:45,5:00,5:15,5:30,5:45,6:00,6:15,6:30,6:45,7:00,7:15,7:30,7:45,8:00,8:15,8:30,8:45,9:00,9:15,9:30,9:45,10:00,10:15,10:30,10:45,11:00,11:15,11:30,11:45,12:00,12:15,12:30,12:45,13:00,13:15,13:30,13:45,14:00,14:15,14:30,14:45,15:00,15:15,15:30,15:45,16:00,16:15,16:30,16:45,17:00,17:15,17:30,17:45,18:00,18:15,18:30,18:45,19:00,19:15,19:30,19:45,20:00,20:15,20:30,20:45,21:00,21:15,21:30,21:45,22:00,22:15,22:30,22:45,23:00,23:15,23:30,23:45
0,,0.772222,0.573333,0.513333,0.518889,0.47,0.514444,0.402222,0.416667,0.435556,0.468889,0.453333,0.498889,0.492222,0.407778,0.322222,0.265556,0.402222,0.537778,0.585556,0.642222,0.697778,0.807778,1.14667,1.39333,1.57889,1.96889,2.45556,2.94,2.91,3.04778,3.17222,3.15111,3.31667,3.29111,3.29778,3.30222,3.16889,3.15556,3.16444,2.68778,2.73667,2.8,2.91444,2.90667,2.87778,2.91667,2.85444,2.85889,2.86444,2.84333,2.81444,2.73222,2.74222,2.96222,3.03222,3.08111,3.10889,3.02,3.06333,2.98556,3.02444,3.19889,3.42778,3.44556,3.39667,3.51111,3.6,3.59,3.69333,3.84556,3.91222,4.06556,4.11667,3.85333,3.75444,3.41111,3.27,3.35111,3.01,3.03444,2.84778,2.65222,2.38111,2.46778,2.20444,1.91222,1.72333,1.57,1.43667,1.36444,1.27,1.17778,1.10778,1.01667,0.952222,0.9
1,,0.772222,0.572222,0.513333,0.521111,0.467778,0.514444,0.403333,0.414444,0.436667,0.47,0.452222,0.498889,0.493333,0.412222,0.314444,0.265556,0.403333,0.54,0.585556,0.642222,0.698889,0.808889,1.14444,1.39444,1.58111,1.97333,2.46222,2.93556,2.91222,3.05111,3.17556,3.14333,3.32444,3.28778,3.29667,3.30333,3.17,3.15889,3.15889,2.68444,2.73778,2.80222,2.91444,2.90556,2.88,2.91444,2.85667,2.85444,2.87,2.84333,2.81,2.73556,2.74111,2.96444,3.03111,3.07889,3.10889,3.02444,3.05667,2.98778,3.02222,3.20556,3.43444,3.43556,3.40333,3.51222,3.59667,3.58556,3.70333,3.85,3.91,4.07,4.11,3.85778,3.74667,3.40889,3.27,3.34222,3.01222,3.03556,2.84,2.65778,2.37667,2.46889,2.19778,1.92,1.71889,1.56778,1.43556,1.36222,1.27778,1.17333,1.10333,1.01889,0.953333,0.898889
2,,0.77,0.574444,0.513333,0.518889,0.471111,0.511111,0.405556,0.413333,0.436667,0.468889,0.452222,0.498889,0.494444,0.412222,0.314444,0.264444,0.404444,0.538889,0.587778,0.641111,0.697778,0.811111,1.14889,1.39,1.58333,1.97222,2.46778,2.93444,2.91444,3.05111,3.17556,3.14333,3.32667,3.28556,3.29889,3.30111,3.16889,3.15889,3.15778,2.68333,2.73778,2.80778,2.90667,2.91111,2.87667,2.91667,2.85444,2.85667,2.87111,2.84556,2.80333,2.73889,2.74,2.96556,3.02667,3.08556,3.11222,3.01778,3.05778,2.98778,3.02444,3.20333,3.43667,3.43444,3.4,3.52111,3.58778,3.58667,3.70778,3.85222,3.91222,4.07222,4.10333,3.85889,3.74333,3.41111,3.27444,3.32889,3.01333,3.04,2.83778,2.66,2.37333,2.46889,2.2,1.91667,1.71778,1.56889,1.43667,1.36,1.27444,1.17667,1.10333,1.02,0.95,0.9
3,,0.76,0.631111,0.525556,0.531111,0.522222,0.515556,0.466667,0.488889,0.474444,0.538889,0.578889,0.556667,0.581111,0.361111,0.31,0.255556,0.554444,0.587778,0.623333,0.69,0.554444,0.567778,0.968889,1.53778,1.83111,2.05222,2.68667,3.49444,3.41444,2.99333,3.53889,3.51556,3.52333,3.52,3.12667,3.49222,3.39333,3.04556,3.54778,2.66778,3.30111,3.39,3.22889,3.24556,3.33,3.21222,3.35667,3.22444,3.32111,3.31444,3.11333,3.21778,3.30667,3.31778,3.25556,3.3,3.22222,3.24,3.27333,3.21889,3.16111,3.28889,3.19111,3.22889,3.28222,3.33,3.19667,3.37333,3.26111,3.30556,3.27667,3.37333,2.88111,2.89667,2.81444,2.74889,2.74111,2.92333,2.83889,2.74778,2.47778,2.29556,2.33333,2.26333,1.94556,1.82889,1.59,1.33111,1.26889,1.18222,1.13667,1.10333,0.933333,0.896667,0.891111,0.796667
4,,0.755556,0.632222,0.528889,0.53,0.521111,0.512222,0.47,0.491111,0.474444,0.538889,0.576667,0.556667,0.583333,0.36,0.308889,0.256667,0.554444,0.586667,0.621111,0.693333,0.555556,0.566667,0.966667,1.53556,1.83333,2.04667,2.68444,3.45667,3.45,2.98333,3.51333,3.51556,3.52333,3.52,3.16444,3.45444,3.42889,3.03556,3.52222,2.70111,3.30111,3.38444,3.23333,3.24667,3.33222,3.20556,3.35667,3.22778,3.32333,3.31,3.11778,3.22,3.29889,3.31889,3.26,3.29333,3.22778,3.23667,3.27889,3.21333,3.16222,3.28556,3.19556,3.22333,3.28778,3.32667,3.20333,3.36667,3.27,3.29556,3.27556,3.37556,2.88556,2.89667,2.81778,2.75222,2.73667,2.92444,2.84333,2.74222,2.48444,2.29333,2.33667,2.26111,1.94444,1.82889,1.59667,1.32778,1.27222,1.18222,1.13889,1.10111,0.934444,0.895556,0.888889,0.801111
5,,0.76,0.632222,0.528889,0.535556,0.52,0.508889,0.466667,0.496667,0.471111,0.537778,0.583333,0.555556,0.578889,0.364444,0.307778,0.261111,0.547778,0.584444,0.618889,0.695556,0.554444,0.562222,0.957778,1.52667,1.82111,2.03333,2.62,3.32667,3.51333,2.94222,3.49111,3.51556,3.52444,3.51889,3.29556,3.32333,3.52,2.96333,3.50333,2.83778,3.19778,3.40222,3.26,3.21667,3.35222,3.19,3.37333,3.20556,3.32889,3.29333,3.19222,3.17444,3.28667,3.32,3.27556,3.26111,3.29111,3.2,3.29333,3.18667,3.20778,3.23,3.22667,3.20333,3.29111,3.30778,3.24667,3.31333,3.33,3.24444,3.31556,3.35778,2.96556,2.88444,2.82778,2.76889,2.73,2.91444,2.86222,2.72667,2.53333,2.29222,2.34333,2.26556,1.96333,1.82333,1.60778,1.33222,1.27778,1.18222,1.14444,1.10333,0.93,0.903333,0.888889,0.797778
6,,0.763333,0.631111,0.533333,0.535556,0.521111,0.506667,0.465556,0.493333,0.478889,0.533333,0.581111,0.562222,0.58,0.366667,0.307778,0.264444,0.531111,0.593333,0.617778,0.691111,0.558889,0.564444,0.936667,1.51556,1.82111,1.99889,2.55222,3.17,3.49778,3.04111,3.39222,3.51556,3.52444,3.51889,3.44444,3.18889,3.50556,3.06444,3.40222,3.02,3.07222,3.38667,3.32222,3.20667,3.32667,3.20111,3.35667,3.21444,3.32556,3.29111,3.25556,3.13667,3.27778,3.29889,3.30333,3.23556,3.34889,3.16444,3.29,3.18778,3.23444,3.19111,3.26444,3.18,3.27556,3.30556,3.29778,3.25333,3.35667,3.21111,3.34778,3.31556,3.09556,2.86,2.85444,2.78,2.71667,2.89444,2.88333,2.73778,2.56889,2.30444,2.34667,2.26889,1.98889,1.83444,1.61,1.33111,1.29111,1.17889,1.14889,1.11222,0.93,0.894444,0.9,0.793333
7,,0.758889,0.634444,0.525556,0.533333,0.518889,0.507778,0.471111,0.494444,0.47,0.544444,0.575556,0.555556,0.583333,0.36,0.307778,0.26,0.551111,0.584444,0.622222,0.695556,0.554444,0.566667,0.96,1.53222,1.82667,2.04444,2.66667,3.40556,3.48444,2.94889,3.51333,3.51556,3.52333,3.52,3.20556,3.41333,3.47222,2.99222,3.52222,2.74556,3.26778,3.39889,3.23333,3.24,3.33778,3.20111,3.36667,3.21778,3.32556,3.30111,3.14556,3.20111,3.29111,3.32667,3.26111,3.28333,3.24333,3.22667,3.28444,3.20778,3.18111,3.26,3.19889,3.22222,3.29889,3.31222,3.21667,3.34667,3.29222,3.27667,3.29333,3.36889,2.91444,2.89444,2.81222,2.76889,2.73333,2.92111,2.84889,2.73333,2.50333,2.29333,2.34111,2.26333,1.95111,1.83,1.60111,1.32667,1.27111,1.18333,1.14222,1.10222,0.932222,0.898889,0.887778,0.8
8,,0.713333,0.534444,0.474444,0.487778,0.434444,0.477778,0.375556,0.39,0.391111,0.432222,0.408889,0.463333,0.456667,0.386667,0.303333,0.26,0.357778,0.492222,0.538889,0.62,0.647778,0.768889,1.07,1.31778,1.47222,1.83889,2.30333,2.74889,2.71556,2.87889,3.03111,2.98222,3.13778,3.14111,3.12444,3.11556,3.00889,2.99556,2.95444,2.52556,2.53444,2.58111,2.70111,2.67778,2.68111,2.70667,2.63778,2.65889,2.62667,2.62333,2.59111,2.56222,2.54,2.74222,2.82778,2.85444,2.86556,2.80667,2.84667,2.73778,2.79556,3,3.16333,3.21667,3.17111,3.27,3.36778,3.35444,3.46889,3.61444,3.68111,3.81556,3.88889,3.65,3.53111,3.20222,3.09111,3.08667,2.78556,2.80222,2.67667,2.47444,2.22222,2.30333,2.05778,1.80333,1.58222,1.45111,1.32111,1.27222,1.18111,1.08889,1.03111,0.948889,0.893333,0.842222
9,,0.712222,0.535556,0.474444,0.487778,0.433333,0.477778,0.373333,0.391111,0.392222,0.434444,0.406667,0.464444,0.457778,0.384444,0.303333,0.262222,0.352222,0.493333,0.54,0.617778,0.647778,0.77,1.07,1.31111,1.47667,1.83444,2.30222,2.74667,2.71444,2.87556,3.03222,2.97889,3.13778,3.14333,3.12556,3.11667,3.00667,2.99667,2.95667,2.52667,2.53667,2.58111,2.69889,2.67444,2.67889,2.71111,2.63556,2.66111,2.63,2.61778,2.59333,2.56444,2.53778,2.74111,2.82889,2.85667,2.86,2.80889,2.84444,2.74444,2.79222,2.99778,3.16333,3.21556,3.16778,3.27222,3.36556,3.35556,3.46556,3.61,3.68556,3.81333,3.88778,3.65333,3.53,3.21556,3.08778,3.07889,2.79111,2.80556,2.67667,2.47778,2.22111,2.30111,2.06333,1.80111,1.58889,1.45333,1.31444,1.27,1.19,1.08667,1.03333,0.946667,0.895556,0.843333
10,,0.707778,0.533333,0.474444,0.483333,0.431111,0.476667,0.373333,0.396667,0.393333,0.428889,0.416667,0.457778,0.461111,0.378889,0.307778,0.254444,0.362222,0.495556,0.538889,0.62,0.652222,0.77,1.08111,1.31556,1.47889,1.85222,2.31889,2.74667,2.72111,2.88778,3.02222,2.99444,3.14667,3.12556,3.13556,3.10778,3.01222,2.99,2.96111,2.5,2.53111,2.59778,2.69444,2.68778,2.66889,2.71556,2.64556,2.64778,2.62,2.62,2.59667,2.54778,2.55444,2.75333,2.83111,2.85333,2.87222,2.78667,2.85444,2.73111,2.81,3.00111,3.17444,3.21222,3.17111,3.28333,3.36556,3.37333,3.46111,3.61889,3.68889,3.82667,3.89,3.62333,3.53556,3.17333,3.07889,3.09667,2.77889,2.80111,2.66111,2.46444,2.22778,2.30778,2.04111,1.78778,1.59778,1.44556,1.32111,1.26333,1.19111,1.08,1.02889,0.951111,0.883333,0.848889
11,,0.713333,0.535556,0.474444,0.487778,0.433333,0.476667,0.374444,0.391111,0.391111,0.435556,0.406667,0.464444,0.457778,0.384444,0.302222,0.263333,0.351111,0.494444,0.54,0.615556,0.647778,0.772222,1.06889,1.31,1.47889,1.83333,2.29778,2.74778,2.71444,2.87667,3.03111,2.97889,3.13889,3.14222,3.12444,3.11778,3.00556,2.99778,2.95667,2.52889,2.53667,2.58222,2.69667,2.67444,2.67889,2.71222,2.63333,2.66333,2.63,2.61667,2.59333,2.56444,2.53667,2.74333,2.82444,2.86,2.85889,2.80889,2.84222,2.74889,2.78889,3,3.16222,3.21444,3.16889,3.27222,3.36556,3.35778,3.46333,3.60889,3.68444,3.81222,3.88889,3.65444,3.53111,3.21556,3.08889,3.07778,2.79111,2.80667,2.67778,2.47889,2.22,2.3,2.06556,1.8,1.58667,1.45556,1.31333,1.27222,1.19111,1.08222,1.03778,0.944444,0.897778,0.842222
12,,0.71,0.536667,0.471111,0.487778,0.436667,0.476667,0.374444,0.391111,0.392222,0.431111,0.41,0.462222,0.458889,0.384444,0.304444,0.257778,0.358889,0.493333,0.537778,0.62,0.651111,0.768889,1.07444,1.31222,1.47444,1.84333,2.30222,2.75,2.71889,2.87667,3.03222,2.98333,3.13889,3.13889,3.12778,3.11222,3.00778,2.99889,2.95111,2.52333,2.53444,2.58444,2.70222,2.68111,2.67333,2.70556,2.64778,2.65444,2.62111,2.62778,2.59111,2.55778,2.54,2.74667,2.83,2.84889,2.87,2.79889,2.85778,2.72889,2.79667,3.00556,3.16444,3.21444,3.17,3.27333,3.36889,3.35667,3.46556,3.61667,3.68222,3.81667,3.89222,3.64444,3.53,3.2,3.08778,3.08667,2.78889,2.79556,2.67667,2.47333,2.22111,2.30556,2.05778,1.79778,1.58333,1.45444,1.32222,1.27,1.18,1.08778,1.03222,0.947778,0.891111,0.845556
13,,0.714444,0.534444,0.475556,0.487778,0.433333,0.476667,0.374444,0.39,0.392222,0.435556,0.405556,0.465556,0.456667,0.385556,0.302222,0.263333,0.348889,0.496667,0.54,0.615556,0.646667,0.771111,1.07111,1.30778,1.48,1.82889,2.29667,2.74778,2.71333,2.87667,3.03333,2.97667,3.14111,3.14,3.12556,3.11667,3.00667,2.99778,2.95778,2.53111,2.53444,2.58111,2.70111,2.66889,2.68222,2.70889,2.63333,2.66444,2.63111,2.61333,2.59556,2.56333,2.53667,2.74444,2.82444,2.85778,2.85889,2.81444,2.83889,2.75,2.78778,2.99889,3.16333,3.21,3.17222,3.26778,3.36778,3.35667,3.46667,3.60333,3.68556,3.81,3.89222,3.65444,3.53444,3.21222,3.09333,3.08111,2.78667,2.80889,2.67667,2.48,2.21889,2.3,2.06778,1.80333,1.58333,1.45778,1.31333,1.27,1.19222,1.08333,1.03667,0.947778,0.897778,0.841111
14,,0.712222,0.534444,0.475556,0.486667,0.433333,0.477778,0.374444,0.39,0.393333,0.433333,0.406667,0.464444,0.457778,0.385556,0.302222,0.262222,0.352222,0.493333,0.54,0.62,0.646667,0.77,1.07111,1.31333,1.47333,1.83556,2.30222,2.74778,2.71444,2.87444,3.03333,2.98111,3.13667,3.14444,3.12222,3.11778,3.00556,2.99667,2.95556,2.53,2.53333,2.58111,2.70111,2.67444,2.68222,2.70889,2.63667,2.65889,2.63,2.61556,2.59556,2.56556,2.53444,2.74333,2.82778,2.85556,2.86222,2.80778,2.84556,2.74333,2.79333,2.99778,3.16222,3.21667,3.16778,3.27222,3.36556,3.35444,3.46778,3.61111,3.68333,3.81556,3.88667,3.65444,3.52889,3.21222,3.08778,3.08222,2.78889,2.80556,2.67667,2.47667,2.22222,2.30444,2.05889,1.80111,1.58889,1.45333,1.31444,1.27111,1.18889,1.08556,1.03444,0.946667,0.895556,0.843333
15,,0.71,0.536667,0.471111,0.486667,0.436667,0.475556,0.374444,0.391111,0.396667,0.427778,0.41,0.461111,0.463333,0.381111,0.303333,0.257778,0.36,0.493333,0.537778,0.618889,0.653333,0.767778,1.07667,1.31,1.47778,1.84333,2.30667,2.74667,2.71667,2.88333,3.02889,2.98111,3.14111,3.13889,3.12778,3.11111,3.01222,2.99556,2.95222,2.51889,2.53667,2.58333,2.70444,2.68111,2.67111,2.70778,2.64889,2.65222,2.62333,2.62333,2.59333,2.55556,2.53889,2.75111,2.83,2.85111,2.86889,2.79778,2.85667,2.72889,2.79778,3.00667,3.16333,3.21333,3.17111,3.27667,3.36889,3.35556,3.46667,3.61778,3.68444,3.81556,3.89,3.64778,3.52556,3.20222,3.08333,3.08667,2.78889,2.79556,2.67556,2.47444,2.21778,2.30667,2.05667,1.79667,1.58778,1.44889,1.32333,1.27111,1.18111,1.08333,1.03333,0.947778,0.89,0.847778
16,,0.71,0.536667,0.474444,0.484444,0.431111,0.475556,0.374444,0.397778,0.393333,0.425556,0.417778,0.456667,0.462222,0.382222,0.305556,0.254444,0.361111,0.493333,0.54,0.618889,0.651111,0.773333,1.07556,1.31111,1.48333,1.84444,2.31333,2.75,2.71333,2.88778,3.02333,2.98667,3.15,3.13222,3.13333,3.11,3.00667,2.99333,2.96,2.50556,2.53444,2.59444,2.7,2.68333,2.67,2.70778,2.64444,2.65333,2.62222,2.62889,2.58556,2.55111,2.54889,2.75444,2.83444,2.84444,2.87333,2.79444,2.84778,2.73556,2.80444,3.00333,3.16556,3.21889,3.16667,3.28444,3.36444,3.36667,3.46222,3.61778,3.69,3.82,3.88778,3.63444,3.53667,3.18111,3.08222,3.09222,2.78111,2.79667,2.67222,2.47,2.22222,2.30778,2.05111,1.79111,1.59,1.45,1.32,1.26889,1.18667,1.07889,1.03333,0.944444,0.89,0.845556
17,,0.71,0.535556,0.472222,0.486667,0.432222,0.475556,0.374444,0.394444,0.395556,0.426667,0.416667,0.457778,0.462222,0.38,0.306667,0.253333,0.36,0.494444,0.54,0.62,0.651111,0.773333,1.07333,1.31111,1.48222,1.84444,2.31333,2.74889,2.71556,2.88556,3.02556,2.98444,3.14889,3.13333,3.13333,3.11,3.00556,2.99444,2.95889,2.51111,2.52889,2.59667,2.69778,2.68556,2.66889,2.70778,2.64444,2.65333,2.62222,2.63,2.58778,2.55,2.54556,2.75444,2.83333,2.84778,2.87,2.79778,2.85,2.73111,2.80444,3.00444,3.16667,3.21667,3.16778,3.28222,3.36556,3.36556,3.46111,3.61778,3.68889,3.81778,3.89222,3.63778,3.53333,3.18222,3.07889,3.09778,2.78111,2.79778,2.67222,2.47111,2.22111,2.30889,2.05333,1.78778,1.58889,1.45222,1.31778,1.26889,1.18667,1.08222,1.03333,0.942222,0.892222,0.846667
18,,0.708889,0.537778,0.471111,0.486667,0.434444,0.475556,0.374444,0.393333,0.396667,0.425556,0.412222,0.458889,0.464444,0.381111,0.304444,0.256667,0.36,0.494444,0.538889,0.62,0.651111,0.772222,1.07444,1.30889,1.48333,1.84333,2.30889,2.75,2.71556,2.88333,3.02778,2.98222,3.14667,3.13667,3.12778,3.11222,3.00889,2.99444,2.95667,2.51333,2.53222,2.58889,2.69889,2.68889,2.66667,2.71,2.64556,2.65333,2.62,2.63,2.58889,2.54889,2.54889,2.75111,2.83111,2.85111,2.86778,2.80111,2.85111,2.72889,2.8,3.00667,3.16444,3.21889,3.16889,3.27556,3.37,3.36,3.46333,3.62,3.68444,3.82,3.89,3.64,3.53111,3.19222,3.07889,3.09444,2.78111,2.80222,2.67,2.47333,2.21889,2.30667,2.05444,1.79444,1.58778,1.44889,1.32111,1.26889,1.18444,1.08556,1.03333,0.943333,0.892222,0.845556
19,,0.707778,0.536667,0.473333,0.483333,0.433333,0.474444,0.374444,0.397778,0.392222,0.428889,0.416667,0.456667,0.46,0.382222,0.306667,0.254444,0.362222,0.493333,0.538889,0.618889,0.651111,0.773333,1.07778,1.31667,1.47667,1.84778,2.31556,2.75111,2.71333,2.88667,3.02556,2.99,3.14778,3.13,3.13333,3.11111,3.01,2.99,2.95778,2.50667,2.53333,2.59556,2.69778,2.68667,2.66778,2.71556,2.64444,2.64778,2.62222,2.62556,2.58778,2.55,2.55333,2.75444,2.83,2.84778,2.87333,2.78889,2.85222,2.73778,2.80111,3.00556,3.16778,3.21444,3.17556,3.27778,3.36667,3.37111,3.45778,3.61778,3.69111,3.82333,3.88667,3.63111,3.54111,3.17444,3.07778,3.09444,2.78222,2.80222,2.66333,2.47111,2.22111,2.30889,2.04444,1.79,1.59778,1.44667,1.32,1.26556,1.18889,1.07889,1.03222,0.945556,0.888889,0.847778
20,,0.97,0.853333,0.766667,0.862222,0.78,0.746667,0.527778,0.53,0.563333,0.564444,0.636667,0.617778,0.352222,0.288889,0.243333,0.215556,0.563333,0.72,0.696667,0.826667,0.663333,0.722222,0.846667,1.06111,1.39,1.77778,1.95333,2.28889,2.55667,2.79,2.70111,2.78,2.86778,2.63667,2.89889,2.67222,2.66222,2.92556,2.75667,2.64111,2.68889,2.78444,2.90778,2.73,2.79333,2.73222,2.72222,2.70556,2.62222,2.87889,2.58667,2.63667,2.84556,2.73111,2.91111,2.89222,2.82,2.78444,2.82222,2.77222,2.82,3.00444,3.14556,3.02333,3.19,3.21778,3.15222,3.22778,3.26667,3.32889,3.44,3.28778,2.97778,3.03778,2.94111,2.90778,2.84333,2.86444,2.77222,2.75444,2.52889,2.56667,2.59333,2.43889,2.22444,2.06889,1.79111,1.74,1.66778,1.59333,1.38222,1.42222,1.28,1.26667,1.18444,1.16111
21,,0.967778,0.855556,0.77,0.861111,0.781111,0.744444,0.531111,0.527778,0.563333,0.565556,0.637778,0.617778,0.352222,0.287778,0.245556,0.214444,0.562222,0.716667,0.698889,0.826667,0.661111,0.725556,0.848889,1.06,1.38333,1.77222,1.95222,2.28,2.55556,2.78667,2.70444,2.77222,2.87222,2.64222,2.88333,2.68667,2.65444,2.92444,2.76556,2.63778,2.69111,2.78,2.91111,2.72889,2.79,2.73556,2.72111,2.70667,2.62444,2.86778,2.60778,2.61667,2.85111,2.73111,2.90889,2.89778,2.81333,2.78667,2.82556,2.76889,2.81889,2.99333,3.14111,3.03111,3.17556,3.22333,3.16222,3.21444,3.26667,3.32222,3.44333,3.29444,2.99,3.03444,2.95111,2.90444,2.85,2.85889,2.77556,2.75,2.54111,2.56111,2.6,2.44333,2.21889,2.08111,1.79222,1.73778,1.66889,1.59222,1.39111,1.41556,1.28,1.26556,1.18222,1.16556
22,,0.966667,0.857778,0.764444,0.865556,0.774444,0.75,0.521111,0.536667,0.561111,0.566667,0.633333,0.622222,0.342222,0.29,0.244444,0.215556,0.566667,0.72,0.702222,0.82,0.666667,0.722222,0.856667,1.05778,1.39333,1.78556,1.96,2.30556,2.55778,2.80778,2.68444,2.79889,2.84556,2.65,2.90667,2.65556,2.66778,2.94556,2.73,2.65778,2.67111,2.80889,2.9,2.72,2.79333,2.73,2.73,2.69667,2.62556,2.88556,2.56111,2.66444,2.82333,2.75556,2.91556,2.89222,2.80444,2.79111,2.82778,2.77,2.82333,3.03444,3.12667,3.03,3.19778,3.21333,3.15778,3.24,3.24889,3.37111,3.41556,3.26778,2.97556,3.03556,2.92333,2.91,2.83222,2.87333,2.76,2.75667,2.52222,2.57667,2.57222,2.44667,2.21333,2.06111,1.78,1.74778,1.66222,1.58556,1.38778,1.41778,1.27889,1.26667,1.18556,1.15778
23,,0.972222,0.864444,0.766667,0.862222,0.787778,0.746667,0.542222,0.524444,0.553333,0.562222,0.642222,0.618889,0.366667,0.283333,0.251111,0.214444,0.534444,0.721111,0.698889,0.821111,0.681111,0.712222,0.848889,1.04444,1.36556,1.75,1.93111,2.22667,2.52333,2.72222,2.75667,2.71778,2.91556,2.66111,2.80778,2.76111,2.63444,2.84333,2.86222,2.63333,2.70556,2.71778,2.92222,2.76222,2.79222,2.73222,2.71444,2.70667,2.65778,2.79444,2.70222,2.54556,2.85667,2.71889,2.9,2.87556,2.84,2.77667,2.85889,2.73333,2.83444,2.91333,3.10667,3.07333,3.10333,3.24333,3.16333,3.19111,3.24556,3.26444,3.43778,3.36333,3.08444,3.02778,3.00667,2.89667,2.88889,2.83111,2.81333,2.72444,2.61333,2.55333,2.60556,2.46556,2.26556,2.08444,1.81667,1.72556,1.69333,1.58,1.41333,1.41667,1.27778,1.27333,1.18444,1.17
24,,0.973333,0.863333,0.766667,0.862222,0.788889,0.746667,0.542222,0.523333,0.554444,0.56,0.644444,0.618889,0.367778,0.282222,0.252222,0.214444,0.532222,0.722222,0.7,0.818889,0.683333,0.71,0.85,1.04333,1.36222,1.75222,1.92889,2.22778,2.52111,2.71778,2.76,2.71444,2.91778,2.66222,2.80222,2.76667,2.63556,2.83667,2.87,2.63222,2.70444,2.71333,2.92333,2.76556,2.79444,2.73,2.71556,2.70111,2.66222,2.79222,2.70444,2.54444,2.85667,2.72,2.89889,2.87778,2.83778,2.77778,2.85667,2.73556,2.83444,2.91111,3.10444,3.07333,3.10222,3.23889,3.16667,3.19111,3.24556,3.26,3.43667,3.36667,3.09111,3.02444,3.01,2.89556,2.89,2.83333,2.81333,2.72111,2.61889,2.55333,2.60333,2.46667,2.26778,2.08444,1.81778,1.72222,1.69778,1.58,1.41333,1.41667,1.27889,1.27333,1.18444,1.16889
25,,0.96,0.856667,0.765556,0.87,0.77,0.751111,0.52,0.536667,0.561111,0.565556,0.634444,0.622222,0.343333,0.286667,0.244444,0.216667,0.57,0.717778,0.704444,0.817778,0.666667,0.723333,0.861111,1.05556,1.39556,1.78556,1.96667,2.31111,2.56333,2.81111,2.67889,2.80889,2.83222,2.65667,2.91111,2.64667,2.67667,2.94667,2.71778,2.67,2.65889,2.82222,2.89111,2.72333,2.78667,2.73556,2.72556,2.69667,2.62222,2.89444,2.54556,2.68,2.82111,2.76,2.91667,2.89,2.80556,2.79222,2.82111,2.77444,2.82333,3.04556,3.12889,3.03667,3.19111,3.22222,3.15,3.24889,3.24333,3.38667,3.40111,3.26667,2.96667,3.03222,2.91778,2.91111,2.82667,2.88333,2.76,2.75556,2.50111,2.58222,2.57111,2.44556,2.20889,2.06222,1.77556,1.75333,1.65889,1.58222,1.38778,1.41667,1.27556,1.26667,1.18556,1.16444
26,,0.96,0.857778,0.764444,0.87,0.768889,0.753333,0.517778,0.536667,0.562222,0.566667,0.634444,0.621111,0.342222,0.286667,0.244444,0.216667,0.57,0.721111,0.702222,0.816667,0.666667,0.724444,0.862222,1.05667,1.39667,1.78556,1.96444,2.31444,2.56222,2.81444,2.67889,2.81,2.83,2.65778,2.91667,2.63889,2.68111,2.94556,2.71444,2.67222,2.65889,2.82333,2.89,2.72778,2.78,2.73778,2.72667,2.69667,2.62111,2.90111,2.54,2.68222,2.82111,2.76222,2.91222,2.89222,2.80667,2.79,2.82333,2.77333,2.82222,3.05222,3.13,3.03556,3.18889,3.22444,3.14667,3.25444,3.24444,3.38889,3.40111,3.25333,2.96889,3.04111,2.91222,2.91333,2.81778,2.89222,2.75333,2.75667,2.49222,2.59111,2.57111,2.44444,2.20444,2.05889,1.77556,1.75444,1.65556,1.58556,1.38778,1.41778,1.27222,1.26778,1.18333,1.16556
27,,0.967778,0.856667,0.767778,0.861111,0.782222,0.743333,0.532222,0.527778,0.562222,0.565556,0.637778,0.617778,0.352222,0.287778,0.245556,0.215556,0.561111,0.717778,0.697778,0.827778,0.663333,0.722222,0.848889,1.06111,1.38444,1.77444,1.95222,2.28111,2.55444,2.78778,2.70556,2.77222,2.87444,2.63778,2.88889,2.68111,2.65444,2.92778,2.76444,2.63667,2.69222,2.78,2.91,2.73111,2.79111,2.73444,2.71889,2.70778,2.62,2.87333,2.60222,2.62333,2.84889,2.73111,2.91111,2.89444,2.81444,2.78778,2.82444,2.76778,2.82,2.99889,3.14,3.02889,3.17667,3.22556,3.15889,3.21667,3.26667,3.32444,3.44444,3.29,2.98889,3.03333,2.95222,2.90333,2.85111,2.85667,2.77556,2.75111,2.53778,2.56333,2.59778,2.44333,2.22,2.07667,1.79222,1.74,1.66778,1.59222,1.38889,1.41667,1.28,1.26556,1.18222,1.16556
28,,0.966667,0.857778,0.763333,0.865556,0.775556,0.75,0.522222,0.535556,0.56,0.567778,0.633333,0.622222,0.343333,0.29,0.244444,0.214444,0.567778,0.72,0.701111,0.821111,0.665556,0.722222,0.853333,1.06222,1.39,1.78667,1.95778,2.30111,2.56,2.80333,2.68778,2.79222,2.85222,2.65222,2.90111,2.65667,2.66778,2.94556,2.73111,2.65667,2.67222,2.80444,2.90556,2.72,2.79111,2.73333,2.72667,2.69222,2.63222,2.88556,2.56444,2.66,2.82556,2.75333,2.91667,2.88889,2.81222,2.78556,2.82778,2.77111,2.82222,3.02667,3.13111,3.02778,3.19778,3.21667,3.15444,3.23667,3.25556,3.36222,3.41889,3.27,2.97778,3.03556,2.92556,2.90778,2.83333,2.87444,2.76333,2.75667,2.52111,2.57889,2.57111,2.44667,2.21444,2.06556,1.77444,1.75111,1.66333,1.58556,1.38889,1.41667,1.27889,1.26667,1.18667,1.15778
29,,0.716667,0.573333,0.506667,0.494444,0.477778,0.467778,0.428889,0.455556,0.441111,0.486667,0.53,0.513333,0.55,0.332222,0.273333,0.236667,0.473333,0.553333,0.567778,0.628889,0.505556,0.522222,0.876667,1.38222,1.64667,1.83556,2.36,2.89667,3.15333,2.85111,3.03444,3.27222,3.26667,3.23222,3.19222,2.89556,3.18333,2.88222,3.05,2.85889,2.75111,3.05222,3.04222,2.95111,3.03889,2.91889,3.05222,2.96778,3.00889,3.00444,2.98889,2.85889,2.99667,3.02444,3.04667,3.00111,3.06889,2.93,2.99444,2.91889,3.00111,2.95333,3.02444,2.93,3.02333,3.06444,3.07111,3.00556,3.09778,3.01222,3.13222,3.06778,2.90667,2.67778,2.67222,2.62222,2.54778,2.68556,2.68111,2.54667,2.39889,2.16111,2.14333,2.07889,1.85111,1.69889,1.50222,1.22889,1.19,1.09444,1.06333,1.02667,0.866667,0.823333,0.832222,0.736667
30,,0.714444,0.573333,0.506667,0.495556,0.477778,0.465556,0.428889,0.455556,0.443333,0.484444,0.531111,0.513333,0.55,0.331111,0.273333,0.236667,0.476667,0.551111,0.568889,0.626667,0.506667,0.524444,0.877778,1.38667,1.64444,1.83889,2.36778,2.90889,3.16111,2.83444,3.04889,3.27556,3.26556,3.23333,3.17889,2.89889,3.19444,2.86333,3.06333,2.84333,2.75556,3.05667,3.04333,2.94778,3.04333,2.91556,3.05333,2.96667,3.01222,3.00222,2.98444,2.85778,3.00444,3.02556,3.04556,2.99778,3.07667,2.91556,3.00444,2.91333,3.00889,2.95222,3.02111,2.93111,3.02111,3.07,3.06444,3.01556,3.09222,3.01,3.13778,3.07,2.88889,2.68222,2.66889,2.62222,2.54333,2.69111,2.68222,2.54667,2.39444,2.15111,2.15111,2.07889,1.84222,1.69778,1.50444,1.22778,1.18889,1.09667,1.06333,1.02556,0.863333,0.824444,0.831111,0.737778
31,,0.718889,0.575556,0.507778,0.494444,0.474444,0.47,0.432222,0.451111,0.442222,0.485556,0.533333,0.51,0.553333,0.331111,0.273333,0.236667,0.473333,0.548889,0.572222,0.627778,0.506667,0.516667,0.874444,1.38,1.64444,1.83333,2.34222,2.85556,3.14333,2.88889,3.00778,3.25778,3.27444,3.22111,3.21222,2.9,3.16556,2.91556,3.02111,2.9,2.73111,3.03222,3.05667,2.94889,3.03778,2.93333,3.04,2.97667,2.99889,3.00778,3.00222,2.84889,2.99667,3.02444,3.04111,3.00222,3.06889,2.93556,2.98889,2.92556,2.99889,2.95222,3.02333,2.93444,3.02,3.05778,3.07778,2.99778,3.09222,3.01333,3.13444,3.06667,2.93889,2.66889,2.67778,2.63,2.54333,2.67556,2.69111,2.55111,2.40778,2.16444,2.13444,2.09111,1.85222,1.70667,1.49667,1.23667,1.19333,1.08667,1.07,1.02556,0.872222,0.815556,0.832222,0.74
32,,0.721111,0.575556,0.507778,0.494444,0.474444,0.47,0.432222,0.451111,0.443333,0.484444,0.532222,0.511111,0.553333,0.332222,0.272222,0.237778,0.472222,0.547778,0.574444,0.625556,0.507778,0.516667,0.871111,1.38111,1.64111,1.83667,2.33889,2.84889,3.14,2.89556,3.00111,3.25778,3.27222,3.22111,3.21556,2.90222,3.16111,2.92111,3.01667,2.90778,2.72778,3.03333,3.05444,2.94778,3.03556,2.93889,3.03556,2.98111,2.99333,3.00889,3.00667,2.84778,2.99222,3.02889,3.03778,3.00333,3.06778,2.93667,2.99,2.92444,2.99889,2.95222,3.02667,2.93333,3.01556,3.05889,3.07889,2.99778,3.09,3.01556,3.13111,3.06889,2.94333,2.67222,2.67667,2.62889,2.54444,2.67444,2.69222,2.55111,2.41,2.16778,2.13,2.09444,1.85,1.70556,1.5,1.24,1.19,1.09,1.07111,1.02444,0.871111,0.816667,0.832222,0.737778
33,,0.718889,0.573333,0.51,0.492222,0.475556,0.468889,0.432222,0.451111,0.441111,0.486667,0.533333,0.51,0.553333,0.33,0.273333,0.237778,0.473333,0.55,0.571111,0.626667,0.507778,0.518889,0.874444,1.37889,1.64889,1.83111,2.34667,2.86667,3.14778,2.87778,3.01556,3.26111,3.27222,3.22333,3.20667,2.90222,3.16667,2.90889,3.02778,2.88778,2.73889,3.03556,3.05333,2.95222,3.03667,2.92556,3.04778,2.97444,2.99889,3.00667,2.99889,2.85333,2.99667,3.02556,3.04,3.00222,3.06889,2.93444,2.98778,2.92667,3.00111,2.94889,3.02556,2.93222,3.02333,3.05556,3.08,3,3.09333,3.01111,3.13556,3.06778,2.92889,2.67,2.68,2.62889,2.54444,2.67444,2.68667,2.55111,2.40667,2.16333,2.13667,2.08667,1.85222,1.70333,1.49889,1.23444,1.19556,1.08778,1.06889,1.02222,0.872222,0.815556,0.832222,0.742222
34,,0.714444,0.574444,0.506667,0.496667,0.476667,0.464444,0.431111,0.453333,0.443333,0.484444,0.531111,0.513333,0.55,0.332222,0.273333,0.235556,0.476667,0.551111,0.568889,0.627778,0.506667,0.523333,0.878889,1.38556,1.64667,1.83778,2.37222,2.91222,3.16222,2.83,3.05222,3.27667,3.26444,3.23667,3.17222,2.90333,3.19444,2.85889,3.06556,2.83778,2.76,3.05667,3.04333,2.94778,3.04444,2.91667,3.05444,2.96222,3.01333,3.00333,2.98111,2.86222,3.00444,3.02333,3.04778,2.99556,3.08,2.91333,3.00556,2.91222,3.00778,2.95222,3.02111,2.93222,3.02222,3.07,3.06111,3.01889,3.09111,3.01222,3.13667,3.06889,2.88556,2.68444,2.66889,2.62,2.54222,2.69333,2.68,2.55,2.39111,2.14889,2.15222,2.08,1.84222,1.69667,1.50333,1.22667,1.18889,1.09889,1.06111,1.02556,0.863333,0.825556,0.83,0.737778
35,,0.722222,0.575556,0.507778,0.494444,0.472222,0.471111,0.432222,0.451111,0.443333,0.484444,0.532222,0.512222,0.553333,0.332222,0.272222,0.237778,0.47,0.548889,0.573333,0.626667,0.507778,0.516667,0.871111,1.37889,1.64222,1.83333,2.34111,2.84222,3.13889,2.90111,2.99556,3.25667,3.27222,3.22222,3.21444,2.90667,3.15667,2.92556,3.01444,2.91222,2.72556,3.03111,3.05556,2.94889,3.03444,2.94111,3.03222,2.98333,2.99222,3.01111,3.00444,2.84889,2.99111,3.03111,3.03556,3.00222,3.06778,2.93778,2.99111,2.92444,2.99778,2.95222,3.02778,2.93333,3.01444,3.05778,3.07889,3,3.08667,3.01778,3.12889,3.07111,2.94778,2.67,2.67556,2.63222,2.54333,2.67222,2.69333,2.55222,2.41222,2.16889,2.12667,2.09667,1.85,1.70667,1.50111,1.23778,1.19333,1.09,1.07111,1.02222,0.871111,0.817778,0.832222,0.737778
36,,0.716667,0.573333,0.506667,0.494444,0.477778,0.466667,0.428889,0.455556,0.443333,0.484444,0.53,0.513333,0.551111,0.331111,0.273333,0.236667,0.473333,0.554444,0.568889,0.626667,0.505556,0.523333,0.877778,1.38556,1.64333,1.83889,2.36444,2.90111,3.15889,2.84222,3.04,3.27333,3.26667,3.23444,3.18444,2.89778,3.18778,2.87444,3.05444,2.85333,2.75,3.05444,3.04778,2.94667,3.04,2.92,3.05222,2.96556,3.01222,3.00111,2.98778,2.85778,3.00333,3.02333,3.04556,2.99889,3.07222,2.92444,2.99889,2.91667,3.00444,2.95111,3.02444,2.92778,3.02556,3.06556,3.07,3.01,3.09333,3.01,3.13778,3.06778,2.89889,2.68,2.67111,2.61889,2.54778,2.68778,2.68222,2.54556,2.39778,2.15667,2.14778,2.07778,1.84667,1.69778,1.50333,1.23111,1.18778,1.09667,1.06111,1.02444,0.866667,0.825556,0.832222,0.735556
37,,0.677778,0.536667,0.476667,0.47,0.402222,0.387778,0.416667,0.312222,0.364444,0.33,0.34,0.386667,0.374444,0.217778,0.147778,0.132222,0.273333,0.426667,0.46,0.474444,0.383333,0.303333,0.525556,0.697778,0.882222,1.09333,1.50889,2.07444,2.13444,2.24444,2.59111,2.84222,2.92889,2.85444,2.82333,2.50556,2.45778,2.56889,2.25778,2.25333,2.34111,2.55222,2.50111,2.59667,2.57111,2.59556,2.58556,2.62333,2.62444,2.62889,2.59444,2.65889,2.62222,2.79222,2.84222,2.99889,2.88111,3.02111,2.94556,3.02778,3.16222,3.19444,3.29333,3.47667,3.42667,3.71111,3.84889,3.87667,4.05667,4.44667,4.48556,4.55667,4.28778,3.85,3.76222,3.52111,3.30889,3.21111,2.91,2.92667,2.71,2.48667,2.45556,2.23333,1.92111,1.86,1.54667,1.43556,1.32778,1.19444,1.15667,1.13111,0.984444,0.947778,0.917778,0.844444
38,,0.677778,0.54,0.474444,0.472222,0.402222,0.383333,0.421111,0.311111,0.364444,0.332222,0.338889,0.385556,0.374444,0.22,0.146667,0.132222,0.273333,0.423333,0.463333,0.468889,0.388889,0.3,0.527778,0.696667,0.873333,1.1,1.50778,2.06778,2.13111,2.24667,2.59,2.84,2.93222,2.85,2.81333,2.52222,2.45111,2.56111,2.27556,2.24,2.35333,2.55,2.50222,2.58333,2.57778,2.59889,2.58778,2.61889,2.62333,2.63667,2.58222,2.66222,2.63222,2.78889,2.83333,3.00222,2.87556,3.02889,2.94111,3.02444,3.16444,3.18889,3.29778,3.48,3.41667,3.70889,3.85111,3.88,4.04333,4.43778,4.49111,4.55778,4.29111,3.86444,3.75778,3.52667,3.30778,3.20667,2.92111,2.92333,2.70889,2.49222,2.45111,2.23778,1.91889,1.87222,1.54556,1.43556,1.32556,1.19889,1.15444,1.12667,0.987778,0.95,0.921111,0.842222
39,,0.677778,0.541111,0.474444,0.471111,0.402222,0.383333,0.423333,0.311111,0.361111,0.335556,0.337778,0.384444,0.373333,0.224444,0.146667,0.131111,0.27,0.422222,0.462222,0.474444,0.386667,0.302222,0.525556,0.696667,0.87,1.09444,1.51222,2.05667,2.13556,2.24222,2.59333,2.83778,2.92444,2.84889,2.81667,2.53111,2.44778,2.55778,2.28778,2.23444,2.35222,2.55556,2.5,2.57889,2.58111,2.59556,2.58111,2.61333,2.62778,2.64889,2.57,2.66667,2.63444,2.77889,2.83778,2.99444,2.88556,3.02222,2.95222,3.02,3.16111,3.18444,3.29778,3.47444,3.42222,3.70444,3.85222,3.87222,4.04556,4.43,4.48556,4.55444,4.31222,3.87444,3.73556,3.53556,3.31667,3.21222,2.93,2.91444,2.71333,2.49444,2.45,2.23556,1.93222,1.86444,1.54778,1.43,1.32778,1.20556,1.15889,1.12556,0.988889,0.951111,0.92,0.842222
40,,0.68,0.541111,0.474444,0.471111,0.402222,0.382222,0.424444,0.31,0.362222,0.334444,0.336667,0.385556,0.373333,0.225556,0.145556,0.131111,0.271111,0.422222,0.462222,0.474444,0.386667,0.302222,0.523333,0.698889,0.87,1.09333,1.51,2.05889,2.13111,2.24444,2.59111,2.83889,2.92444,2.84667,2.82,2.53,2.45,2.55444,2.28667,2.24,2.35111,2.55222,2.50222,2.57667,2.58333,2.59222,2.58444,2.61222,2.62667,2.64889,2.57333,2.66556,2.63111,2.78,2.84,2.99444,2.88556,3.02111,2.95222,3.02,3.15889,3.18333,3.30111,3.47,3.42667,3.69889,3.85556,3.87222,4.04333,4.43,4.48667,4.54889,4.31556,3.87778,3.73778,3.53222,3.31444,3.21556,2.93111,2.91778,2.70667,2.50333,2.44889,2.23,1.93667,1.86222,1.55,1.43111,1.32889,1.20333,1.15889,1.12444,0.991111,0.948889,0.921111,0.842222
41,,0.676667,0.541111,0.475556,0.471111,0.403333,0.38,0.423333,0.311111,0.364444,0.333333,0.338889,0.385556,0.371111,0.223333,0.146667,0.132222,0.272222,0.42,0.465556,0.47,0.39,0.298889,0.527778,0.695556,0.873333,1.09778,1.51,2.06222,2.13222,2.23889,2.59889,2.83444,2.92778,2.85222,2.81667,2.52778,2.44889,2.55444,2.28778,2.23667,2.34889,2.55333,2.50222,2.58222,2.57556,2.59778,2.58667,2.61556,2.62778,2.64,2.57889,2.66222,2.63333,2.78444,2.83667,2.99667,2.88,3.03,2.94556,3.01444,3.16889,3.18444,3.3,3.47444,3.42,3.71111,3.84667,3.88222,4.03889,4.43333,4.48889,4.55778,4.30333,3.87111,3.74556,3.53333,3.30556,3.21333,2.92444,2.92,2.70778,2.49333,2.45222,2.23556,1.92667,1.87,1.54444,1.43333,1.32667,1.2,1.15889,1.12556,0.987778,0.951111,0.918889,0.844444
42,,0.678889,0.54,0.476667,0.471111,0.401111,0.381111,0.423333,0.313333,0.361111,0.335556,0.334444,0.387778,0.373333,0.224444,0.146667,0.131111,0.271111,0.421111,0.462222,0.475556,0.386667,0.302222,0.523333,0.696667,0.866667,1.09778,1.50889,2.05444,2.13111,2.24556,2.59444,2.83556,2.92333,2.84889,2.82,2.52889,2.45111,2.55556,2.28889,2.23667,2.35,2.55111,2.50333,2.58111,2.57889,2.59,2.58889,2.61111,2.62556,2.64889,2.57444,2.66,2.63444,2.78,2.84111,2.99556,2.88444,3.02444,2.95222,3.01556,3.15889,3.18111,3.30333,3.46889,3.42889,3.69778,3.85444,3.87222,4.04111,4.42778,4.48889,4.54778,4.31667,3.88111,3.73778,3.52889,3.31444,3.22222,2.93,2.91556,2.71,2.50333,2.44889,2.23,1.93778,1.86444,1.54778,1.43222,1.32667,1.20556,1.15889,1.12,0.994444,0.947778,0.923333,0.843333
43,,0.561111,0.426667,0.361111,0.386667,0.368889,0.357778,0.334444,0.314444,0.343333,0.332222,0.347778,0.346667,0.432222,0.27,0.181111,0.188889,0.331111,0.561111,0.546667,0.567778,0.473333,0.422222,0.865556,1.11222,1.25889,1.49,2.32889,2.91222,2.96111,3.14778,3.37667,3.82222,3.80889,3.84778,3.75,3.13,2.94667,2.93444,2.43,2.28444,2.25,2.42333,2.51111,2.53333,2.40778,2.43,2.48889,2.50889,2.46778,2.36333,2.27889,2.42111,2.52778,2.63222,2.77,2.69778,2.65333,2.64111,2.59,2.70333,2.76556,2.97667,3.01111,3.15667,3.28556,3.6,3.79,3.92556,4.01222,4.23333,4.27,4.51111,4.24333,3.91667,3.33556,3.18111,2.96778,2.60889,2.40667,2.22,2.09889,2.01,1.92889,1.81444,1.60444,1.49667,1.23,1.14778,1.05778,0.995556,0.887778,0.885556,0.792222,0.776667,0.693333,0.648889
44,,0.686667,0.572222,0.48,0.484444,0.477778,0.457778,0.442222,0.422222,0.432222,0.463333,0.517778,0.503333,0.601111,0.353333,0.301111,0.24,0.437778,0.472222,0.523333,0.522222,0.491111,0.542222,0.927778,1.50444,1.62444,1.92333,2.63889,3.49778,2.76333,3.06556,3.53111,2.85333,3.98444,3.17667,2.47444,3.55222,2.78222,3.08889,3.26667,2.34889,3.02444,3.09,2.95667,3.00111,2.87667,2.96,2.99,2.96444,2.92556,2.97778,2.76778,2.9,2.95778,2.97333,2.84222,3.00111,2.93778,2.9,2.87333,2.87,2.77778,2.94444,2.83444,3.02444,2.91889,3.00667,2.88111,3.05889,2.92444,3.04333,2.92111,3.06222,2.67889,2.62556,2.51333,2.37556,2.42111,2.62222,2.49333,2.40556,2.15556,2.03,2.11889,1.98667,1.73667,1.65889,1.39667,1.18778,1.11,1.06333,1.05,0.973333,0.854444,0.801111,0.764444,0.683333
45,,0.683333,0.576667,0.478889,0.484444,0.478889,0.455556,0.444444,0.418889,0.435556,0.462222,0.518889,0.502222,0.598889,0.355556,0.303333,0.236667,0.438889,0.47,0.523333,0.524444,0.487778,0.544444,0.921111,1.5,1.62889,1.91889,2.61556,3.47889,2.80111,3.03778,3.47111,2.93111,3.90667,3.26111,2.47,3.52778,2.81444,3.05333,3.30222,2.34667,3.01111,3.09667,2.96,2.98778,2.89111,2.94667,2.99889,2.96,2.93556,2.96444,2.78111,2.88889,2.96,2.96778,2.84889,3.00111,2.94444,2.89,2.88,2.86333,2.78667,2.93889,2.84,3.01444,2.92889,2.99444,2.88889,3.05778,2.92778,3.04444,2.91889,3.06333,2.68667,2.62111,2.50889,2.37889,2.42556,2.62556,2.49111,2.40222,2.16,2.04,2.11,1.98889,1.74556,1.65222,1.40111,1.18889,1.11222,1.06222,1.04444,0.978889,0.851111,0.807778,0.761111,0.686667
46,,0.682222,0.565556,0.48,0.488889,0.477778,0.457778,0.44,0.422222,0.435556,0.463333,0.52,0.502222,0.594444,0.357778,0.297778,0.24,0.436667,0.476667,0.522222,0.521111,0.491111,0.548889,0.937778,1.50444,1.62222,1.95111,2.65222,3.55111,2.68667,3.13556,3.64222,2.70778,4.13,2.99667,2.50222,3.60222,2.70444,3.16222,3.19556,2.36222,3.04444,3.09333,2.94556,3.00111,2.85333,2.98889,2.95889,2.98,2.92778,2.97778,2.76,2.90333,2.96778,2.96556,2.84667,3.00222,2.93,2.89778,2.86111,2.89444,2.76222,2.95,2.84222,3.02333,2.92444,3.00778,2.87,3.06889,2.91222,3.05556,2.91889,3.04778,2.68333,2.61889,2.51556,2.36667,2.42889,2.62222,2.48333,2.40778,2.14556,2.03444,2.11444,1.99222,1.72,1.67111,1.37778,1.19556,1.09556,1.07333,1.04667,0.968889,0.854444,0.81,0.757778,0.686667
47,,0.68,0.567778,0.48,0.487778,0.477778,0.458889,0.438889,0.423333,0.435556,0.462222,0.521111,0.5,0.595556,0.357778,0.298889,0.24,0.436667,0.476667,0.522222,0.52,0.492222,0.546667,0.938889,1.50444,1.62333,1.94444,2.65111,3.54889,2.69222,3.12556,3.63111,2.72667,4.11111,3.01778,2.49778,3.60111,2.70667,3.16,3.20222,2.35778,3.03889,3.10333,2.94444,2.99778,2.85444,2.98222,2.96778,2.97111,2.93444,2.98111,2.75667,2.90444,2.96556,2.96667,2.84667,3.00111,2.93,2.90111,2.86444,2.88889,2.76333,2.94778,2.84222,3.02222,2.92222,3.01333,2.87333,3.06556,2.91222,3.05444,2.91556,3.05,2.68444,2.62111,2.51222,2.36889,2.42556,2.62222,2.48778,2.40444,2.14778,2.03444,2.11444,1.99667,1.72,1.66889,1.37778,1.19444,1.09889,1.07222,1.04333,0.972222,0.854444,0.811111,0.756667,0.688889
48,,0.682222,0.57,0.48,0.486667,0.477778,0.458889,0.44,0.422222,0.435556,0.461111,0.52,0.5,0.6,0.354444,0.3,0.24,0.438889,0.474444,0.522222,0.522222,0.488889,0.547778,0.933333,1.5,1.62778,1.93889,2.64111,3.53889,2.71222,3.10556,3.58556,2.77444,4.06333,3.08111,2.49333,3.57778,2.74,3.13556,3.22667,2.34667,3.03,3.1,2.94556,3.00667,2.86333,2.97667,2.97,2.97222,2.93111,2.98444,2.75,2.91111,2.96,2.96778,2.84444,3,2.93889,2.89333,2.86667,2.88444,2.77111,2.94556,2.83778,3.02444,2.92556,3.00778,2.87333,3.06556,2.91222,3.05444,2.92,3.05111,2.68111,2.62667,2.51,2.37222,2.43111,2.62111,2.48,2.41333,2.14889,2.02889,2.11556,1.99889,1.72556,1.66667,1.38222,1.19111,1.10222,1.07111,1.04444,0.975556,0.851111,0.807778,0.758889,0.687778
49,,0.684444,0.57,0.48,0.486667,0.476667,0.457778,0.442222,0.421111,0.436667,0.461111,0.518889,0.5,0.601111,0.354444,0.298889,0.241111,0.437778,0.475556,0.52,0.523333,0.49,0.547778,0.931111,1.50111,1.62889,1.93556,2.64,3.53111,2.72222,3.09556,3.57333,2.79111,4.04667,3.10111,2.49333,3.57111,2.74556,3.12556,3.23667,2.34889,3.02556,3.10111,2.94444,3.00778,2.86333,2.97333,2.97778,2.96778,2.93,2.98556,2.75444,2.90444,2.96111,2.97,2.84333,3.00111,2.93778,2.89444,2.86889,2.87889,2.77556,2.94333,2.84222,3.01667,2.92778,3.01,2.87222,3.06444,2.91222,3.05222,2.92444,3.05333,2.67778,2.62889,2.51222,2.37222,2.42556,2.62333,2.48222,2.41111,2.15111,2.03,2.11556,1.99778,1.72667,1.66111,1.39,1.19,1.10333,1.07111,1.04444,0.975556,0.85,0.808889,0.758889,0.685556
50,,0.582222,0.404444,0.37,0.332222,0.333333,0.327778,0.298889,0.273333,0.295556,0.294444,0.315556,0.34,0.581111,0.396667,0.304444,0.297778,0.402222,0.52,0.585556,0.7,0.782222,1.07667,1.25444,1.57444,1.94778,2.56,2.90778,3.34556,3.63556,3.95222,4.25,4.22111,3.94444,3.78,3.79556,3.57778,3.45333,3,2.63,2.37667,2.37556,2.64667,2.51444,2.49889,2.55667,2.47333,2.45667,2.40111,2.35889,2.45667,2.4,2.27778,2.43889,2.55667,2.47778,2.52889,2.54333,2.50111,2.48778,2.48556,2.46889,2.71556,2.88111,3.02111,2.91222,3.12222,3.08556,3.17778,3.31778,3.60889,3.56778,3.61778,3.47,2.94,2.61333,2.66667,2.59,2.42,2.34667,2.22222,2.04222,1.98,1.90667,1.82333,1.67444,1.51444,1.31,1.27111,1.09222,1.03667,1.02444,0.937778,0.853333,0.838889,0.722222,0.696667
51,,0.575556,0.448889,0.432222,0.421111,0.365556,0.412222,0.332222,0.346667,0.336667,0.335556,0.384444,0.396667,0.465556,0.442222,0.302222,0.292222,0.427778,0.595556,0.625556,0.792222,0.922222,1.08667,1.14444,1.52444,1.92444,2.55444,2.78333,3.10444,3.43111,3.60333,3.76111,3.68556,3.28444,2.71111,3.39778,3.73444,3.57222,3.28556,3.00222,2.58667,2.74111,2.85889,2.87889,2.75556,2.64556,2.60222,2.68111,2.59444,2.59,2.59,2.50444,2.51333,2.51556,2.76111,2.73444,2.67,2.55444,2.63667,2.53,2.61444,2.70333,2.84333,2.94111,2.98889,3.02889,2.91444,2.96778,2.92333,3.05444,2.97778,3.00333,2.92222,2.77222,2.64222,2.75889,2.75,2.62556,2.55889,2.50444,2.4,2.26,2.08333,1.99889,1.92667,1.79778,1.53444,1.37222,1.28889,1.26222,1.04556,1.00778,0.987778,0.914444,0.813333,0.762222,0.794444
52,,0.583333,0.453333,0.426667,0.42,0.372222,0.411111,0.327778,0.346667,0.338889,0.334444,0.391111,0.395556,0.456667,0.448889,0.304444,0.282222,0.43,0.593333,0.627778,0.785556,0.916667,1.07889,1.15667,1.50111,1.91889,2.54778,2.77778,3.07667,3.42222,3.59111,3.75222,3.7,3.32222,2.71,3.36444,3.71556,3.59667,3.30111,3.00889,2.60111,2.73222,2.86111,2.88444,2.75333,2.63778,2.60667,2.68556,2.59222,2.58667,2.58556,2.52556,2.49556,2.53222,2.73333,2.73444,2.68222,2.56444,2.62111,2.55889,2.59556,2.69889,2.82778,2.95111,2.98444,2.98111,2.82778,2.86444,2.93333,2.92444,2.96222,3.00333,2.92222,2.93778,2.85111,2.76,2.76667,2.61667,2.55778,2.51778,2.40444,2.24333,2.11222,1.98556,1.91444,1.81889,1.54,1.38111,1.27889,1.27667,1.05222,0.996667,0.995556,0.913333,0.818889,0.762222,0.792222
53,,0.59,0.45,0.428889,0.418889,0.371111,0.411111,0.333333,0.341111,0.343333,0.336667,0.386667,0.394444,0.454444,0.454444,0.303333,0.284444,0.425556,0.596667,0.627778,0.783333,0.916667,1.07333,1.15444,1.49556,1.92,2.53444,2.78111,3.07,3.42,3.58,3.75,3.71444,3.33778,2.69667,3.35667,3.70556,3.61,3.30778,3.01667,2.59889,2.72444,2.85667,2.88889,2.75778,2.64111,2.60778,2.68222,2.59667,2.58444,2.59,2.52889,2.49333,2.52778,2.72556,2.73778,2.69,2.56111,2.62667,2.55778,2.59111,2.7,2.81889,2.95444,2.92667,2.89333,2.82778,2.86444,2.93333,2.92444,2.96222,3.00333,2.92222,2.93778,3,2.76333,2.77,2.61333,2.56333,2.50444,2.41556,2.24111,2.12,1.97778,1.91556,1.82333,1.54111,1.38222,1.27889,1.28111,1.04778,1.00222,0.993333,0.914444,0.813333,0.764444,0.793333
54,,0.591111,0.45,0.427778,0.42,0.371111,0.411111,0.333333,0.341111,0.341111,0.337778,0.386667,0.395556,0.454444,0.453333,0.304444,0.284444,0.424444,0.596667,0.628889,0.783333,0.916667,1.07333,1.15222,1.49667,1.92,2.53444,2.78,3.07111,3.41778,3.57778,3.74778,3.71778,3.33889,2.69444,3.35778,3.70444,3.61222,3.30667,3.01778,2.6,2.72222,2.85778,2.89,2.75778,2.64111,2.60778,2.68111,2.59889,2.58111,2.59222,2.52778,2.49444,2.52889,2.72222,2.73778,2.69111,2.56222,2.62667,2.55778,2.58889,2.70111,2.81667,2.95778,2.91111,2.89333,2.82778,2.86444,2.93333,2.92444,2.96222,3.00333,2.92222,2.93778,3,2.77667,2.77,2.61444,2.56333,2.50556,2.41667,2.24111,2.11889,1.97778,1.91778,1.82111,1.54222,1.38222,1.27889,1.28222,1.04667,1.00222,0.993333,0.915556,0.812222,0.765556,0.792222
55,,0.585556,0.451111,0.427778,0.416667,0.375556,0.408889,0.332222,0.341111,0.343333,0.335556,0.386667,0.395556,0.454444,0.454444,0.302222,0.284444,0.426667,0.596667,0.628889,0.783333,0.917778,1.07444,1.15333,1.49667,1.91889,2.53556,2.78889,3.06778,3.42556,3.58111,3.74667,3.71222,3.33444,2.7,3.35667,3.71,3.61,3.30111,3.01444,2.59667,2.72667,2.86333,2.88444,2.76,2.63556,2.61,2.68222,2.59667,2.58111,2.59333,2.52667,2.49222,2.52889,2.73444,2.73667,2.68222,2.56333,2.62444,2.55778,2.59444,2.69778,2.82,2.95667,2.97333,2.89333,2.82778,2.86444,2.93333,2.92444,2.96222,3.00333,2.92222,2.93778,2.95111,2.76222,2.77,2.61444,2.56222,2.51111,2.40667,2.24444,2.11444,1.98111,1.91556,1.82333,1.53889,1.37889,1.28,1.28111,1.04889,1,0.996667,0.911111,0.815556,0.766667,0.795556
56,,0.572222,0.452222,0.432222,0.42,0.366667,0.412222,0.331111,0.346667,0.337778,0.335556,0.384444,0.395556,0.466667,0.442222,0.302222,0.29,0.428889,0.596667,0.625556,0.791111,0.921111,1.08556,1.14556,1.52333,1.92333,2.55444,2.78667,3.10333,3.42889,3.59889,3.76111,3.68667,3.28889,2.71111,3.39667,3.73,3.57667,3.28889,2.99444,2.59,2.74222,2.85778,2.88111,2.75778,2.64,2.60556,2.68222,2.58889,2.59444,2.58778,2.50667,2.51111,2.51889,2.75889,2.73,2.67556,2.55333,2.63778,2.53222,2.61333,2.70111,2.84444,2.93778,2.99,3.03,2.91444,2.96778,2.92556,3.03667,2.96222,3.00333,2.92222,2.80444,2.64222,2.75889,2.74667,2.62778,2.55889,2.50556,2.40222,2.25889,2.08444,1.99778,1.92556,1.80111,1.53222,1.37333,1.29,1.25889,1.04667,1.00889,0.985556,0.916667,0.813333,0.762222,0.795556
57,,0.575556,0.455556,0.428889,0.42,0.367778,0.411111,0.327778,0.348889,0.338889,0.333333,0.388889,0.396667,0.457778,0.447778,0.305556,0.283333,0.428889,0.595556,0.627778,0.788889,0.917778,1.07556,1.15778,1.50222,1.92333,2.55444,2.78222,3.07556,3.43222,3.59,3.75889,3.69556,3.31222,2.70111,3.38111,3.72,3.59,3.29556,3,2.61222,2.72111,2.86778,2.87667,2.75778,2.64,2.60111,2.69,2.59111,2.59222,2.57667,2.52889,2.49889,2.52444,2.74222,2.72889,2.68778,2.56,2.61444,2.56111,2.60556,2.69333,2.83111,2.95,2.98778,3.02667,2.88889,2.86444,2.93333,2.92444,2.96222,3.00333,2.92222,2.93778,2.73556,2.76556,2.76222,2.62667,2.55111,2.51222,2.40556,2.24444,2.10333,2.00222,1.91444,1.81,1.53667,1.37556,1.28,1.27444,1.05222,0.998889,0.995556,0.911111,0.818889,0.76,0.798889
58,,0.577778,0.455556,0.426667,0.42,0.37,0.412222,0.327778,0.346667,0.338889,0.333333,0.391111,0.395556,0.457778,0.447778,0.305556,0.282222,0.428889,0.595556,0.628889,0.787778,0.915556,1.07667,1.15889,1.49778,1.92444,2.55111,2.78778,3.06889,3.43222,3.59111,3.75667,3.69667,3.31667,2.70111,3.37667,3.71667,3.59333,3.29667,3.00333,2.60667,2.72667,2.86444,2.88111,2.75667,2.63778,2.60333,2.68667,2.59222,2.59111,2.58222,2.52333,2.5,2.52667,2.74333,2.72667,2.68444,2.56111,2.62,2.56111,2.60111,2.69222,2.82889,2.95556,2.98333,3.02667,2.85,2.86444,2.93333,2.92444,2.96222,3.00333,2.92222,2.93778,2.77889,2.76556,2.76222,2.62444,2.54889,2.51667,2.40556,2.24333,2.10667,1.99222,1.91556,1.82,1.53333,1.38,1.27889,1.27667,1.05111,0.997778,0.994444,0.912222,0.82,0.758889,0.797778
59,,0.576667,0.455556,0.427778,0.422222,0.365556,0.411111,0.328889,0.347778,0.34,0.333333,0.387778,0.396667,0.457778,0.448889,0.304444,0.283333,0.428889,0.596667,0.626667,0.79,0.917778,1.07889,1.15333,1.50556,1.92444,2.55222,2.78556,3.07889,3.43,3.59333,3.75556,3.69556,3.30556,2.70778,3.38111,3.71889,3.59222,3.29333,3,2.61111,2.72111,2.86889,2.87667,2.75667,2.63778,2.60556,2.68556,2.59222,2.59444,2.57444,2.53,2.49556,2.53,2.73889,2.73111,2.68667,2.55889,2.61778,2.55778,2.60556,2.69222,2.83667,2.94889,2.98667,3.02444,2.91444,2.86444,2.93333,2.92444,2.96222,3.00333,2.92222,2.93778,2.71333,2.76333,2.76,2.63,2.55222,2.50778,2.40667,2.24889,2.09667,2.00667,1.91222,1.81,1.53333,1.37889,1.28333,1.26889,1.05222,0.998889,0.994444,0.912222,0.82,0.758889,0.797778
60,,0.573333,0.452222,0.432222,0.421111,0.365556,0.41,0.332222,0.346667,0.34,0.335556,0.382222,0.397778,0.461111,0.445556,0.303333,0.29,0.427778,0.595556,0.625556,0.793333,0.92,1.08222,1.14556,1.52,1.92333,2.55556,2.78222,3.09667,3.43556,3.59222,3.76111,3.68444,3.29444,2.70889,3.39333,3.73222,3.57556,3.29667,2.99222,2.6,2.73333,2.85889,2.88111,2.76,2.63444,2.61,2.68667,2.58556,2.59111,2.58444,2.51556,2.50333,2.52667,2.75444,2.72889,2.67556,2.55667,2.62889,2.53778,2.61556,2.70222,2.84,2.93778,2.99222,3.02444,2.91667,2.96778,2.92889,2.97,2.96222,3.00333,2.92222,2.87444,2.63556,2.75556,2.75333,2.63444,2.55,2.51,2.40444,2.25889,2.08333,2.00111,1.92111,1.80778,1.53333,1.37111,1.28667,1.26333,1.04889,1.00444,0.986667,0.917778,0.815556,0.757778,0.798889
61,,0.577778,0.454444,0.428889,0.418889,0.37,0.411111,0.327778,0.347778,0.34,0.332222,0.39,0.396667,0.457778,0.447778,0.305556,0.283333,0.428889,0.593333,0.628889,0.787778,0.917778,1.07667,1.15778,1.5,1.92222,2.55667,2.78333,3.07333,3.43111,3.59111,3.75778,3.69667,3.31333,2.70111,3.37889,3.71778,3.59333,3.29556,3,2.60889,2.72556,2.86778,2.87778,2.75556,2.64111,2.6,2.69111,2.58889,2.59556,2.57556,2.53,2.49778,2.52667,2.74111,2.72667,2.68889,2.55889,2.61667,2.56222,2.6,2.69667,2.82778,2.95333,2.98556,3.02556,2.87444,2.86444,2.93333,2.92444,2.96222,3.00333,2.92222,2.93778,2.75556,2.76222,2.76,2.62889,2.55222,2.51111,2.40667,2.24444,2.10444,1.99778,1.91444,1.81444,1.53556,1.37667,1.28111,1.27444,1.05222,0.998889,0.995556,0.911111,0.817778,0.76,0.797778
62,,0.574444,0.453333,0.431111,0.422222,0.363333,0.411111,0.332222,0.346667,0.338889,0.334444,0.385556,0.396667,0.462222,0.445556,0.303333,0.283333,0.431111,0.597778,0.625556,0.791111,0.923333,1.08,1.14667,1.51444,1.92556,2.55333,2.78556,3.08667,3.44,3.58556,3.76667,3.68556,3.29778,2.71,3.38889,3.72556,3.58111,3.29556,2.99222,2.60556,2.73,2.86222,2.88,2.76111,2.63,2.60889,2.69,2.58667,2.59111,2.58,2.52,2.50333,2.52778,2.75,2.72778,2.67778,2.56,2.62333,2.54556,2.61556,2.69556,2.84111,2.93889,2.99333,3.02444,2.91889,2.96111,2.92778,2.93,2.96222,3.00333,2.92222,2.92,2.63333,2.75778,2.75333,2.63444,2.55,2.50667,2.40889,2.25333,2.08889,2.00444,1.91889,1.80444,1.53667,1.37444,1.28556,1.26222,1.05111,1.00111,0.988889,0.916667,0.818889,0.756667,0.797778
63,,0.574444,0.45,0.427778,0.421111,0.366667,0.411111,0.333333,0.345556,0.337778,0.335556,0.383333,0.396667,0.47,0.438889,0.302222,0.291111,0.431111,0.595556,0.623333,0.794444,0.921111,1.08889,1.14333,1.52778,1.92889,2.55778,2.78,3.10556,3.43333,3.60778,3.75556,3.68667,3.27778,2.71222,3.40444,3.73556,3.56556,3.29,3.00111,2.58333,2.74,2.86444,2.87667,2.75444,2.64556,2.60444,2.68111,2.58778,2.59111,2.59556,2.49444,2.52667,2.50889,2.76,2.73667,2.66778,2.55444,2.63667,2.52889,2.61889,2.70333,2.84889,2.93556,2.99333,3.02111,2.91889,2.96778,2.91778,3.05556,3.05778,2.95222,2.97333,2.68778,2.65222,2.74889,2.75778,2.62111,2.56222,2.50556,2.39889,2.25889,2.08444,1.99222,1.92889,1.79667,1.53444,1.37,1.29111,1.25889,1.04556,1.01,0.988889,0.913333,0.812222,0.76,0.797778
64,,0.885556,0.787778,0.702222,0.771111,0.732222,0.685556,0.505556,0.478889,0.533333,0.517778,0.608889,0.617778,0.34,0.244444,0.218889,0.204444,0.47,0.621111,0.612222,0.725556,0.598889,0.661111,0.771111,0.976667,1.25333,1.59,1.75444,2.09889,2.33333,2.51556,2.65333,2.62889,2.74778,2.60889,2.71556,2.63778,2.51778,2.71556,2.67444,2.49556,2.56,2.55889,2.77889,2.69333,2.63556,2.57778,2.60889,2.60222,2.57444,2.63222,2.64667,2.47222,2.71556,2.66778,2.75444,2.75222,2.71333,2.70222,2.75222,2.65778,2.75,2.88556,3.01889,3.06444,3.01333,3.20778,3.20333,3.16333,3.21,3.30556,3.35222,3.51111,3.19667,2.94889,2.94778,2.84556,2.79667,2.74667,2.74556,2.65222,2.52556,2.44889,2.49556,2.37,2.13111,1.97889,1.74556,1.66444,1.60556,1.50111,1.34889,1.34889,1.18778,1.17111,1.10778,1.09111
65,,0.894444,0.785556,0.704444,0.771111,0.732222,0.687778,0.511111,0.48,0.53,0.516667,0.612222,0.612222,0.35,0.245556,0.216667,0.2,0.465556,0.614444,0.617778,0.726667,0.595556,0.662222,0.765556,0.974444,1.24889,1.57889,1.75111,2.09222,2.32222,2.50222,2.65333,2.62778,2.74333,2.62111,2.70556,2.65333,2.51667,2.69556,2.68778,2.5,2.55333,2.55889,2.76889,2.70111,2.63,2.58333,2.61667,2.59444,2.57667,2.62889,2.66222,2.46444,2.70778,2.66556,2.75667,2.74889,2.71889,2.69444,2.75,2.66889,2.75111,2.85667,3.01556,3.06667,3.01444,3.18222,3.21556,3.15778,3.21,3.31111,3.32556,3.51889,3.23667,2.94222,2.96333,2.84889,2.79444,2.74667,2.74333,2.66778,2.53222,2.44556,2.50222,2.36667,2.15,1.98222,1.74889,1.65667,1.62222,1.49778,1.35333,1.35,1.18444,1.16889,1.10889,1.09556
66,,0.896667,0.786667,0.704444,0.772222,0.731111,0.688889,0.511111,0.478889,0.531111,0.515556,0.612222,0.613333,0.348889,0.246667,0.215556,0.201111,0.464444,0.614444,0.618889,0.724444,0.595556,0.664444,0.764444,0.971111,1.25111,1.57889,1.75222,2.08889,2.32444,2.5,2.65111,2.62778,2.74333,2.62333,2.70333,2.65667,2.51667,2.69222,2.68889,2.50222,2.55222,2.56,2.76778,2.7,2.63,2.58444,2.61778,2.59333,2.57333,2.62889,2.66444,2.46444,2.70667,2.66667,2.75667,2.75,2.71667,2.69444,2.75222,2.66889,2.74889,2.85667,3.01667,3.06333,3.01556,3.18111,3.21444,3.16,3.20889,3.31,3.32444,3.52111,3.23667,2.94444,2.96444,2.84778,2.79667,2.74556,2.74333,2.66889,2.53444,2.44333,2.5,2.37,2.15,1.98222,1.75,1.65667,1.61889,1.50111,1.35556,1.34556,1.18778,1.16778,1.10889,1.09333
67,,0.887778,0.79,0.7,0.774444,0.725556,0.688889,0.507778,0.478889,0.531111,0.518889,0.612222,0.615556,0.342222,0.244444,0.217778,0.202222,0.471111,0.615556,0.615556,0.724444,0.597778,0.662222,0.77,0.981111,1.24778,1.58556,1.75667,2.09556,2.32667,2.51444,2.65333,2.63,2.74556,2.61,2.71778,2.63667,2.52778,2.7,2.68222,2.49667,2.55444,2.56222,2.77667,2.69556,2.63333,2.58111,2.61111,2.59556,2.57444,2.63,2.65556,2.47,2.71,2.66778,2.75778,2.74778,2.72,2.69889,2.74889,2.65889,2.75444,2.87667,3.01667,3.06667,3.01222,3.20111,3.20778,3.16222,3.20444,3.31111,3.34667,3.51222,3.20778,2.94889,2.94889,2.84556,2.8,2.74556,2.74111,2.66,2.52444,2.45556,2.49444,2.36778,2.14,1.97667,1.74444,1.66333,1.61,1.5,1.35222,1.34667,1.19,1.16556,1.11111,1.09222
68,,0.884444,0.782222,0.701111,0.774444,0.73,0.687778,0.501111,0.483333,0.536667,0.515556,0.608889,0.613333,0.335556,0.25,0.216667,0.201111,0.475556,0.616667,0.625556,0.716667,0.597778,0.661111,0.775556,0.976667,1.25889,1.59556,1.75444,2.10222,2.33333,2.52778,2.64889,2.63778,2.75,2.60222,2.72667,2.62667,2.52111,2.72556,2.65889,2.49889,2.56444,2.55889,2.78111,2.69667,2.63111,2.57111,2.61222,2.59667,2.57444,2.64222,2.63444,2.47778,2.71889,2.67222,2.75778,2.75,2.70778,2.70556,2.74889,2.65778,2.74556,2.89889,3.02333,3.06889,3.01667,3.21444,3.19556,3.16778,3.22,3.3,3.36556,3.50778,3.17111,2.95222,2.94,2.84444,2.80222,2.74,2.74,2.65333,2.51667,2.45333,2.48778,2.37,2.12667,1.97222,1.74111,1.67444,1.60333,1.49556,1.34778,1.35,1.17778,1.18444,1.09667,1.09444
69,,0.893333,0.784444,0.704444,0.77,0.732222,0.687778,0.51,0.482222,0.53,0.518889,0.611111,0.61,0.348889,0.246667,0.215556,0.201111,0.47,0.611111,0.616667,0.726667,0.596667,0.663333,0.766667,0.977778,1.24889,1.57667,1.75111,2.09556,2.32333,2.50444,2.65444,2.62667,2.74333,2.62,2.70667,2.65,2.51778,2.7,2.68444,2.50111,2.55222,2.56,2.76889,2.70333,2.62778,2.58333,2.61667,2.59556,2.57556,2.62778,2.66,2.46778,2.70778,2.66333,2.75667,2.75333,2.71667,2.69444,2.74667,2.67333,2.75,2.86222,3.01556,3.06667,3.00778,3.19444,3.21222,3.15778,3.20667,3.31333,3.32778,3.52111,3.23,2.94222,2.96111,2.84667,2.79444,2.74889,2.74222,2.66556,2.52778,2.45,2.49778,2.37222,2.14889,1.97778,1.74667,1.66111,1.61667,1.50333,1.34778,1.35,1.18444,1.16667,1.11222,1.09556
70,,0.675556,0.541111,0.496667,0.435556,0.428889,0.418889,0.343333,0.381111,0.376667,0.332222,0.411111,0.372222,0.345556,0.238889,0.151111,0.136667,0.301111,0.436667,0.478889,0.524444,0.434444,0.393333,0.591111,0.831111,0.963333,1.24778,1.57,2.04333,2.09778,2.16889,2.40889,2.61333,2.83556,2.72444,2.78333,2.59111,2.47667,2.39222,2.33889,2.13444,2.22778,2.41556,2.44333,2.52222,2.54778,2.50556,2.48333,2.43778,2.51556,2.55444,2.50111,2.46667,2.54667,2.68778,2.86556,2.87111,2.86222,2.88111,2.87222,2.80778,2.92778,3.14111,3.32667,3.36333,3.33778,3.40444,3.54222,3.73444,3.84222,4.01444,4.11222,4.24,4.30111,3.86222,3.69222,3.61222,3.26667,3.21111,2.95556,2.75111,2.55778,2.44889,2.25333,2.19778,2.02222,1.80111,1.65556,1.46778,1.41111,1.28667,1.15444,1.23556,1.09667,0.926667,0.831111,0.866667
71,,0.677778,0.54,0.495556,0.436667,0.427778,0.418889,0.343333,0.381111,0.377778,0.332222,0.411111,0.372222,0.344444,0.238889,0.151111,0.136667,0.301111,0.436667,0.481111,0.523333,0.433333,0.394444,0.591111,0.83,0.965556,1.24778,1.57111,2.04444,2.09667,2.16778,2.41,2.61333,2.83556,2.72444,2.78667,2.58667,2.47667,2.39556,2.33556,2.13556,2.22889,2.41333,2.44333,2.52444,2.54778,2.50889,2.47889,2.43667,2.51667,2.55444,2.5,2.46889,2.54667,2.68889,2.86444,2.86889,2.86333,2.88222,2.87222,2.80667,2.93,3.13778,3.32889,3.36333,3.33778,3.40556,3.54111,3.73667,3.84222,4.01333,4.11111,4.24333,4.3,3.86111,3.69222,3.61333,3.26444,3.21,2.95556,2.75111,2.56,2.44778,2.25444,2.19556,2.02444,1.8,1.65111,1.46778,1.41333,1.28667,1.15333,1.23667,1.09444,0.928889,0.83,0.865556
72,,0.668889,0.545556,0.497778,0.435556,0.427778,0.418889,0.348889,0.376667,0.376667,0.333333,0.408889,0.373333,0.346667,0.243333,0.148889,0.137778,0.295556,0.437778,0.478889,0.524444,0.438889,0.387778,0.593333,0.825556,0.958889,1.24778,1.56556,2.04556,2.09333,2.16444,2.41333,2.61333,2.82667,2.72667,2.78222,2.59444,2.47444,2.39667,2.34222,2.13667,2.22444,2.41444,2.44222,2.52889,2.54222,2.49556,2.49333,2.44333,2.50889,2.55111,2.50444,2.46556,2.54556,2.68222,2.86444,2.87778,2.85444,2.88333,2.87222,2.80556,2.93,3.13444,3.32556,3.36333,3.34444,3.39222,3.55,3.72889,3.83667,4.00778,4.11444,4.24444,4.29222,3.87667,3.69,3.61444,3.27667,3.21,2.95889,2.75444,2.55444,2.45667,2.24778,2.20333,2.02778,1.79667,1.66556,1.46556,1.41222,1.29222,1.15222,1.23,1.1,0.926667,0.828889,0.875556
73,,0.673333,0.541111,0.498889,0.434444,0.428889,0.418889,0.345556,0.377778,0.38,0.332222,0.406667,0.373333,0.346667,0.242222,0.151111,0.135556,0.297778,0.44,0.477778,0.524444,0.435556,0.39,0.592222,0.83,0.961111,1.24889,1.56556,2.04667,2.09667,2.16333,2.41222,2.61556,2.82889,2.72667,2.78,2.59667,2.47556,2.39111,2.34333,2.13333,2.22889,2.41444,2.44333,2.52333,2.54111,2.50556,2.48778,2.44,2.50889,2.55667,2.50444,2.46444,2.54444,2.68444,2.86778,2.87556,2.85889,2.87889,2.87222,2.80667,2.93333,3.13444,3.32778,3.35889,3.34556,3.39667,3.54778,3.73222,3.83778,4.01,4.11778,4.24,4.29556,3.87444,3.68444,3.61778,3.26889,3.21222,2.95667,2.75444,2.55333,2.45333,2.24444,2.20333,2.02667,1.79889,1.66,1.46778,1.41,1.29333,1.15,1.23333,1.09556,0.93,0.828889,0.871111
74,,0.668889,0.546667,0.497778,0.435556,0.428889,0.417778,0.347778,0.377778,0.377778,0.332222,0.407778,0.373333,0.346667,0.243333,0.148889,0.137778,0.295556,0.44,0.476667,0.525556,0.437778,0.388889,0.592222,0.826667,0.961111,1.24667,1.56667,2.04667,2.09333,2.16333,2.41333,2.61333,2.82778,2.72889,2.78,2.59667,2.47222,2.39667,2.34111,2.13556,2.22444,2.41889,2.43667,2.52889,2.54222,2.49778,2.49667,2.44222,2.50556,2.55222,2.50556,2.46556,2.54444,2.68333,2.86333,2.87667,2.86,2.87889,2.87333,2.80556,2.93,3.13444,3.32889,3.36222,3.34111,3.39444,3.54889,3.73111,3.84,4.00444,4.11556,4.24556,4.29111,3.87667,3.68889,3.61667,3.27667,3.20444,2.96,2.75667,2.55222,2.45556,2.24778,2.20111,2.03,1.79667,1.66333,1.46778,1.41,1.29222,1.15333,1.22889,1.10222,0.927778,0.826667,0.873333
75,,0.563333,0.377778,0.372222,0.367778,0.345556,0.327778,0.334444,0.314444,0.332222,0.324444,0.316667,0.342222,0.472222,0.283333,0.228889,0.195556,0.361111,0.552222,0.58,0.603333,0.51,0.571111,1.03778,1.28444,1.40778,1.66222,2.57667,3.16667,3.28778,3.40778,3.74889,4.08444,4.11111,4.22222,3.77333,3.28,3.04333,3.11444,2.70333,2.25333,2.40556,2.43,2.54,2.43889,2.42778,2.46222,2.47778,2.40444,2.36111,2.36889,2.29778,2.31556,2.39667,2.55444,2.60333,2.65222,2.54778,2.55444,2.46333,2.61556,2.55889,2.73444,2.78333,3.03333,3.15444,3.37222,3.58889,3.66222,3.64667,3.81222,3.99556,4.17667,4.12222,3.51778,3.01556,2.87556,2.83111,2.46778,2.24333,2.19556,2.02556,1.85333,1.83222,1.76889,1.54,1.41111,1.16444,1.03556,1.00333,0.928889,0.82,0.836667,0.707778,0.692222,0.696667,0.656667
76,,0.553333,0.384444,0.361111,0.373333,0.346667,0.32,0.341111,0.31,0.34,0.32,0.321111,0.337778,0.471111,0.287778,0.222222,0.196667,0.366667,0.556667,0.583333,0.604444,0.502222,0.591111,1.05111,1.27778,1.40222,1.71333,2.60778,3.18667,3.29,3.44778,3.77444,4.13667,4.15778,4.17333,3.66444,3.26667,3.03111,3.10222,2.69222,2.25111,2.39778,2.44,2.52222,2.45778,2.41667,2.47333,2.45333,2.42556,2.36556,2.34556,2.31222,2.31222,2.40333,2.56889,2.60222,2.65667,2.52444,2.56111,2.46778,2.59444,2.56889,2.74222,2.79889,3.04444,3.16667,3.43,3.56556,3.65667,3.68222,3.83667,4.02,4.18556,4.07667,3.44333,2.98889,2.87667,2.80333,2.47778,2.23444,2.19222,2.01778,1.84778,1.82778,1.76778,1.53222,1.39111,1.16333,1.03889,0.991111,0.926667,0.826667,0.837778,0.705556,0.684444,0.71,0.642222
77,,0.564444,0.377778,0.371111,0.368889,0.343333,0.328889,0.335556,0.313333,0.332222,0.327778,0.315556,0.338889,0.473333,0.284444,0.226667,0.196667,0.362222,0.551111,0.578889,0.605556,0.508889,0.577778,1.03333,1.28333,1.40889,1.66778,2.58222,3.17111,3.28778,3.41333,3.75556,4.08778,4.17556,4.15889,3.76333,3.27333,3.04111,3.11111,2.70111,2.25333,2.40667,2.43222,2.53667,2.44111,2.42444,2.46444,2.47667,2.40222,2.36556,2.36333,2.30111,2.31667,2.39778,2.55,2.61,2.65556,2.53667,2.55667,2.45889,2.62111,2.56,2.73556,2.78667,3.03111,3.15444,3.38111,3.58667,3.66667,3.64333,3.82333,3.99222,4.18556,4.11444,3.50556,3.01222,2.87556,2.82667,2.47,2.24222,2.20111,2.02111,1.84444,1.83778,1.76667,1.54333,1.40222,1.16444,1.03556,1.00556,0.925556,0.822222,0.836667,0.708889,0.69,0.696667,0.655556
78,,0.555556,0.382222,0.361111,0.375556,0.346667,0.321111,0.34,0.308889,0.337778,0.322222,0.323333,0.335556,0.473333,0.285556,0.221111,0.198889,0.366667,0.553333,0.583333,0.606667,0.501111,0.585556,1.05222,1.27556,1.40556,1.70111,2.59778,3.19,3.28778,3.44,3.76778,4.12444,4.16,4.16444,3.69333,3.27222,3.03333,3.10556,2.69222,2.25778,2.40111,2.43444,2.52444,2.45222,2.42222,2.47,2.45444,2.42556,2.36111,2.34778,2.30889,2.31889,2.39778,2.56667,2.60556,2.65778,2.52333,2.56222,2.46111,2.60333,2.56889,2.74333,2.79556,3.04,3.15889,3.42,3.56889,3.66,3.68,3.82222,4.02,4.18778,4.08111,3.46222,2.99333,2.88333,2.80111,2.47889,2.23111,2.19778,2.01889,1.84333,1.83111,1.77222,1.53111,1.39222,1.16444,1.03556,1.00111,0.921111,0.826667,0.837778,0.708889,0.682222,0.712222,0.642222
79,,0.622222,0.45,0.427778,0.422222,0.364444,0.425556,0.342222,0.328889,0.362222,0.392222,0.425556,0.418889,0.437778,0.213333,0.175556,0.21,0.376667,0.511111,0.573333,0.607778,0.55,0.532222,0.816667,1.02667,1.28222,1.66111,2.22444,2.51778,2.62,2.73667,3.00889,3.31667,3.14889,3.12444,3.08444,2.84333,2.77889,2.60778,2.42556,2.12556,2.11667,2.27556,2.50222,2.40667,2.38667,2.37222,2.37333,2.40333,2.39444,2.27556,2.37111,2.30778,2.36,2.67778,2.73556,2.60889,2.64222,2.61667,2.59333,2.67444,2.83111,3.08,3.11111,3.11778,3.31889,3.56889,3.65778,3.81,3.93,4.35444,4.48222,4.49,4.07667,3.11889,2.94778,3.18,2.89778,2.57556,2.35111,2.5,2.23889,2.12556,2.03889,1.98667,1.67667,1.53333,1.33667,1.37,1.23444,1.14444,1.07333,1.03778,0.935556,0.843333,0.823333,0.773333
80,,0.624444,0.447778,0.427778,0.422222,0.362222,0.43,0.34,0.331111,0.356667,0.394444,0.424444,0.42,0.44,0.216667,0.174444,0.21,0.372222,0.505556,0.574444,0.614444,0.551111,0.53,0.81,1.02222,1.27111,1.66,2.20778,2.53778,2.61,2.73,3.00556,3.31222,3.16,3.11889,3.08111,2.84222,2.79111,2.61556,2.43111,2.11889,2.12333,2.27556,2.48889,2.41778,2.38556,2.35444,2.38889,2.40222,2.39444,2.28333,2.35889,2.31222,2.36,2.66778,2.73778,2.61,2.63222,2.61667,2.59778,2.67889,2.82,3.06667,3.12889,3.11222,3.32444,3.56111,3.65889,3.80111,3.91222,4.34222,4.49,4.48778,4.11222,3.12111,2.95556,3.17333,2.91222,2.57222,2.36222,2.50667,2.23444,2.11889,2.04444,1.98556,1.67222,1.53889,1.34778,1.36333,1.23667,1.14556,1.07111,1.04778,0.935556,0.842222,0.821111,0.777778
81,,0.621111,0.455556,0.422222,0.416667,0.38,0.421111,0.333333,0.33,0.367778,0.386667,0.435556,0.417778,0.428889,0.211111,0.178889,0.213333,0.378889,0.51,0.582222,0.598889,0.543333,0.54,0.833333,1.01889,1.29778,1.68111,2.22778,2.52667,2.61333,2.77,2.99444,3.32889,3.13667,3.12333,3.08667,2.83667,2.77667,2.61,2.40111,2.11333,2.12667,2.28333,2.51111,2.40556,2.38889,2.36222,2.37556,2.40222,2.39222,2.29556,2.35556,2.31222,2.36,2.67,2.74,2.61111,2.64,2.62333,2.6,2.66667,2.84778,3.08667,3.11222,3.11333,3.32667,3.59556,3.66111,3.80889,3.93333,4.37,4.50222,4.48556,4.00556,3.10778,2.95444,3.16889,2.9,2.56444,2.34444,2.51111,2.23111,2.10889,2.04556,1.99667,1.66111,1.52667,1.33222,1.37,1.23,1.15889,1.04778,1.04222,0.943333,0.836667,0.822222,0.761111
82,,0.621111,0.451111,0.426667,0.422222,0.365556,0.425556,0.341111,0.33,0.361111,0.391111,0.427778,0.418889,0.437778,0.213333,0.174444,0.211111,0.376667,0.51,0.572222,0.61,0.548889,0.532222,0.813333,1.02889,1.28222,1.65778,2.22111,2.52222,2.61778,2.73667,3.00667,3.32111,3.14222,3.13,3.08222,2.84222,2.78333,2.60667,2.42667,2.12556,2.11778,2.27222,2.50333,2.41,2.38222,2.37444,2.37556,2.40222,2.39222,2.27556,2.37222,2.30556,2.36444,2.67222,2.74111,2.60667,2.63889,2.61778,2.59333,2.67444,2.82889,3.07889,3.11444,3.11333,3.32778,3.56222,3.65889,3.80778,3.92444,4.35444,4.48444,4.48889,4.08333,3.11444,2.95222,3.17889,2.90222,2.57222,2.35222,2.50222,2.24111,2.12,2.04556,1.98444,1.67778,1.53,1.34111,1.36778,1.23556,1.14667,1.07222,1.03778,0.935556,0.842222,0.823333,0.775556
83,,0.62,0.455556,0.421111,0.417778,0.38,0.42,0.333333,0.33,0.367778,0.386667,0.436667,0.42,0.427778,0.208889,0.178889,0.214444,0.378889,0.508889,0.582222,0.598889,0.543333,0.54,0.834444,1.02556,1.29444,1.67889,2.23,2.52556,2.61333,2.77222,2.99778,3.32333,3.14,3.12222,3.08667,2.83556,2.77556,2.60889,2.40111,2.11444,2.12444,2.28889,2.50778,2.40556,2.39,2.36333,2.37556,2.39889,2.39778,2.29111,2.35556,2.31111,2.36667,2.66778,2.74,2.61222,2.63556,2.62667,2.6,2.66222,2.85,3.08889,3.11333,3.11222,3.33,3.59444,3.65556,3.81333,3.93778,4.36667,4.50222,4.48889,3.99889,3.10778,2.96222,3.15667,2.90222,2.56444,2.34778,2.51,2.23111,2.11,2.04222,1.99444,1.66222,1.52889,1.33222,1.36667,1.22889,1.16556,1.04222,1.04444,0.94,0.837778,0.823333,0.761111
84,,0.622222,0.45,0.426667,0.418889,0.37,0.425556,0.336667,0.33,0.365556,0.388889,0.427778,0.424444,0.43,0.214444,0.174444,0.217778,0.374444,0.51,0.578889,0.601111,0.547778,0.536667,0.832222,1.01889,1.28333,1.67889,2.22889,2.51556,2.61556,2.76556,2.99556,3.32778,3.13889,3.12333,3.08778,2.83333,2.78444,2.60889,2.40778,2.11667,2.12556,2.27111,2.51556,2.41,2.39,2.35889,2.37444,2.40111,2.39778,2.27444,2.37333,2.31333,2.35,2.67667,2.73667,2.61333,2.64222,2.62111,2.59333,2.67778,2.83444,3.08,3.11444,3.12,3.33,3.57667,3.65889,3.80556,3.93556,4.36889,4.49444,4.47778,4.04667,3.10222,2.95333,3.16444,2.90556,2.57,2.35222,2.50444,2.23,2.11889,2.04111,1.99556,1.66444,1.53778,1.32778,1.36778,1.23222,1.16,1.05222,1.04111,0.937778,0.841111,0.823333,0.767778
85,,0.624444,0.446667,0.428889,0.421111,0.364444,0.428889,0.338889,0.331111,0.356667,0.395556,0.426667,0.418889,0.437778,0.216667,0.174444,0.21,0.373333,0.506667,0.573333,0.613333,0.551111,0.53,0.811111,1.02556,1.27,1.66,2.20889,2.53778,2.60778,2.73778,3.00222,3.31778,3.15556,3.11889,3.08444,2.84222,2.78889,2.61222,2.42778,2.12111,2.12222,2.27444,2.49111,2.42111,2.38111,2.36111,2.38778,2.39778,2.39667,2.28,2.36556,2.31111,2.35889,2.66667,2.74,2.60889,2.63556,2.61444,2.59667,2.68111,2.81667,3.07333,3.12667,3.10778,3.32333,3.56556,3.65778,3.8,3.91778,4.35111,4.48,4.49222,4.10667,3.11889,2.95444,3.16667,2.91889,2.57111,2.35667,2.50556,2.24333,2.11444,2.04333,1.98889,1.67556,1.53333,1.34556,1.36556,1.23444,1.14556,1.07556,1.04333,0.934444,0.842222,0.822222,0.776667
86,,0.621111,0.452222,0.424444,0.417778,0.377778,0.423333,0.334444,0.33,0.364444,0.388889,0.431111,0.42,0.428889,0.214444,0.177778,0.214444,0.377778,0.51,0.58,0.6,0.545556,0.537778,0.831111,1.02111,1.29556,1.67222,2.23222,2.52111,2.61222,2.76667,2.99667,3.33111,3.13889,3.11778,3.09222,2.83222,2.78222,2.60778,2.40556,2.11222,2.13111,2.27,2.52111,2.40667,2.39,2.35667,2.37778,2.4,2.39778,2.27556,2.37222,2.31111,2.35333,2.67778,2.73778,2.60889,2.64333,2.61889,2.6,2.67333,2.83778,3.08,3.12,3.11333,3.32889,3.58667,3.66333,3.80333,3.93778,4.36778,4.5,4.48222,4.02667,3.09778,2.95667,3.17222,2.90111,2.56222,2.35111,2.50778,2.22333,2.12333,2.04333,1.99444,1.66111,1.53222,1.33222,1.36556,1.23,1.16111,1.04889,1.04111,0.941111,0.841111,0.82,0.766667
87,,0.552222,0.385556,0.362222,0.344444,0.333333,0.33,0.285556,0.277778,0.285556,0.3,0.31,0.323333,0.573333,0.375556,0.302222,0.283333,0.393333,0.535556,0.61,0.684444,0.765556,1.03111,1.19778,1.54889,1.88556,2.47556,2.83444,3.22889,3.54333,3.81667,4.08778,3.99778,3.72889,3.63222,3.64556,3.42444,3.33556,2.89889,2.51889,2.32778,2.30889,2.6,2.38889,2.42667,2.51778,2.40333,2.35667,2.38111,2.26444,2.39111,2.33111,2.21667,2.37889,2.48222,2.41667,2.52222,2.46889,2.50667,2.44,2.39222,2.46889,2.64333,2.85556,2.95444,2.88111,3.05778,3.05111,3.19222,3.24111,3.58333,3.48444,3.55,3.41222,2.84444,2.59,2.63444,2.48778,2.37444,2.30333,2.14111,1.98111,1.91444,1.83111,1.80778,1.65111,1.48444,1.27778,1.18556,1.06111,1.02333,0.995556,0.911111,0.835556,0.794444,0.7,0.714444
88,,0.556667,0.386667,0.367778,0.346667,0.33,0.326667,0.285556,0.281111,0.29,0.294444,0.315556,0.317778,0.571111,0.381111,0.297778,0.287778,0.394444,0.528889,0.601111,0.69,0.753333,1.03333,1.19333,1.53889,1.86889,2.47333,2.79556,3.22444,3.52667,3.79444,4.07222,4.01556,3.75,3.63333,3.64556,3.43111,3.34667,2.91889,2.52889,2.32667,2.31333,2.60111,2.39111,2.42222,2.50778,2.41667,2.36111,2.37444,2.27111,2.37889,2.33222,2.22111,2.39,2.45889,2.42889,2.49778,2.5,2.48667,2.43778,2.41667,2.45889,2.62556,2.85111,2.95889,2.87667,3.05,3.06,3.16,3.25222,3.55222,3.51667,3.53333,3.44889,2.85444,2.59778,2.62556,2.49111,2.38222,2.31111,2.14111,1.99444,1.90333,1.84333,1.80889,1.65111,1.49111,1.28333,1.18667,1.06889,1.02556,0.993333,0.911111,0.832222,0.81,0.701111,0.705556
89,,0.566667,0.384444,0.371111,0.345556,0.33,0.325556,0.288889,0.275556,0.291111,0.294444,0.315556,0.318889,0.572222,0.381111,0.296667,0.287778,0.391111,0.53,0.596667,0.69,0.752222,1.03333,1.19444,1.53444,1.86111,2.47111,2.78556,3.21333,3.52556,3.78667,4.06667,4.01667,3.76444,3.63778,3.63778,3.43667,3.35111,2.91667,2.53778,2.33111,2.31222,2.60111,2.39667,2.41667,2.51,2.41556,2.36222,2.37222,2.28444,2.36,2.34444,2.21556,2.38333,2.46222,2.43,2.49444,2.50667,2.47667,2.45111,2.41111,2.45667,2.62333,2.84889,2.95556,2.86778,3.04889,3.06889,3.16,3.25667,3.53444,3.51778,3.53333,3.46222,2.86556,2.59556,2.62444,2.49111,2.38111,2.31556,2.14778,1.99333,1.90222,1.84889,1.80778,1.64889,1.49333,1.28667,1.19333,1.06444,1.02444,0.995556,0.912222,0.838889,0.808889,0.697778,0.701111
90,,0.542222,0.388889,0.357778,0.344444,0.327778,0.342222,0.28,0.273333,0.282222,0.304444,0.307778,0.33,0.582222,0.366667,0.306667,0.274444,0.404444,0.535556,0.612222,0.684444,0.774444,1.04,1.19667,1.57556,1.89222,2.49667,2.85889,3.24889,3.56,3.83889,4.10111,3.98778,3.70444,3.62556,3.64778,3.41222,3.32889,2.85333,2.53,2.31,2.32111,2.59111,2.38667,2.44667,2.49556,2.41222,2.34444,2.39333,2.26333,2.38444,2.33333,2.22333,2.37778,2.47111,2.44778,2.50667,2.45889,2.50667,2.45778,2.37778,2.47778,2.64,2.88667,2.95444,2.86889,3.06667,3.05667,3.18778,3.25444,3.60222,3.48,3.56111,3.38111,2.82333,2.57444,2.63111,2.50889,2.34444,2.3,2.14667,1.96667,1.90889,1.83556,1.81,1.63889,1.46778,1.28667,1.18556,1.04222,1.04333,0.973333,0.91,0.836667,0.793333,0.698889,0.712222
91,,0.553333,0.388889,0.363333,0.344444,0.333333,0.326667,0.285556,0.28,0.288889,0.296667,0.312222,0.323333,0.573333,0.373333,0.303333,0.281111,0.396667,0.533333,0.608889,0.681111,0.765556,1.03,1.19111,1.54667,1.87889,2.47889,2.82,3.22222,3.53667,3.80444,4.08444,4.00444,3.73778,3.63333,3.65111,3.42,3.34444,2.90667,2.51778,2.33556,2.30556,2.60333,2.38444,2.43,2.51889,2.4,2.35444,2.38111,2.26889,2.38333,2.33333,2.22556,2.37444,2.47222,2.42444,2.51333,2.48111,2.5,2.44111,2.40222,2.46,2.63889,2.85,2.96111,2.87333,3.05667,3.05667,3.17889,3.25,3.56222,3.49778,3.54222,3.43111,2.84667,2.59111,2.63556,2.48667,2.38,2.30778,2.13667,1.99222,1.91111,1.83556,1.80556,1.65111,1.48667,1.28222,1.18667,1.06222,1.02667,0.993333,0.912222,0.831111,0.802222,0.7,0.71
92,,0.567778,0.384444,0.371111,0.345556,0.33,0.324444,0.29,0.275556,0.291111,0.294444,0.315556,0.317778,0.573333,0.381111,0.296667,0.286667,0.39,0.531111,0.596667,0.691111,0.752222,1.03111,1.19667,1.53222,1.86111,2.47111,2.78111,3.21444,3.52667,3.78444,4.06556,4.01556,3.76556,3.63889,3.63667,3.43889,3.35333,2.91667,2.53778,2.33111,2.31222,2.60111,2.39556,2.42,2.50667,2.41889,2.36111,2.37333,2.28222,2.36,2.34444,2.21667,2.38444,2.45667,2.43333,2.49556,2.50444,2.47889,2.44889,2.41333,2.45444,2.62222,2.85222,2.95333,2.86778,3.05,3.06889,3.16111,3.25222,3.53778,3.51556,3.53444,3.46,2.87,2.59444,2.62333,2.49222,2.37889,2.31889,2.14444,1.99778,1.90222,1.85,1.80667,1.64778,1.49444,1.28667,1.19222,1.06667,1.02444,0.994444,0.912222,0.838889,0.807778,0.7,0.7
93,,0.552222,0.385556,0.363333,0.344444,0.333333,0.33,0.285556,0.277778,0.285556,0.3,0.31,0.323333,0.573333,0.375556,0.301111,0.283333,0.393333,0.534444,0.611111,0.684444,0.765556,1.03222,1.19444,1.55111,1.88444,2.47333,2.83333,3.22889,3.54333,3.81,4.08778,4.00556,3.72778,3.63111,3.64444,3.42333,3.34111,2.89778,2.51556,2.33444,2.30444,2.60222,2.38889,2.42778,2.51778,2.40444,2.35333,2.38,2.26556,2.39111,2.33111,2.21444,2.38333,2.48222,2.41444,2.52333,2.46667,2.50778,2.44111,2.39333,2.46667,2.64222,2.85667,2.95222,2.88111,3.05889,3.05222,3.19111,3.24111,3.57889,3.49,3.54778,3.41222,2.84667,2.58889,2.63889,2.48556,2.37444,2.30333,2.13667,1.98889,1.90778,1.83556,1.80778,1.65111,1.48444,1.27667,1.18778,1.06111,1.02222,0.994444,0.914444,0.834444,0.795556,0.697778,0.715556
94,,0.665556,0.514444,0.481111,0.417778,0.441111,0.412222,0.342222,0.355556,0.363333,0.314444,0.391111,0.36,0.312222,0.218889,0.141111,0.121111,0.272222,0.431111,0.441111,0.497778,0.408889,0.358889,0.535556,0.75,0.874444,1.18778,1.41889,1.88,1.93222,2.04222,2.25333,2.43667,2.60556,2.59556,2.60667,2.43778,2.37444,2.25556,2.26111,2.02,2.10667,2.35222,2.39444,2.51778,2.48889,2.40556,2.38778,2.36111,2.38667,2.48444,2.38889,2.39444,2.48111,2.65556,2.81778,2.83444,2.79111,2.82667,2.80111,2.73889,2.90444,3.12333,3.24778,3.32778,3.32778,3.37111,3.54222,3.74556,3.81444,4.03556,4.19444,4.34222,4.24,3.89889,3.62778,3.66222,3.29333,3.18556,2.91667,2.72222,2.48222,2.40444,2.19111,2.23778,1.93778,1.76222,1.64111,1.47778,1.38556,1.27111,1.14,1.22556,1.06778,0.943333,0.832222,0.89
95,,0.666667,0.513333,0.481111,0.417778,0.442222,0.411111,0.342222,0.355556,0.363333,0.314444,0.392222,0.358889,0.312222,0.218889,0.141111,0.121111,0.272222,0.432222,0.441111,0.496667,0.408889,0.36,0.535556,0.751111,0.874444,1.18667,1.42111,1.87889,1.93111,2.04556,2.25111,2.44,2.60444,2.59444,2.60556,2.44,2.37111,2.25667,2.26333,2.02222,2.10556,2.35222,2.39333,2.51778,2.48667,2.40444,2.39,2.36222,2.38333,2.48778,2.39,2.39111,2.48333,2.65444,2.81778,2.83667,2.79,2.82667,2.80111,2.73889,2.90333,3.12444,3.25111,3.32333,3.32889,3.37333,3.54111,3.74778,3.81333,4.03667,4.19667,4.34111,4.24222,3.89667,3.62667,3.66111,3.29333,3.18444,2.91556,2.72222,2.48111,2.40333,2.19556,2.23444,1.93667,1.76333,1.64,1.48,1.38222,1.27222,1.14,1.22333,1.07,0.944444,0.83,0.888889
96,,0.672222,0.516667,0.483333,0.413333,0.444444,0.41,0.345556,0.354444,0.363333,0.316667,0.392222,0.355556,0.314444,0.222222,0.138889,0.122222,0.268889,0.425556,0.45,0.491111,0.414444,0.358889,0.533333,0.746667,0.866667,1.19222,1.41,1.87667,1.93222,2.04111,2.24778,2.44556,2.59444,2.59778,2.60556,2.44444,2.37778,2.25111,2.26222,2.02111,2.09222,2.36222,2.39333,2.52111,2.48,2.41222,2.38889,2.36,2.38333,2.47444,2.39889,2.39333,2.48667,2.64556,2.82222,2.82667,2.79,2.84,2.79222,2.74,2.9,3.12667,3.22889,3.33444,3.33556,3.36444,3.52556,3.74222,3.81333,4.02444,4.18222,4.33556,4.25667,3.92222,3.63333,3.66333,3.30111,3.19111,2.92222,2.72111,2.50111,2.39222,2.19444,2.24444,1.93556,1.76333,1.64111,1.47667,1.39111,1.27111,1.14444,1.22556,1.07,0.94,0.834444,0.884444
97,,0.67,0.514444,0.485556,0.414444,0.441111,0.413333,0.344444,0.353333,0.362222,0.317778,0.39,0.358889,0.313333,0.22,0.141111,0.121111,0.267778,0.428889,0.447778,0.494444,0.411111,0.357778,0.535556,0.746667,0.868889,1.19111,1.41667,1.87889,1.93333,2.03889,2.25333,2.43778,2.60444,2.59444,2.60333,2.44222,2.37222,2.25778,2.26556,2.01556,2.10111,2.35667,2.40111,2.51556,2.48333,2.40667,2.38889,2.35778,2.38889,2.48111,2.38333,2.39889,2.48889,2.65,2.82111,2.83,2.78444,2.83667,2.79889,2.73778,2.90333,3.12556,3.23556,3.33,3.33222,3.37111,3.53111,3.74667,3.81333,4.03333,4.18111,4.33889,4.25444,3.91,3.62889,3.65778,3.29778,3.19,2.92333,2.71778,2.49444,2.39556,2.19333,2.24222,1.93778,1.76222,1.63667,1.48,1.38889,1.27222,1.14111,1.22444,1.06889,0.941111,0.835556,0.885556
98,,0.664444,0.516667,0.481111,0.416667,0.442222,0.411111,0.343333,0.355556,0.363333,0.314444,0.391111,0.36,0.312222,0.218889,0.141111,0.121111,0.272222,0.43,0.442222,0.495556,0.41,0.358889,0.536667,0.748889,0.875556,1.18444,1.42,1.88,1.93333,2.04,2.25667,2.43444,2.60444,2.59778,2.60778,2.43444,2.37444,2.25556,2.26222,2.02,2.10889,2.35222,2.39333,2.51667,2.48889,2.40667,2.38556,2.36222,2.38778,2.48222,2.39111,2.39444,2.48111,2.65556,2.81667,2.83556,2.79,2.82667,2.80111,2.73778,2.90667,3.12333,3.24444,3.32889,3.32889,3.37111,3.54,3.74778,3.81333,4.03333,4.19333,4.34444,4.24222,3.89778,3.62667,3.66333,3.29333,3.18556,2.92,2.72,2.48333,2.40333,2.19222,2.23889,1.93667,1.76222,1.64222,1.47556,1.38667,1.27222,1.14,1.22556,1.06778,0.943333,0.831111,0.89
99,,0.452222,0.357778,0.29,0.324444,0.283333,0.284444,0.296667,0.273333,0.285556,0.301111,0.298889,0.322222,0.666667,0.56,0.381111,0.386667,0.543333,0.74,0.926667,1.08556,1.09,1.46222,1.67667,2.00444,2.51889,3.23556,3.66667,3.96778,4.22556,4.46,4.42222,4.31222,4.15889,3.87333,4.05111,3.98111,3.63778,3.29889,2.96667,2.81,2.67889,2.80889,2.74778,2.65667,2.72778,2.62,2.51444,2.68444,2.59,2.50556,2.38111,2.41222,2.47222,2.61556,2.42,2.52667,2.37778,2.47222,2.38556,2.26111,2.45,2.44111,2.39444,2.53889,2.59222,2.55889,2.68,2.59222,2.62111,2.66778,2.72556,2.63667,2.26889,2.03667,1.94889,1.92333,1.86889,1.91222,1.87111,1.81333,1.56778,1.59667,1.47667,1.50889,1.33889,1.15556,1.02444,0.982222,0.846667,0.817778,0.715556,0.707778,0.676667,0.667778,0.552222,0.57
100,,0.448889,0.36,0.288889,0.33,0.28,0.286667,0.294444,0.271111,0.287778,0.302222,0.296667,0.323333,0.663333,0.561111,0.378889,0.391111,0.541111,0.732222,0.927778,1.07889,1.09556,1.45667,1.67111,2.00778,2.5,3.22667,3.64667,3.98556,4.21222,4.46778,4.42667,4.30222,4.15222,3.89333,4.04778,3.98667,3.63333,3.31444,2.96778,2.81778,2.66,2.82,2.74889,2.65,2.72778,2.63333,2.51889,2.67889,2.58667,2.51,2.38667,2.40889,2.46,2.61889,2.40889,2.52556,2.39667,2.46889,2.38333,2.26889,2.44889,2.44333,2.38,2.55,2.59444,2.54889,2.68444,2.59,2.62111,2.67333,2.72667,2.62333,2.28333,2.03667,1.94556,1.92111,1.87667,1.91111,1.87222,1.81444,1.57444,1.58889,1.48222,1.50778,1.34333,1.15667,1.02889,0.981111,0.84,0.826667,0.714444,0.711111,0.671111,0.667778,0.554444,0.574444
101,,0.452222,0.357778,0.29,0.324444,0.283333,0.284444,0.296667,0.273333,0.285556,0.301111,0.3,0.321111,0.666667,0.56,0.381111,0.386667,0.544444,0.738889,0.928889,1.08333,1.09,1.46333,1.67556,2.00556,2.51889,3.23667,3.66556,3.96889,4.22556,4.45889,4.42222,4.31111,4.16,3.87333,4.05222,3.98,3.64,3.29667,2.96778,2.81,2.67778,2.81,2.74667,2.65778,2.72556,2.62222,2.51222,2.68556,2.59,2.50556,2.38111,2.41111,2.47222,2.61667,2.42,2.52778,2.37667,2.47111,2.38667,2.26,2.45,2.44222,2.39444,2.53778,2.59222,2.56,2.67889,2.59333,2.62111,2.66889,2.72444,2.63667,2.26778,2.03778,1.94889,1.92333,1.86778,1.91222,1.87333,1.81111,1.56778,1.59667,1.47667,1.51,1.33778,1.15667,1.02333,0.982222,0.846667,0.818889,0.714444,0.707778,0.677778,0.666667,0.552222,0.57
102,,0.448889,0.36,0.291111,0.327778,0.281111,0.285556,0.294444,0.273333,0.285556,0.303333,0.296667,0.322222,0.664444,0.56,0.381111,0.388889,0.541111,0.733333,0.926667,1.08111,1.09556,1.45444,1.67667,2.00444,2.50111,3.22778,3.65,3.98444,4.21333,4.46556,4.43111,4.30333,4.15222,3.88667,4.04778,3.98889,3.62889,3.31889,2.96222,2.82,2.66,2.82111,2.74889,2.65333,2.72556,2.63333,2.51667,2.68,2.58667,2.50778,2.38667,2.40778,2.46556,2.61556,2.41111,2.52556,2.39556,2.46778,2.38444,2.26556,2.45111,2.44333,2.38333,2.54778,2.59111,2.55,2.68556,2.59111,2.62111,2.66889,2.73111,2.62556,2.28444,2.03,1.95,1.91889,1.87889,1.91111,1.87111,1.81111,1.57333,1.59,1.48333,1.50889,1.34111,1.15889,1.02556,0.982222,0.841111,0.824444,0.715556,0.71,0.674444,0.664444,0.555556,0.573333
103,,0.452222,0.357778,0.29,0.324444,0.282222,0.285556,0.296667,0.272222,0.285556,0.302222,0.297778,0.323333,0.665556,0.558889,0.381111,0.387778,0.544444,0.738889,0.924444,1.08667,1.09,1.45889,1.67667,2.00556,2.51222,3.23667,3.66222,3.97222,4.22667,4.45889,4.42111,4.30889,4.16,3.87444,4.05,3.98333,3.63556,3.30667,2.96222,2.81222,2.67889,2.80556,2.75333,2.65556,2.72333,2.62667,2.51556,2.68111,2.59444,2.49444,2.39,2.41222,2.47,2.61333,2.42333,2.51778,2.38889,2.46889,2.38556,2.25778,2.45556,2.44111,2.39111,2.53889,2.59444,2.55667,2.68,2.59333,2.62,2.67,2.72556,2.63444,2.27111,2.03667,1.94667,1.92444,1.87,1.91556,1.86889,1.81333,1.56556,1.59778,1.47667,1.51111,1.34,1.15556,1.02444,0.978889,0.85,0.818889,0.713333,0.711111,0.675556,0.664444,0.555556,0.571111
104,,0.448889,0.358889,0.29,0.326667,0.281111,0.285556,0.296667,0.272222,0.284444,0.303333,0.298889,0.32,0.667778,0.557778,0.381111,0.388889,0.542222,0.738889,0.925556,1.08333,1.09111,1.45333,1.68111,2.00556,2.50444,3.23444,3.65667,3.97556,4.22667,4.45333,4.42667,4.31111,4.15444,3.87889,4.05,3.98778,3.63,3.31333,2.95889,2.82222,2.67222,2.80333,2.75333,2.65889,2.72444,2.62778,2.51333,2.68444,2.58778,2.5,2.39,2.41111,2.46667,2.61556,2.41667,2.52333,2.39222,2.46667,2.38333,2.26444,2.45111,2.44444,2.38889,2.54444,2.59111,2.55,2.68111,2.59444,2.62444,2.66333,2.73222,2.63111,2.27444,2.03111,1.95,1.92444,1.87444,1.91111,1.87444,1.81,1.56667,1.59667,1.47667,1.51444,1.33889,1.15667,1.02333,0.982222,0.843333,0.823333,0.715556,0.708889,0.676667,0.663333,0.558889,0.571111
105,,0.448889,0.356667,0.292222,0.326667,0.281111,0.285556,0.295556,0.273333,0.284444,0.303333,0.298889,0.32,0.667778,0.557778,0.381111,0.388889,0.542222,0.737778,0.926667,1.08333,1.09111,1.45333,1.67889,2.00667,2.50444,3.23222,3.65667,3.97778,4.22556,4.45333,4.42556,4.31111,4.15778,3.87889,4.04778,3.98667,3.63111,3.31444,2.95778,2.82222,2.67111,2.80667,2.75222,2.65889,2.72556,2.62556,2.51556,2.68333,2.58778,2.5,2.39,2.41111,2.46778,2.61333,2.41444,2.52333,2.39556,2.46556,2.38444,2.26444,2.45222,2.44222,2.39,2.54333,2.59222,2.54889,2.68222,2.59444,2.62444,2.66333,2.73222,2.63,2.27667,2.03111,1.95,1.92444,1.87333,1.91222,1.87333,1.80889,1.56778,1.59778,1.47667,1.51333,1.33889,1.15778,1.02333,0.982222,0.842222,0.824444,0.715556,0.708889,0.676667,0.663333,0.557778,0.572222
106,,0.492222,0.424444,0.35,0.381111,0.351111,0.337778,0.28,0.306667,0.332222,0.332222,0.311111,0.351111,0.55,0.504444,0.427778,0.342222,0.513333,0.611111,0.735556,0.83,1.05444,1.33444,1.48333,1.76444,2.22444,2.77222,3.22,3.48,3.68,3.65667,3.49444,3.38667,3.09889,3.11222,3.58222,3.62778,3.41111,3.31778,2.73556,2.53556,2.63667,2.72778,2.66667,2.63778,2.68333,2.65333,2.59778,2.56,2.58222,2.49778,2.46333,2.32667,2.48444,2.48556,2.57556,2.48889,2.56111,2.46889,2.41444,2.35444,2.29667,2.54222,2.56333,2.63889,2.71889,2.83556,2.76,2.84444,2.96111,3.13778,3.06222,2.96778,2.53333,2.42778,2.29111,2.22778,2.26556,2.26778,2.09667,2.15444,1.90222,1.88778,1.74333,1.81111,1.47,1.32667,1.23444,1.14444,1,0.952222,0.861111,0.885556,0.773333,0.716667,0.678889,0.725556
107,,0.503333,0.425556,0.344444,0.384444,0.35,0.34,0.28,0.304444,0.333333,0.334444,0.31,0.353333,0.545556,0.505556,0.43,0.343333,0.503333,0.617778,0.734444,0.827778,1.04889,1.33556,1.48444,1.75222,2.22444,2.76667,3.20778,3.48222,3.66222,3.55111,3.49444,3.38667,3.09889,3.11222,3.58222,3.62778,3.41111,3.31778,2.87444,2.53556,2.62556,2.73444,2.67333,2.63222,2.68222,2.66,2.58778,2.57111,2.57,2.5,2.48,2.31556,2.48778,2.48222,2.57333,2.49556,2.56222,2.46444,2.40667,2.35667,2.3,2.54444,2.55889,2.63667,2.71778,2.83111,2.77111,2.84556,2.95,3.14667,3.05222,2.96556,2.54778,2.43222,2.29222,2.22889,2.26111,2.26556,2.10333,2.15444,1.90222,1.89333,1.73889,1.81556,1.46444,1.33,1.23889,1.13889,1.00889,0.954444,0.855556,0.877778,0.782222,0.72,0.676667,0.717778
108,,0.495556,0.425556,0.35,0.381111,0.35,0.336667,0.282222,0.304444,0.332222,0.334444,0.311111,0.351111,0.55,0.502222,0.43,0.342222,0.507778,0.614444,0.735556,0.83,1.05444,1.33444,1.48,1.76556,2.22222,2.77,3.21556,3.48333,3.67333,3.62333,3.49444,3.38667,3.09889,3.11222,3.58222,3.62778,3.41111,3.31778,2.77889,2.53444,2.63889,2.72222,2.67222,2.63444,2.68444,2.65333,2.59556,2.56444,2.57556,2.50111,2.46778,2.32444,2.48333,2.48556,2.57444,2.48889,2.56556,2.46667,2.41,2.35889,2.30111,2.54111,2.55889,2.63667,2.72111,2.83333,2.76556,2.84222,2.95778,3.14,3.06333,2.96778,2.53111,2.43111,2.29333,2.22667,2.26444,2.26556,2.09889,2.15556,1.90222,1.88667,1.74222,1.81556,1.46556,1.32889,1.23778,1.13889,1.00667,0.951111,0.858889,0.887778,0.77,0.721111,0.675556,0.724444
109,,0.494444,0.423333,0.35,0.382222,0.347778,0.338889,0.278889,0.305556,0.336667,0.327778,0.313333,0.353333,0.553333,0.501111,0.428889,0.338889,0.513333,0.614444,0.737778,0.833333,1.05333,1.33444,1.49111,1.76667,2.22667,2.77889,3.23222,3.48111,3.69111,3.78444,3.49444,3.38667,3.09889,3.11222,3.58222,3.62778,3.41111,3.24667,2.65222,2.53889,2.62556,2.74,2.66444,2.63333,2.67889,2.65444,2.59778,2.57,2.58,2.49667,2.46222,2.32667,2.48111,2.48444,2.57556,2.49,2.56778,2.47,2.40889,2.35,2.30111,2.54,2.56556,2.64,2.71778,2.83889,2.75333,2.84333,2.97,3.14778,3.04333,2.98222,2.51889,2.42556,2.28889,2.22889,2.26778,2.26556,2.10444,2.14667,1.89556,1.88889,1.74667,1.81111,1.47111,1.32222,1.23333,1.14889,0.994444,0.953333,0.855556,0.887778,0.774444,0.716667,0.68,0.717778
110,,0.495556,0.424444,0.348889,0.381111,0.35,0.337778,0.28,0.305556,0.335556,0.328889,0.312222,0.354444,0.552222,0.501111,0.428889,0.34,0.512222,0.614444,0.737778,0.831111,1.05222,1.33667,1.49111,1.76444,2.22889,2.77444,3.23222,3.47667,3.69,3.73778,3.49444,3.38667,3.09889,3.11222,3.58222,3.62778,3.41111,3.29556,2.65556,2.53556,2.63222,2.73556,2.66444,2.63444,2.68222,2.65556,2.59667,2.56222,2.58444,2.49444,2.46333,2.32556,2.48444,2.48444,2.57556,2.49111,2.56667,2.46778,2.41111,2.35222,2.29778,2.54222,2.55889,2.64333,2.72222,2.83556,2.75,2.84889,2.96778,3.14222,3.05333,2.97667,2.52222,2.42556,2.28667,2.23,2.26556,2.26667,2.10333,2.15333,1.89111,1.89111,1.74778,1.81,1.47111,1.32,1.23556,1.14778,0.995556,0.952222,0.858889,0.887778,0.773333,0.717778,0.68,0.716667
111,,0.702222,0.52,0.47,0.41,0.438889,0.438889,0.373333,0.338889,0.372222,0.343333,0.376667,0.408889,0.301111,0.187778,0.124444,0.118889,0.238889,0.395556,0.405556,0.438889,0.363333,0.337778,0.436667,0.634444,0.772222,1.04889,1.20222,1.53111,1.66,1.77,1.98667,2.14556,2.26333,2.25889,2.33111,2.22111,2.17,2.08778,2.04778,1.88,1.97333,2.23556,2.35222,2.35556,2.42,2.37,2.33444,2.25667,2.33333,2.38333,2.40333,2.30222,2.50444,2.66333,2.87778,2.77778,2.80667,2.82556,2.87,2.81778,2.98,3.18111,3.25778,3.42444,3.42556,3.47556,3.61556,3.82333,3.91333,4.17778,4.36556,4.57889,4.44,4.15444,3.75667,3.72889,3.46778,3.21556,2.95556,2.72556,2.57556,2.46222,2.26444,2.23667,1.98667,1.76778,1.67333,1.46556,1.48222,1.34222,1.21111,1.22444,1.07111,1.03,0.905556,0.94
112,,0.698889,0.522222,0.467778,0.411111,0.438889,0.438889,0.373333,0.337778,0.373333,0.342222,0.378889,0.406667,0.301111,0.188889,0.123333,0.118889,0.238889,0.395556,0.405556,0.44,0.362222,0.338889,0.436667,0.634444,0.771111,1.05222,1.20111,1.53,1.66111,1.77,1.98444,2.14889,2.26444,2.26,2.33222,2.21667,2.17,2.08778,2.04667,1.88,1.97667,2.23667,2.34778,2.35667,2.42333,2.36778,2.33222,2.25889,2.33222,2.38556,2.40111,2.30667,2.50444,2.66222,2.87667,2.78111,2.80444,2.82556,2.86889,2.81889,2.97778,3.18222,3.26111,3.42333,3.42667,3.47222,3.61778,3.82333,3.91333,4.18,4.36667,4.57889,4.44,4.15,3.75889,3.72889,3.46556,3.21556,2.95333,2.72778,2.57444,2.46,2.26667,2.23444,1.98667,1.76889,1.67333,1.46333,1.48444,1.34111,1.20889,1.22889,1.06889,1.03,0.904444,0.942222
113,,0.7,0.522222,0.467778,0.413333,0.434444,0.441111,0.372222,0.336667,0.376667,0.341111,0.38,0.405556,0.298889,0.19,0.123333,0.117778,0.24,0.394444,0.405556,0.441111,0.364444,0.336667,0.436667,0.635556,0.771111,1.05222,1.20444,1.53333,1.65444,1.77333,1.98667,2.15111,2.26333,2.26333,2.33,2.21889,2.16333,2.09222,2.04667,1.87889,1.97444,2.24111,2.34333,2.36222,2.41889,2.36889,2.33444,2.25111,2.34111,2.38444,2.40111,2.3,2.50778,2.66111,2.88111,2.78111,2.80556,2.82778,2.86889,2.81667,2.97556,3.18889,3.25667,3.42333,3.42778,3.47556,3.62222,3.81889,3.91778,4.17889,4.36889,4.59,4.43111,4.14556,3.75333,3.73111,3.45778,3.21667,2.95444,2.72444,2.58111,2.45667,2.26667,2.23444,1.98,1.77,1.67444,1.46556,1.48333,1.33444,1.21111,1.22889,1.06889,1.02889,0.905556,0.94
114,,0.538889,0.397778,0.334444,0.368889,0.343333,0.328889,0.31,0.297778,0.313333,0.311111,0.318889,0.325556,0.43,0.268889,0.186667,0.167778,0.302222,0.507778,0.523333,0.535556,0.482222,0.437778,0.851111,1.10667,1.21,1.46889,2.24444,2.83556,2.90222,3.03556,3.34,3.67778,3.71778,3.73889,3.59778,3.04556,2.83222,2.80556,2.35444,2.13778,2.15778,2.30556,2.39444,2.36667,2.33111,2.29222,2.38556,2.35778,2.33778,2.19778,2.13889,2.25889,2.32778,2.49667,2.61667,2.57889,2.52667,2.46444,2.48444,2.51889,2.62,2.77444,2.85889,2.96889,3.14333,3.39889,3.61,3.76222,3.81667,4.00333,4.12667,4.28111,4.15667,3.75,3.14889,2.98,2.79889,2.45,2.28111,2.10556,2.00333,1.86667,1.81556,1.70222,1.51444,1.41444,1.16111,1.07556,0.97,0.914444,0.843333,0.783333,0.733333,0.722222,0.631111,0.633333
115,,0.697778,0.553333,0.486667,0.446667,0.44,0.422222,0.356667,0.385556,0.371111,0.345556,0.416667,0.401111,0.348889,0.246667,0.16,0.146667,0.311111,0.468889,0.48,0.535556,0.427778,0.423333,0.628889,0.911111,1.04556,1.32889,1.64222,2.18,2.20444,2.33222,2.53556,2.74556,2.97222,2.90444,2.89222,2.65778,2.54667,2.47889,2.39556,2.21889,2.26222,2.4,2.53667,2.47778,2.51333,2.48333,2.50333,2.43111,2.49333,2.54556,2.43889,2.47111,2.49111,2.65778,2.77,2.77111,2.79444,2.75556,2.75556,2.76,2.84778,2.99778,3.10667,3.10667,3.05667,3.02889,3.13444,3.16889,3.20556,3.16444,3.20556,3.21444,3.29222,3.31444,3.41222,3.18778,3.01889,2.96556,2.76667,2.66556,2.54556,2.40333,2.20778,2.12444,2.03889,1.76667,1.60667,1.44778,1.42333,1.23111,1.14333,1.18333,1.06778,0.89,0.856667,0.852222
116,,0.702222,0.557778,0.485556,0.445556,0.441111,0.422222,0.356667,0.383333,0.373333,0.344444,0.422222,0.394444,0.352222,0.25,0.158889,0.148889,0.302222,0.466667,0.487778,0.53,0.435556,0.417778,0.628889,0.9,1.05222,1.32222,1.64222,2.16333,2.20889,2.32889,2.53222,2.73778,2.97556,2.89444,2.90333,2.66111,2.54778,2.48,2.39556,2.22111,2.27,2.39333,2.53111,2.47889,2.50667,2.49444,2.51111,2.42222,2.48222,2.55333,2.44333,2.46444,2.49778,2.65333,2.76556,2.77444,2.78444,2.75778,2.75778,2.76111,2.84556,2.98889,3.11333,3.10333,3.05556,3.03778,3.12222,3.16667,3.20111,3.17667,3.19444,3.22444,3.28556,3.30667,3.40556,3.21111,3.02333,2.96667,2.77,2.66,2.55889,2.40889,2.20444,2.12667,2.03889,1.77333,1.60222,1.45444,1.42,1.23222,1.14,1.19,1.07111,0.894444,0.856667,0.846667
117,,0.697778,0.554444,0.485556,0.446667,0.44,0.421111,0.357778,0.385556,0.371111,0.345556,0.416667,0.4,0.351111,0.246667,0.158889,0.147778,0.307778,0.47,0.481111,0.534444,0.43,0.423333,0.627778,0.906667,1.04556,1.33111,1.64111,2.17667,2.20333,2.33222,2.53778,2.74111,2.97333,2.90333,2.89222,2.66,2.54667,2.48111,2.39111,2.22111,2.26667,2.39778,2.53222,2.47667,2.51333,2.48889,2.50111,2.43333,2.48667,2.55222,2.43667,2.46889,2.49556,2.65556,2.77,2.77111,2.79333,2.75222,2.75889,2.76,2.84444,2.99778,3.10778,3.10667,3.05333,3.03,3.13222,3.16889,3.20333,3.16889,3.20111,3.21889,3.29111,3.31111,3.40889,3.19556,3.02222,2.96444,2.77111,2.66444,2.54556,2.40222,2.21111,2.12444,2.03556,1.77111,1.60778,1.44667,1.42667,1.22778,1.14778,1.17889,1.07333,0.888889,0.855556,0.853333
118,,0.701111,0.551111,0.486667,0.446667,0.44,0.423333,0.355556,0.385556,0.372222,0.344444,0.418889,0.397778,0.352222,0.244444,0.158889,0.147778,0.31,0.468889,0.48,0.535556,0.427778,0.423333,0.632222,0.914444,1.04,1.33222,1.64444,2.17778,2.21,2.33111,2.53778,2.74667,2.97444,2.90333,2.89222,2.65444,2.55111,2.47556,2.39444,2.21444,2.26778,2.39667,2.53556,2.48111,2.51444,2.48333,2.49889,2.43667,2.48778,2.54889,2.43556,2.47,2.49889,2.65667,2.76889,2.77444,2.79111,2.76111,2.75111,2.75889,2.85,3.00222,3.10556,3.10444,3.05778,3.03,3.13333,3.17,3.20556,3.16444,3.20778,3.21667,3.29111,3.31889,3.40778,3.18111,3.01889,2.96556,2.76333,2.67,2.54,2.40333,2.20333,2.12778,2.03556,1.76444,1.60889,1.44889,1.42111,1.23111,1.14111,1.18556,1.06444,0.892222,0.857778,0.848889
119,,0.698889,0.558889,0.484444,0.444444,0.442222,0.421111,0.355556,0.386667,0.371111,0.345556,0.42,0.394444,0.354444,0.247778,0.158889,0.148889,0.302222,0.471111,0.484444,0.53,0.434444,0.421111,0.626667,0.903333,1.04889,1.32667,1.64,2.16444,2.20778,2.33333,2.53444,2.73889,2.97444,2.89667,2.89889,2.66,2.54556,2.48333,2.39111,2.22667,2.26667,2.39556,2.53222,2.47444,2.51111,2.49111,2.50889,2.42556,2.48444,2.55333,2.44,2.46556,2.49556,2.65667,2.76444,2.77556,2.78667,2.75444,2.76111,2.76,2.84667,2.99222,3.10778,3.10444,3.05667,3.03444,3.12556,3.16667,3.20222,3.17444,3.19889,3.22222,3.28889,3.30333,3.40444,3.20889,3.02222,2.96667,2.77,2.66111,2.55556,2.40889,2.20889,2.12444,2.03889,1.76889,1.60333,1.45556,1.41889,1.23333,1.14,1.18889,1.07222,0.89,0.857778,0.851111
120,,0.527778,0.4,0.372222,0.36,0.335556,0.305556,0.315556,0.246667,0.273333,0.278889,0.282222,0.352222,0.542222,0.347778,0.245556,0.251111,0.39,0.452222,0.481111,0.556667,0.57,0.666667,1.00444,1.23111,1.50556,1.92333,2.52444,2.93333,2.91,3.16667,3.57778,3.78333,3.71111,3.61333,3.26889,3.04,2.90111,2.57,2.44444,2.33889,2.33222,2.40333,2.36556,2.38333,2.42556,2.40222,2.36778,2.42556,2.41667,2.36556,2.30556,2.35333,2.47889,2.56667,2.61,2.59222,2.5,2.63889,2.57333,2.47778,2.52778,2.89,3.00333,2.93333,2.95444,2.98222,3.14,3.23444,3.25222,3.34889,3.27778,3.64667,3.09556,2.90556,2.91889,2.89222,2.71333,2.61222,2.33,2.33444,2.04222,1.99222,1.83,1.83,1.66333,1.41333,1.22444,1.14111,1.08222,1.01111,0.904444,0.868889,0.794444,0.776667,0.727778,0.617778
121,,0.527778,0.4,0.372222,0.36,0.334444,0.305556,0.315556,0.246667,0.275556,0.277778,0.283333,0.351111,0.543333,0.346667,0.244444,0.251111,0.39,0.452222,0.481111,0.558889,0.568889,0.668889,1.00556,1.22667,1.50778,1.92556,2.52889,2.93222,2.91111,3.16778,3.57778,3.78444,3.71,3.61222,3.27,3.03889,2.90111,2.56667,2.44556,2.33778,2.33222,2.40333,2.36556,2.38556,2.42556,2.4,2.36889,2.42889,2.41222,2.36667,2.30889,2.34778,2.48222,2.57222,2.60444,2.58778,2.50111,2.63889,2.57667,2.47333,2.53111,2.9,2.99222,2.93778,2.95556,2.98,3.13667,3.23778,3.25,3.35333,3.27444,3.65444,3.08667,2.90667,2.91556,2.89778,2.71111,2.60889,2.33222,2.33333,2.04,1.99667,1.83,1.82778,1.66444,1.40889,1.22333,1.14222,1.08333,1.01,0.904444,0.868889,0.794444,0.775556,0.727778,0.617778
122,,0.527778,0.398889,0.373333,0.358889,0.335556,0.305556,0.315556,0.246667,0.274444,0.277778,0.282222,0.352222,0.543333,0.346667,0.245556,0.251111,0.39,0.452222,0.481111,0.556667,0.571111,0.666667,1.00667,1.22778,1.50556,1.92444,2.52778,2.93333,2.90889,3.16889,3.57889,3.78222,3.71,3.61111,3.27,3.04111,2.9,2.56889,2.44556,2.33889,2.33222,2.40222,2.36556,2.38444,2.42556,2.4,2.37,2.42889,2.41222,2.36444,2.30778,2.35111,2.48111,2.56889,2.60778,2.59111,2.50111,2.63889,2.57333,2.47444,2.53333,2.89333,2.99667,2.93556,2.95444,2.98222,3.13667,3.23667,3.25333,3.35,3.27556,3.65,3.09222,2.90333,2.91889,2.89444,2.71333,2.61222,2.33111,2.33222,2.04222,1.99556,1.82667,1.83111,1.66333,1.41222,1.22333,1.14111,1.08222,1.01,0.906667,0.867778,0.794444,0.775556,0.727778,0.618889
123,,0.703333,0.504444,0.477778,0.397778,0.445556,0.425556,0.356667,0.351111,0.354444,0.334444,0.383333,0.385556,0.306667,0.193333,0.116667,0.122222,0.243333,0.395556,0.416667,0.456667,0.375556,0.315556,0.456667,0.631111,0.782222,1.07111,1.23667,1.58556,1.68333,1.79222,2.00111,2.15333,2.28222,2.30444,2.31222,2.20667,2.18111,2.06111,2.03444,1.87556,1.98222,2.26333,2.28889,2.38667,2.41667,2.34333,2.29778,2.26,2.36,2.39889,2.37556,2.26556,2.44667,2.61556,2.85333,2.74111,2.78,2.80222,2.82667,2.77333,2.93333,3.13444,3.24222,3.36778,3.36778,3.40556,3.56889,3.78,3.88556,4.13,4.30222,4.49111,4.32778,4.03222,3.65222,3.66889,3.34556,3.15222,2.88222,2.68556,2.51889,2.37222,2.21444,2.23,1.93778,1.72,1.65222,1.48333,1.42444,1.29778,1.19556,1.18222,1.04444,0.994444,0.86,0.908889
124,,0.704444,0.504444,0.477778,0.396667,0.446667,0.424444,0.358889,0.346667,0.356667,0.334444,0.384444,0.385556,0.304444,0.196667,0.115556,0.122222,0.243333,0.394444,0.416667,0.456667,0.372222,0.318889,0.455556,0.632222,0.777778,1.07222,1.23667,1.58444,1.68444,1.79,2,2.15222,2.28222,2.30222,2.31222,2.20333,2.18667,2.06,2.03556,1.87444,1.98,2.26444,2.28556,2.39111,2.41889,2.33889,2.29889,2.26,2.36778,2.38444,2.38222,2.26444,2.44444,2.61889,2.85333,2.73667,2.78222,2.79556,2.83,2.77333,2.93111,3.13889,3.23778,3.36778,3.36222,3.40778,3.56889,3.77444,3.88444,4.12333,4.30222,4.48667,4.33444,4.03667,3.65667,3.66667,3.35111,3.15889,2.88222,2.68889,2.52556,2.36889,2.21222,2.22444,1.94556,1.72,1.65667,1.47667,1.43333,1.29444,1.19333,1.18222,1.04444,1,0.858889,0.91
125,,0.707778,0.506667,0.473333,0.4,0.443333,0.428889,0.356667,0.345556,0.357778,0.336667,0.382222,0.384444,0.307778,0.196667,0.115556,0.122222,0.243333,0.393333,0.417778,0.455556,0.371111,0.32,0.454444,0.634444,0.774444,1.06778,1.23667,1.58667,1.67444,1.79556,1.99889,2.15444,2.28444,2.29778,2.31667,2.2,2.18667,2.06444,2.03,1.87889,1.97333,2.26111,2.29556,2.37778,2.42778,2.34,2.30111,2.25667,2.37,2.38556,2.37889,2.26778,2.44111,2.61667,2.85556,2.73556,2.78333,2.79444,2.82333,2.77444,2.93778,3.13667,3.23556,3.36222,3.36667,3.40444,3.56444,3.77556,3.87889,4.11778,4.30333,4.48333,4.33778,4.04556,3.66333,3.66222,3.36111,3.15778,2.87778,2.69,2.53222,2.36889,2.21222,2.22444,1.94889,1.71889,1.65667,1.47778,1.43444,1.29444,1.19,1.18667,1.04667,1,0.852222,0.913333
126,,0.491111,0.381111,0.336667,0.346667,0.32,0.306667,0.292222,0.264444,0.261111,0.256667,0.263333,0.342222,0.55,0.371111,0.26,0.257778,0.391111,0.457778,0.483333,0.568889,0.556667,0.707778,1.04222,1.32444,1.56444,1.99667,2.62333,3.09667,3.08111,3.33778,3.77111,3.98556,3.93667,3.79222,3.51222,3.19444,3.01111,2.62222,2.50556,2.41778,2.35222,2.34667,2.38333,2.36889,2.40889,2.36444,2.34,2.37222,2.35778,2.26778,2.26889,2.34778,2.39333,2.54889,2.48444,2.50333,2.42333,2.55778,2.48889,2.41444,2.43444,2.78889,2.79556,2.77556,2.84889,2.97444,3.10556,3.14333,3.26556,3.29222,3.30444,3.55667,3.07222,2.99556,2.86444,2.82444,2.63444,2.54111,2.28667,2.23333,1.97222,1.93778,1.78556,1.77222,1.61556,1.33,1.20111,1.09556,1.04778,0.954444,0.88,0.821111,0.736667,0.745556,0.665556,0.612222
127,,0.493333,0.381111,0.337778,0.342222,0.324444,0.304444,0.295556,0.262222,0.261111,0.258889,0.262222,0.342222,0.55,0.371111,0.258889,0.258889,0.392222,0.454444,0.481111,0.57,0.558889,0.703333,1.04444,1.32,1.56556,1.99333,2.61444,3.09556,3.07889,3.33778,3.76222,3.98667,3.93556,3.80111,3.51444,3.19,3.02,2.62333,2.50889,2.41444,2.35667,2.34222,2.39111,2.35889,2.41111,2.36444,2.34556,2.36556,2.35889,2.27444,2.26889,2.34,2.39556,2.54111,2.49444,2.50222,2.42444,2.55667,2.48889,2.41,2.43778,2.78111,2.80889,2.76778,2.84222,2.98,3.10556,3.14222,3.25444,3.30222,3.30111,3.55889,3.07889,2.98778,2.87,2.82333,2.63889,2.53889,2.28556,2.24111,1.97444,1.93667,1.78556,1.77111,1.61778,1.32444,1.20556,1.10111,1.04556,0.955556,0.878889,0.82,0.741111,0.743333,0.665556,0.611111
128,,0.493333,0.383333,0.332222,0.346667,0.325556,0.302222,0.298889,0.26,0.263333,0.258889,0.262222,0.338889,0.552222,0.37,0.258889,0.256667,0.394444,0.455556,0.478889,0.567778,0.562222,0.702222,1.04333,1.31222,1.57111,1.98111,2.61333,3.09444,3.08333,3.32667,3.76333,3.98556,3.93333,3.80556,3.51778,3.19333,3.02556,2.62444,2.51111,2.41333,2.34889,2.34444,2.39444,2.35889,2.41444,2.35556,2.35333,2.36556,2.35444,2.27333,2.26778,2.34222,2.39667,2.53333,2.50444,2.49444,2.42778,2.55889,2.48111,2.41778,2.43333,2.77778,2.81444,2.76444,2.84556,2.97333,3.10333,3.15111,3.24111,3.30444,3.30333,3.55889,3.08556,2.98778,2.87222,2.81444,2.65222,2.53556,2.28889,2.23444,1.98333,1.93222,1.78889,1.76333,1.62667,1.32778,1.21111,1.09667,1.04556,0.953333,0.881111,0.82,0.743333,0.74,0.67,0.61
129,,0.492222,0.384444,0.332222,0.346667,0.325556,0.302222,0.297778,0.258889,0.265556,0.257778,0.263333,0.338889,0.55,0.372222,0.258889,0.256667,0.394444,0.455556,0.478889,0.567778,0.562222,0.701111,1.04444,1.31222,1.57111,1.97889,2.61111,3.09667,3.08222,3.32778,3.76222,3.98444,3.93222,3.80667,3.51778,3.19444,3.02667,2.62444,2.51333,2.41111,2.34889,2.34222,2.39889,2.35667,2.41444,2.35778,2.35111,2.36667,2.35111,2.27333,2.27111,2.34111,2.39667,2.53222,2.50556,2.49667,2.42444,2.56,2.48111,2.41444,2.43667,2.77667,2.81667,2.76111,2.84778,2.96889,3.10556,3.15222,3.24111,3.30333,3.30556,3.55556,3.08889,2.98667,2.87222,2.81444,2.65333,2.53778,2.28889,2.23222,1.98111,1.93667,1.78778,1.76444,1.62333,1.33111,1.20889,1.09556,1.04667,0.954444,0.88,0.821111,0.744444,0.74,0.67,0.61
130,,0.488889,0.384444,0.332222,0.348889,0.321111,0.306667,0.29,0.263333,0.261111,0.257778,0.264444,0.342222,0.547778,0.371111,0.26,0.257778,0.394444,0.454444,0.488889,0.567778,0.553333,0.708889,1.04444,1.32444,1.56556,1.99556,2.63556,3.10111,3.08444,3.33444,3.78222,3.98111,3.94,3.78556,3.51,3.19111,3.00667,2.62,2.50556,2.41889,2.35667,2.34333,2.37889,2.37,2.40778,2.36556,2.33889,2.36889,2.36222,2.27444,2.26111,2.35444,2.39556,2.54778,2.47889,2.50778,2.41889,2.56333,2.48556,2.41111,2.44667,2.77889,2.79333,2.78556,2.84556,2.97444,3.10333,3.14444,3.26111,3.30222,3.30111,3.56778,3.06111,2.99556,2.86444,2.82778,2.63,2.54111,2.27667,2.24556,1.96667,1.93333,1.77889,1.77444,1.61778,1.33111,1.20222,1.08778,1.05,0.953333,0.877778,0.823333,0.736667,0.75,0.661111,0.612222
131,,0.491111,0.383333,0.332222,0.347778,0.321111,0.307778,0.29,0.263333,0.26,0.257778,0.264444,0.342222,0.548889,0.37,0.261111,0.256667,0.394444,0.454444,0.49,0.566667,0.553333,0.708889,1.04556,1.32556,1.56778,1.99556,2.63778,3.10222,3.08556,3.33556,3.78,3.98556,3.93778,3.78222,3.51,3.19111,3.00222,2.62444,2.50444,2.41778,2.35778,2.34444,2.37667,2.37,2.40778,2.36333,2.34333,2.36333,2.36667,2.27333,2.26,2.35444,2.39889,2.54667,2.47556,2.51,2.42,2.56222,2.48556,2.41333,2.44444,2.78111,2.78889,2.78889,2.84556,2.97778,3.10222,3.14111,3.26222,3.30556,3.29778,3.57333,3.05889,2.99222,2.86333,2.82778,2.63444,2.53778,2.27667,2.24333,1.96556,1.93111,1.78444,1.77556,1.61333,1.33111,1.20222,1.08667,1.05,0.953333,0.878889,0.823333,0.735556,0.75,0.66,0.612222
132,,0.492222,0.38,0.336667,0.346667,0.32,0.306667,0.292222,0.264444,0.261111,0.256667,0.264444,0.341111,0.55,0.371111,0.26,0.257778,0.391111,0.457778,0.483333,0.57,0.555556,0.707778,1.04333,1.32333,1.56556,1.99556,2.63111,3.09444,3.08,3.33889,3.77222,3.98556,3.93778,3.79,3.51111,3.19667,3.00778,2.62,2.50667,2.42,2.35333,2.34333,2.38222,2.36889,2.40778,2.36778,2.34111,2.36889,2.35778,2.27111,2.26667,2.35222,2.39,2.55111,2.48111,2.50778,2.42,2.56,2.48667,2.41444,2.43556,2.78778,2.79778,2.77889,2.84333,2.97778,3.10444,3.14,3.26778,3.29222,3.30333,3.55889,3.07222,2.99222,2.86667,2.82556,2.63111,2.54222,2.28667,2.23333,1.97333,1.93444,1.78556,1.77222,1.61556,1.33444,1.19778,1.09333,1.04889,0.954444,0.88,0.821111,0.736667,0.746667,0.663333,0.612222
133,,0.516667,0.378889,0.332222,0.348889,0.351111,0.31,0.293333,0.288889,0.312222,0.294444,0.303333,0.315556,0.438889,0.266667,0.196667,0.175556,0.294444,0.51,0.527778,0.53,0.478889,0.471111,0.898889,1.14222,1.24111,1.47444,2.29,2.89778,3.02889,3.12556,3.40889,3.72111,3.82111,3.94444,3.69778,3.06,2.85222,2.80667,2.37889,2.08111,2.21,2.27444,2.37222,2.33667,2.28444,2.29444,2.32778,2.30222,2.28,2.19111,2.15889,2.2,2.29667,2.42556,2.58778,2.53667,2.45778,2.42778,2.39,2.47667,2.56111,2.68556,2.74222,2.91889,3.07111,3.29778,3.51333,3.64556,3.63,3.83444,4.07111,4.16333,4.06556,3.61889,3.06667,2.88444,2.75889,2.41778,2.19778,2.05333,1.99,1.79444,1.76333,1.67222,1.47889,1.35333,1.11444,1.01667,0.943333,0.894444,0.8,0.772222,0.702222,0.677778,0.627778,0.622222
134,,0.506667,0.365556,0.341111,0.361111,0.337778,0.304444,0.292222,0.293333,0.311111,0.29,0.31,0.313333,0.45,0.252222,0.191111,0.166667,0.33,0.506667,0.53,0.53,0.467778,0.487778,0.93,1.13889,1.25778,1.51222,2.36778,2.91556,3.03,3.16556,3.46222,3.74667,3.82444,3.97889,3.58667,3.01889,2.82333,2.79333,2.33222,2.07111,2.24111,2.28444,2.39222,2.30889,2.28778,2.28889,2.34889,2.27556,2.26667,2.19222,2.15778,2.20667,2.32778,2.42556,2.59111,2.52889,2.44556,2.45,2.38111,2.5,2.55556,2.67778,2.76778,2.93444,3.08667,3.32667,3.56667,3.61778,3.67889,3.86444,4.11444,4.15111,4.03111,3.51222,3.02333,2.87333,2.72667,2.42222,2.15333,2.05111,1.97778,1.79111,1.74111,1.69222,1.45111,1.34667,1.10667,0.996667,0.947778,0.888889,0.791111,0.771111,0.7,0.677778,0.614444,0.633333
135,,0.514444,0.378889,0.332222,0.351111,0.348889,0.311111,0.292222,0.29,0.311111,0.295556,0.303333,0.314444,0.44,0.266667,0.195556,0.175556,0.294444,0.51,0.527778,0.53,0.478889,0.472222,0.897778,1.14333,1.24,1.47444,2.29333,2.89778,3.03,3.12444,3.41,3.72111,3.82,3.94667,3.69667,3.05667,2.85444,2.80556,2.38,2.08111,2.20667,2.27556,2.37111,2.34,2.28444,2.29444,2.32667,2.3,2.28,2.19222,2.16,2.20111,2.29556,2.42444,2.58889,2.53778,2.45556,2.43,2.39,2.47556,2.56222,2.68444,2.74111,2.92,3.07444,3.29667,3.51333,3.64556,3.63,3.83333,4.07333,4.16111,4.06556,3.62,3.06333,2.88667,2.75889,2.41778,2.19667,2.05333,1.98889,1.79556,1.76222,1.67444,1.47556,1.35333,1.11444,1.01778,0.943333,0.893333,0.8,0.772222,0.702222,0.677778,0.627778,0.624444
136,,0.517778,0.38,0.33,0.35,0.352222,0.307778,0.293333,0.29,0.313333,0.294444,0.3,0.317778,0.44,0.265556,0.197778,0.175556,0.293333,0.51,0.525556,0.53,0.482222,0.467778,0.898889,1.13889,1.24556,1.47222,2.28778,2.89222,3.02889,3.12556,3.40778,3.71889,3.82111,3.94444,3.70111,3.05778,2.85778,2.80333,2.38667,2.07889,2.21111,2.26667,2.37222,2.34333,2.28111,2.29444,2.33222,2.30222,2.28,2.18778,2.15778,2.2,2.29889,2.42556,2.58444,2.54,2.46111,2.42778,2.38444,2.48222,2.55667,2.68556,2.73889,2.92333,3.06667,3.29667,3.51444,3.64778,3.62444,3.83333,4.07222,4.15778,4.06778,3.62778,3.06667,2.88778,2.75889,2.41667,2.2,2.05111,1.98889,1.8,1.76111,1.67444,1.47333,1.35889,1.10889,1.02333,0.944444,0.893333,0.797778,0.776667,0.7,0.678889,0.626667,0.622222
137,,0.511111,0.371111,0.334444,0.364444,0.34,0.304444,0.29,0.292222,0.314444,0.292222,0.311111,0.305556,0.45,0.26,0.192222,0.17,0.311111,0.513333,0.528889,0.527778,0.47,0.485556,0.922222,1.12222,1.25556,1.49222,2.34778,2.89111,3.04222,3.13333,3.42778,3.75,3.82444,3.94,3.65111,3.04667,2.84444,2.78667,2.36667,2.07111,2.22444,2.27889,2.38667,2.32444,2.28333,2.28778,2.33889,2.29222,2.27667,2.18778,2.15556,2.20222,2.30667,2.42444,2.59556,2.53444,2.44444,2.44556,2.38889,2.49222,2.55556,2.68,2.75333,2.93556,3.07222,3.31111,3.53556,3.62333,3.66667,3.84444,4.09,4.15,4.06222,3.57,3.03667,2.88333,2.74111,2.42667,2.18333,2.04556,1.97778,1.78778,1.75222,1.68556,1.46222,1.35,1.11444,1.00111,0.946667,0.896667,0.787778,0.772222,0.702222,0.677778,0.625556,0.625556
138,,0.517778,0.38,0.33,0.35,0.35,0.307778,0.293333,0.292222,0.312222,0.294444,0.301111,0.316667,0.44,0.264444,0.2,0.174444,0.294444,0.506667,0.527778,0.531111,0.482222,0.467778,0.894444,1.14111,1.24333,1.47222,2.28444,2.89222,3.03,3.12222,3.40556,3.71778,3.82444,3.94,3.70556,3.06111,2.85667,2.80333,2.38889,2.08,2.20444,2.27111,2.37444,2.34333,2.28222,2.28556,2.33667,2.30111,2.28667,2.18333,2.15778,2.20333,2.29778,2.42333,2.58333,2.54444,2.46,2.42222,2.38778,2.48667,2.54778,2.68889,2.74111,2.91778,3.06778,3.29667,3.51111,3.65111,3.62444,3.83,4.06889,4.16,4.06889,3.63,3.07,2.88778,2.75667,2.42333,2.2,2.04889,1.98889,1.8,1.76444,1.66778,1.48,1.35889,1.10889,1.02111,0.946667,0.891111,0.797778,0.78,0.701111,0.676667,0.626667,0.624444
139,,0.507778,0.367778,0.341111,0.36,0.336667,0.304444,0.288889,0.3,0.312222,0.291111,0.307778,0.312222,0.448889,0.253333,0.193333,0.167778,0.32,0.511111,0.531111,0.525556,0.47,0.488889,0.923333,1.14,1.25222,1.50444,2.36111,2.91,3.02889,3.15333,3.45111,3.74333,3.82556,3.96889,3.61333,3.03556,2.82111,2.79222,2.33667,2.07778,2.23889,2.28111,2.38778,2.31778,2.28556,2.28444,2.34333,2.28889,2.27222,2.18889,2.14667,2.21,2.32222,2.42778,2.59333,2.52556,2.44889,2.44889,2.39,2.48333,2.56222,2.68333,2.75444,2.93667,3.07889,3.32222,3.56111,3.61889,3.67111,3.86,4.10111,4.15667,4.04111,3.53,3.02444,2.87889,2.73889,2.41444,2.16667,2.04778,1.98,1.79333,1.74222,1.68444,1.46667,1.34444,1.11333,0.992222,0.946667,0.895556,0.786667,0.773333,0.703333,0.677778,0.615556,0.63
140,,0.52,0.371111,0.332222,0.357778,0.344444,0.306667,0.292222,0.292222,0.312222,0.292222,0.31,0.307778,0.446667,0.263333,0.193333,0.17,0.306667,0.511111,0.528889,0.531111,0.473333,0.481111,0.911111,1.13,1.24778,1.49778,2.31889,2.90333,3.04,3.12111,3.42778,3.74111,3.82111,3.94111,3.66444,3.05333,2.85222,2.78778,2.36889,2.06889,2.22556,2.27556,2.38111,2.33111,2.27556,2.29778,2.32889,2.3,2.27222,2.2,2.15556,2.19556,2.31111,2.41778,2.59556,2.53556,2.44444,2.44222,2.38889,2.48889,2.56111,2.67778,2.75,2.93111,3.07222,3.31,3.52778,3.63111,3.65,3.84222,4.08778,4.15556,4.05444,3.59556,3.04222,2.87778,2.75333,2.41778,2.19556,2.04333,1.98111,1.79333,1.75222,1.68444,1.46778,1.34667,1.10889,1.01111,0.941111,0.897778,0.788889,0.775556,0.7,0.684444,0.627778,0.616667
141,,0.505556,0.371111,0.337778,0.365556,0.335556,0.306667,0.286667,0.296667,0.312222,0.291111,0.312222,0.306667,0.447778,0.261111,0.191111,0.17,0.314444,0.512222,0.527778,0.528889,0.47,0.486667,0.921111,1.13,1.25556,1.49778,2.35222,2.90111,3.03333,3.14111,3.43333,3.74778,3.83444,3.94111,3.64222,3.04444,2.83111,2.79111,2.35667,2.07444,2.22889,2.28111,2.38667,2.32444,2.27556,2.29111,2.33778,2.29333,2.27222,2.18556,2.15444,2.21,2.30778,2.42222,2.60333,2.52111,2.45444,2.45333,2.38778,2.47889,2.56111,2.68111,2.75444,2.93333,3.07333,3.31889,3.54222,3.61889,3.66889,3.85111,4.09667,4.15222,4.05556,3.55667,3.02778,2.88556,2.73889,2.42222,2.17556,2.04889,1.97667,1.79222,1.74556,1.68889,1.46556,1.34111,1.11556,0.998889,0.943333,0.897778,0.79,0.768889,0.705556,0.678889,0.618889,0.631111
142,,0.518889,0.371111,0.332222,0.357778,0.345556,0.306667,0.292222,0.292222,0.311111,0.293333,0.31,0.307778,0.446667,0.263333,0.193333,0.17,0.304444,0.512222,0.528889,0.532222,0.472222,0.482222,0.908889,1.13222,1.24778,1.49667,2.31667,2.90444,3.04,3.12111,3.42667,3.74,3.82222,3.94111,3.66333,3.05556,2.85111,2.79,2.36778,2.07,2.22667,2.27556,2.37889,2.33111,2.27556,2.3,2.32778,2.3,2.27333,2.19778,2.15667,2.19556,2.30889,2.42111,2.59333,2.53667,2.44222,2.44444,2.38778,2.48667,2.56222,2.68,2.74889,2.93111,3.07111,3.31,3.52667,3.63111,3.65,3.84333,4.08667,4.15556,4.05556,3.59667,3.04333,2.87556,2.75444,2.41778,2.19444,2.04556,1.98,1.79444,1.75333,1.68444,1.46667,1.34667,1.11,1.01,0.942222,0.897778,0.788889,0.775556,0.7,0.682222,0.628889,0.617778
143,,0.518889,0.371111,0.332222,0.36,0.341111,0.307778,0.291111,0.292222,0.313333,0.291111,0.311111,0.306667,0.447778,0.262222,0.193333,0.171111,0.306667,0.512222,0.527778,0.531111,0.473333,0.481111,0.911111,1.13,1.24778,1.49889,2.32556,2.89889,3.04111,3.12444,3.43,3.74,3.82,3.94222,3.66111,3.05556,2.84889,2.78667,2.36778,2.07,2.22667,2.27444,2.38333,2.33,2.27444,2.30111,2.32556,2.30333,2.27,2.19889,2.15556,2.19778,2.30889,2.41778,2.59556,2.53444,2.44667,2.44,2.39,2.49,2.56,2.67667,2.75222,2.93333,3.07111,3.30889,3.52889,3.63,3.65444,3.84444,4.08667,4.15333,4.05667,3.59111,3.04111,2.87889,2.75111,2.42,2.19333,2.04,1.98778,1.78889,1.75,1.68444,1.46778,1.34889,1.10889,1.00889,0.942222,0.897778,0.788889,0.775556,0.698889,0.684444,0.627778,0.617778
144,,0.535556,0.386667,0.325556,0.348889,0.32,0.326667,0.298889,0.276667,0.3,0.3,0.313333,0.322222,0.396667,0.251111,0.173333,0.18,0.303333,0.494444,0.502222,0.506667,0.448889,0.378889,0.834444,1.05556,1.17111,1.38444,2.21444,2.73556,2.77222,2.91667,3.16444,3.58444,3.58,3.61556,3.50333,2.97,2.72778,2.7,2.25778,2.08333,2.08556,2.25444,2.30556,2.35222,2.23556,2.22556,2.27333,2.32778,2.26,2.19667,2.10556,2.21222,2.32778,2.45222,2.58333,2.49222,2.47444,2.44,2.42222,2.50111,2.58222,2.82778,2.85667,2.97444,3.08444,3.38667,3.56889,3.70222,3.82556,4.04222,4.09222,4.31889,4.06,3.74889,3.17778,3.05222,2.82222,2.46333,2.27444,2.10333,1.97111,1.88111,1.78333,1.7,1.52,1.36333,1.13111,1.05111,0.974444,0.908889,0.813333,0.824444,0.735556,0.713333,0.641111,0.6
145,,0.53,0.385556,0.324444,0.348889,0.321111,0.324444,0.298889,0.277778,0.302222,0.296667,0.314444,0.323333,0.398889,0.247778,0.171111,0.182222,0.305556,0.491111,0.502222,0.511111,0.445556,0.385556,0.833333,1.05667,1.17444,1.38333,2.23,2.73889,2.77444,2.91556,3.16778,3.59222,3.58,3.60556,3.50444,2.95889,2.72556,2.70556,2.25444,2.08,2.08778,2.25111,2.30556,2.34889,2.24111,2.22444,2.28444,2.32,2.25778,2.19778,2.10333,2.21222,2.33333,2.45111,2.58222,2.49444,2.46889,2.44556,2.41889,2.50444,2.58222,2.83111,2.85333,2.97222,3.09444,3.39222,3.57111,3.71222,3.82444,4.04,4.09222,4.32,4.05444,3.74556,3.16778,3.05444,2.81889,2.45222,2.28111,2.10111,1.97,1.88111,1.78222,1.69111,1.51444,1.36667,1.13,1.05556,0.973333,0.91,0.81,0.825556,0.727778,0.715556,0.647778,0.6
146,,0.533333,0.385556,0.324444,0.348889,0.322222,0.324444,0.3,0.277778,0.301111,0.297778,0.314444,0.322222,0.395556,0.251111,0.172222,0.181111,0.303333,0.493333,0.503333,0.507778,0.447778,0.378889,0.838889,1.05333,1.17444,1.38444,2.21778,2.73778,2.77444,2.91556,3.16444,3.59,3.58222,3.60556,3.50778,2.96444,2.72667,2.70222,2.25667,2.08222,2.09,2.24778,2.30444,2.35,2.24,2.22444,2.27556,2.32667,2.26333,2.18889,2.11,2.21444,2.33333,2.44889,2.58111,2.48889,2.47333,2.44333,2.41778,2.50778,2.57778,2.83333,2.85333,2.97556,3.09111,3.38556,3.56778,3.70667,3.82778,4.04222,4.09,4.31778,4.05778,3.75,3.17333,3.05556,2.82222,2.45556,2.27444,2.10333,1.97222,1.87889,1.78778,1.69222,1.51667,1.36778,1.12889,1.05333,0.974444,0.907778,0.812222,0.827778,0.73,0.713333,0.641111,0.604444
147,,0.535556,0.387778,0.324444,0.35,0.321111,0.326667,0.296667,0.275556,0.303333,0.298889,0.311111,0.324444,0.396667,0.252222,0.173333,0.178889,0.302222,0.496667,0.5,0.507778,0.447778,0.38,0.834444,1.05444,1.17333,1.38,2.20889,2.73778,2.77,2.91333,3.16556,3.58556,3.57556,3.61667,3.50778,2.97,2.72889,2.69778,2.26556,2.08,2.08333,2.25222,2.30778,2.35333,2.24,2.22333,2.27111,2.32778,2.25778,2.2,2.10667,2.21,2.33444,2.44556,2.58444,2.49111,2.47222,2.44556,2.42333,2.49444,2.58444,2.82889,2.85667,2.96889,3.08667,3.38444,3.56778,3.7,3.82667,4.04333,4.09111,4.22556,3.97778,3.74,3.15,3.04667,2.82333,2.46556,2.27556,2.10444,1.96778,1.88667,1.78,1.7,1.52,1.36333,1.13444,1.05,0.97,0.916667,0.81,0.824444,0.738889,0.71,0.643333,0.598889
148,,0.568889,0.387778,0.344444,0.33,0.307778,0.311111,0.276667,0.262222,0.276667,0.285556,0.288889,0.326667,0.544444,0.364444,0.258889,0.277778,0.372222,0.481111,0.55,0.652222,0.713333,1.02444,1.14889,1.44444,1.79111,2.33444,2.61889,2.94444,3.14111,3.47444,3.77667,3.69444,3.41778,3.24444,3.33111,3.23444,3.02,2.67333,2.35889,2.15,2.16444,2.38,2.30111,2.3,2.37667,2.29889,2.22111,2.21333,2.20778,2.27222,2.18889,2.08111,2.26556,2.41,2.33444,2.37111,2.40111,2.37444,2.33556,2.36444,2.39556,2.59778,2.83444,2.87667,2.80222,3.04222,2.98667,3.12333,3.24667,3.58667,3.52,3.57111,3.38556,2.95778,2.52556,2.61111,2.49556,2.36667,2.21444,2.10556,1.99556,1.90667,1.83667,1.77333,1.62222,1.44889,1.29,1.21889,1.07,0.995556,1.01111,0.903333,0.844444,0.825556,0.702222,0.695556
149,,0.567778,0.388889,0.347778,0.328889,0.306667,0.308889,0.278889,0.264444,0.275556,0.285556,0.29,0.325556,0.542222,0.367778,0.257778,0.275556,0.373333,0.481111,0.55,0.645556,0.716667,1.02222,1.14667,1.44333,1.79,2.33111,2.61889,2.93667,3.13889,3.47556,3.77,3.70111,3.42111,3.24333,3.33333,3.23111,3.02667,2.67333,2.36111,2.15111,2.16222,2.38111,2.30889,2.29333,2.37778,2.30111,2.22333,2.21111,2.20222,2.27556,2.19,2.07667,2.26778,2.40778,2.33556,2.36444,2.41333,2.36667,2.34111,2.36111,2.4,2.59333,2.83111,2.87889,2.79778,3.04,2.98778,3.11667,3.25111,3.58444,3.52333,3.56444,3.39222,2.96556,2.51667,2.62556,2.49111,2.36778,2.21778,2.10222,2.00556,1.89444,1.84,1.77222,1.63111,1.44111,1.29667,1.21222,1.07444,0.998889,1.00778,0.905556,0.845556,0.826667,0.697778,0.698889
150,,0.572222,0.387778,0.341111,0.33,0.308889,0.31,0.277778,0.261111,0.275556,0.285556,0.288889,0.327778,0.546667,0.363333,0.256667,0.277778,0.374444,0.481111,0.548889,0.653333,0.711111,1.02889,1.15222,1.44333,1.79111,2.33889,2.61889,2.94333,3.14556,3.47556,3.78,3.69222,3.41667,3.23889,3.33556,3.23333,3.02,2.66667,2.35778,2.15333,2.16889,2.38,2.29889,2.29667,2.37667,2.30111,2.21667,2.21667,2.20778,2.27222,2.18556,2.08444,2.26889,2.40889,2.32889,2.37222,2.40222,2.38333,2.32556,2.37111,2.39,2.60556,2.83333,2.87444,2.80333,3.04444,2.98667,3.12556,3.24333,3.58222,3.53111,3.57556,3.37889,2.95111,2.52,2.61444,2.49667,2.36667,2.21444,2.10444,1.99556,1.90889,1.83222,1.77444,1.61556,1.45889,1.28111,1.22111,1.06889,0.993333,1.00889,0.908889,0.838889,0.828889,0.706667,0.688889
151,,0.572222,0.385556,0.341111,0.332222,0.306667,0.313333,0.274444,0.261111,0.276667,0.285556,0.287778,0.327778,0.55,0.361111,0.256667,0.276667,0.375556,0.482222,0.551111,0.65,0.711111,1.03,1.15222,1.44778,1.78889,2.34333,2.61333,2.95,3.14778,3.47667,3.77778,3.69778,3.41222,3.23667,3.33778,3.23333,3.01889,2.66444,2.35778,2.15,2.17111,2.38444,2.29444,2.29556,2.38,2.29556,2.22222,2.21111,2.21,2.27,2.18667,2.08111,2.27,2.41333,2.32778,2.36889,2.40667,2.38,2.32556,2.37111,2.39111,2.60667,2.83556,2.87111,2.81,3.04,2.98667,3.12556,3.25,3.58,3.53333,3.57444,3.37889,2.94778,2.51889,2.60889,2.49778,2.36444,2.21444,2.11111,1.99111,1.90889,1.83222,1.77556,1.61667,1.45889,1.28111,1.21778,1.06778,0.993333,1.00778,0.908889,0.842222,0.827778,0.705556,0.688889
152,,0.568889,0.387778,0.345556,0.33,0.307778,0.31,0.277778,0.262222,0.275556,0.286667,0.288889,0.325556,0.545556,0.364444,0.258889,0.277778,0.372222,0.48,0.55,0.648889,0.715556,1.02556,1.14889,1.44111,1.78778,2.33667,2.61778,2.94111,3.13778,3.47556,3.77667,3.69444,3.42111,3.24222,3.33333,3.23556,3.02111,2.67222,2.36222,2.14778,2.16667,2.37889,2.30222,2.30111,2.37444,2.30222,2.22222,2.20778,2.20778,2.27222,2.19111,2.07778,2.26889,2.40556,2.33778,2.36556,2.40556,2.37333,2.34111,2.36,2.39778,2.59556,2.83444,2.87778,2.80222,3.03667,2.98556,3.12444,3.25,3.58444,3.51889,3.56556,3.39,2.96444,2.51667,2.62,2.49556,2.36667,2.21333,2.10667,2,1.9,1.83778,1.77556,1.62444,1.44556,1.29111,1.21778,1.07333,0.997778,1.01,0.903333,0.844444,0.825556,0.701111,0.696667
153,,0.656667,0.513333,0.468889,0.411111,0.402222,0.388889,0.332222,0.365556,0.356667,0.303333,0.39,0.353333,0.332222,0.232222,0.142222,0.131111,0.276667,0.416667,0.451111,0.485556,0.42,0.393333,0.578889,0.815556,0.937778,1.21222,1.53889,1.96667,2.02444,2.09778,2.31444,2.49778,2.72889,2.58556,2.64333,2.46222,2.35333,2.26444,2.20333,2.00667,2.10222,2.24333,2.31222,2.35778,2.37444,2.35,2.34444,2.27444,2.34889,2.40889,2.36333,2.30889,2.4,2.51,2.72667,2.68778,2.67444,2.71,2.69444,2.61667,2.72,2.95111,3.12,3.12444,3.10667,3.18,3.33222,3.48333,3.58222,3.75778,3.87333,3.95556,4.05444,3.65333,3.49667,3.40222,3.10333,3.01333,2.77778,2.59222,2.42444,2.28778,2.13556,2.03556,1.92889,1.69111,1.54222,1.37556,1.32889,1.20444,1.09222,1.15889,1.01889,0.862222,0.786667,0.811111
154,,0.657778,0.511111,0.468889,0.413333,0.403333,0.386667,0.333333,0.363333,0.354444,0.308889,0.387778,0.353333,0.33,0.234444,0.144444,0.13,0.275556,0.416667,0.451111,0.486667,0.42,0.39,0.58,0.815556,0.935556,1.21222,1.53667,1.96778,2.02111,2.09556,2.31444,2.49667,2.72222,2.59,2.64111,2.46444,2.35444,2.26889,2.20444,2.00444,2.10111,2.24667,2.30889,2.35667,2.37333,2.35667,2.33889,2.27667,2.35222,2.40333,2.36222,2.30667,2.40222,2.50444,2.73,2.69,2.67556,2.70556,2.7,2.61444,2.72333,2.94333,3.12,3.12556,3.10444,3.18111,3.33111,3.47889,3.58111,3.75778,3.87333,3.95222,4.05444,3.65889,3.50111,3.40667,3.10111,3.01444,2.78222,2.58556,2.42889,2.28667,2.13889,2.03667,1.93,1.68667,1.55,1.37444,1.33,1.19889,1.09778,1.15222,1.02778,0.862222,0.787778,0.811111
155,,0.655556,0.508889,0.473333,0.413333,0.403333,0.388889,0.331111,0.365556,0.353333,0.31,0.385556,0.355556,0.33,0.234444,0.144444,0.13,0.274444,0.417778,0.45,0.487778,0.42,0.387778,0.581111,0.811111,0.936667,1.21333,1.53444,1.96444,2.02444,2.09222,2.31667,2.49889,2.71556,2.59222,2.64111,2.46667,2.35,2.27111,2.20889,2.00556,2.10111,2.24333,2.31,2.35556,2.37444,2.35778,2.33556,2.27778,2.34889,2.40667,2.36333,2.31111,2.39444,2.50667,2.73,2.69111,2.67667,2.70222,2.7,2.61222,2.72333,2.94444,3.12222,3.12222,3.10333,3.18111,3.32778,3.48111,3.58,3.75222,3.87333,3.95778,4.05333,3.66333,3.49778,3.40889,3.1,3.01667,2.78222,2.59111,2.42889,2.28556,2.13556,2.03889,1.93556,1.68,1.55333,1.37333,1.32778,1.20556,1.09444,1.15333,1.02667,0.863333,0.786667,0.813333
156,,0.578889,0.43,0.412222,0.406667,0.338889,0.406667,0.315556,0.304444,0.32,0.383333,0.376667,0.403333,0.423333,0.228889,0.154444,0.21,0.331111,0.473333,0.548889,0.598889,0.533333,0.521111,0.811111,0.966667,1.22222,1.63778,2.11667,2.45222,2.49333,2.65889,2.88,3.18556,3.05778,2.98778,2.92333,2.73556,2.64556,2.49667,2.29222,1.96222,2.01111,2.11222,2.36444,2.30667,2.23333,2.23111,2.25111,2.27889,2.27,2.23111,2.18889,2.18333,2.23889,2.54,2.53111,2.51222,2.45,2.48778,2.45111,2.53111,2.63333,2.89333,2.93556,2.96444,3.14222,3.32667,3.48556,3.59444,3.64889,4.08333,4.27889,4.29889,3.99667,2.99778,2.83111,2.97444,2.80556,2.44,2.24889,2.36667,2.11778,2.00889,1.94222,1.89333,1.59889,1.47556,1.25444,1.27111,1.14111,1.07778,1.03889,1.00444,0.902222,0.802222,0.771111,0.753333
157,,0.58,0.428889,0.414444,0.405556,0.337778,0.406667,0.315556,0.305556,0.321111,0.382222,0.376667,0.402222,0.424444,0.23,0.154444,0.208889,0.33,0.474444,0.547778,0.598889,0.532222,0.523333,0.806667,0.964444,1.22333,1.63556,2.11444,2.45556,2.48667,2.66333,2.87333,3.18889,3.05667,2.99,2.92556,2.73222,2.65111,2.49778,2.29111,1.96,2.01222,2.11444,2.35778,2.31333,2.23,2.23556,2.25111,2.27556,2.27111,2.22778,2.18667,2.18889,2.23778,2.53556,2.53333,2.51444,2.44556,2.49333,2.44889,2.53222,2.63111,2.89556,2.93,2.96111,3.14333,3.32667,3.48889,3.59,3.64667,4.08222,4.27222,4.29667,4.01556,2.99333,2.82556,2.98556,2.80444,2.44444,2.24667,2.36,2.12444,2.01111,1.94556,1.89111,1.59778,1.47222,1.25889,1.27,1.14222,1.07889,1.03778,1.00333,0.904444,0.801111,0.768889,0.758889
158,,0.591111,0.428889,0.412222,0.405556,0.347778,0.396667,0.325556,0.303333,0.33,0.371111,0.376667,0.393333,0.437778,0.237778,0.153333,0.208889,0.317778,0.476667,0.536667,0.585556,0.552222,0.508889,0.804444,0.948889,1.19333,1.61111,2.09111,2.45111,2.47111,2.66778,2.84444,3.16444,3.08333,2.99,2.91556,2.76111,2.66333,2.52778,2.28667,1.97111,1.99556,2.11667,2.35111,2.28889,2.24222,2.23333,2.25,2.30667,2.24222,2.26333,2.17,2.18222,2.23778,2.51889,2.54333,2.49667,2.47444,2.47,2.47222,2.51,2.61,2.89222,2.93111,2.96222,3.11444,3.32444,3.47,3.57333,3.60667,4.04667,4.26667,4.29,4.10667,3.06444,2.81333,2.98556,2.81444,2.48556,2.23556,2.36111,2.13222,2.01778,1.97222,1.87222,1.63444,1.46667,1.27778,1.28444,1.13667,1.07889,1.04222,0.994444,0.912222,0.806667,0.772222,0.764444
159,,0.591111,0.427778,0.413333,0.407778,0.346667,0.394444,0.324444,0.306667,0.327778,0.372222,0.378889,0.395556,0.43,0.237778,0.155556,0.207778,0.324444,0.471111,0.535556,0.596667,0.54,0.516667,0.804444,0.951111,1.20111,1.61222,2.09333,2.45667,2.48,2.66778,2.85333,3.17222,3.06889,2.99222,2.92556,2.74444,2.66556,2.51667,2.28556,1.97333,2.00111,2.10667,2.35889,2.29556,2.23222,2.23556,2.24778,2.30333,2.25556,2.25778,2.16444,2.18889,2.24111,2.51778,2.53889,2.49778,2.46778,2.48222,2.46111,2.51667,2.61333,2.89778,2.92667,2.95889,3.13222,3.32,3.47444,3.58222,3.60667,4.05556,4.27,4.29,4.08778,3.04889,2.81556,2.98,2.81556,2.47778,2.24222,2.35778,2.13444,2.01,1.96778,1.87889,1.62667,1.46667,1.26889,1.27889,1.14222,1.07444,1.04778,0.993333,0.907778,0.814444,0.767778,0.758889
160,,0.592222,0.43,0.413333,0.406667,0.346667,0.392222,0.33,0.304444,0.326667,0.373333,0.375556,0.39,0.441111,0.238889,0.154444,0.208889,0.314444,0.476667,0.535556,0.588889,0.548889,0.513333,0.797778,0.945556,1.19333,1.60889,2.07778,2.45667,2.46556,2.66667,2.83889,3.16667,3.08,2.99222,2.91889,2.77,2.65778,2.52667,2.30111,1.96778,1.98778,2.12,2.34778,2.29556,2.23889,2.22889,2.25,2.31444,2.23556,2.26444,2.17222,2.18444,2.23556,2.51556,2.54222,2.50444,2.46778,2.46556,2.48,2.50778,2.60778,2.88556,2.93444,2.95889,3.10778,3.33333,3.46111,3.57333,3.60444,4.04111,4.25778,4.29222,4.11778,3.07444,2.81667,2.98111,2.81667,2.48444,2.24778,2.35333,2.14444,2.01,1.98,1.87222,1.63778,1.46222,1.27889,1.29222,1.13,1.08667,1.04333,0.994444,0.906667,0.807778,0.774444,0.765556
161,,0.587778,0.426667,0.414444,0.405556,0.35,0.396667,0.324444,0.301111,0.328889,0.374444,0.377778,0.397778,0.426667,0.236667,0.154444,0.208889,0.323333,0.472222,0.54,0.594444,0.541111,0.515556,0.805556,0.948889,1.21222,1.61444,2.09444,2.45667,2.48333,2.66778,2.85222,3.17889,3.06111,2.99667,2.92556,2.74,2.66444,2.51333,2.29333,1.96333,2.01111,2.1,2.35333,2.29556,2.23889,2.23889,2.24444,2.3,2.25333,2.26,2.16778,2.19,2.24,2.52222,2.53667,2.49556,2.46778,2.48,2.46,2.52222,2.61444,2.9,2.92889,2.95778,3.13222,3.32889,3.47111,3.57889,3.62111,4.05222,4.27222,4.29444,4.06667,3.04889,2.81889,2.97222,2.81889,2.47,2.24333,2.35556,2.13556,2.01444,1.96333,1.88,1.62444,1.47,1.26222,1.27556,1.14889,1.07333,1.04778,0.992222,0.906667,0.808889,0.772222,0.758889
162,,0.593333,0.431111,0.413333,0.403333,0.348889,0.392222,0.328889,0.305556,0.326667,0.374444,0.374444,0.388889,0.441111,0.238889,0.156667,0.208889,0.311111,0.48,0.535556,0.584444,0.553333,0.51,0.795556,0.946667,1.19667,1.60222,2.07667,2.45333,2.46444,2.66889,2.83333,3.16667,3.08,2.99667,2.91333,2.77444,2.66111,2.52333,2.30111,1.97444,1.98667,2.11778,2.34333,2.30222,2.23667,2.22889,2.25222,2.30889,2.23778,2.26667,2.17,2.18444,2.23778,2.51111,2.54444,2.50333,2.46889,2.46778,2.48,2.51,2.59667,2.89,2.93444,2.95111,3.11333,3.33556,3.45667,3.57,3.60556,4.03444,4.26111,4.28889,4.12889,3.07667,2.81444,2.97667,2.82667,2.48333,2.25333,2.35,2.14667,2.01111,1.97333,1.87556,1.64111,1.46222,1.27778,1.29333,1.13111,1.08889,1.04222,0.993333,0.91,0.805556,0.776667,0.764444
163,,0.594444,0.43,0.413333,0.403333,0.348889,0.393333,0.33,0.303333,0.327778,0.373333,0.374444,0.388889,0.443333,0.237778,0.155556,0.208889,0.311111,0.48,0.535556,0.586667,0.551111,0.512222,0.796667,0.945556,1.19444,1.60667,2.07556,2.45333,2.46556,2.67111,2.83333,3.16778,3.07778,2.99778,2.91333,2.77222,2.66,2.52556,2.29889,1.97333,1.98667,2.11778,2.34556,2.3,2.23667,2.23,2.25222,2.31111,2.23778,2.26778,2.17111,2.18,2.23889,2.51333,2.54333,2.50222,2.47,2.46556,2.48111,2.51,2.59889,2.89111,2.93222,2.95444,3.11111,3.33333,3.46,3.57111,3.60556,4.03667,4.25889,4.29,4.12556,3.07444,2.81667,2.97667,2.82444,2.48444,2.25111,2.35,2.14444,2.01333,1.97222,1.87778,1.64,1.46222,1.27778,1.29222,1.13222,1.08556,1.04444,0.993333,0.907778,0.807778,0.775556,0.763333
164,,0.554444,0.407778,0.386667,0.408889,0.393333,0.38,0.365556,0.325556,0.348889,0.346667,0.395556,0.37,0.477778,0.318889,0.2,0.21,0.418889,0.525556,0.586667,0.583333,0.473333,0.59,0.951111,1.18222,1.37778,1.83111,2.37889,2.91778,3.05111,3.21889,3.50556,3.82111,3.92889,3.69,3.34556,3.02222,3.09444,2.90222,2.59333,2.34111,2.34667,2.47667,2.51444,2.49667,2.43333,2.55444,2.43111,2.27667,2.33889,2.36222,2.34222,2.25889,2.39444,2.5,2.47222,2.47222,2.47556,2.48889,2.42556,2.36222,2.42556,2.68222,2.66778,2.81556,2.84556,2.98,3.05889,3.18444,3.22556,3.38222,3.51,3.49333,3.06222,2.83778,2.49556,2.49556,2.35778,2.29778,2.14111,2.08222,1.98,1.80222,1.66444,1.68,1.56,1.28556,1.16222,1.13778,0.986667,0.895556,0.854444,0.85,0.787778,0.734444,0.713333,0.647778
165,,0.542222,0.416667,0.382222,0.406667,0.393333,0.38,0.366667,0.331111,0.343333,0.345556,0.395556,0.375556,0.472222,0.315556,0.197778,0.214444,0.415556,0.537778,0.588889,0.583333,0.462222,0.623333,0.95,1.17889,1.40556,1.83667,2.41778,2.92222,3.07667,3.24667,3.50556,3.88778,3.91889,3.65111,3.28,3.02111,3.09667,2.90778,2.56,2.32444,2.36333,2.48111,2.50778,2.49556,2.44333,2.56333,2.39889,2.30111,2.33,2.37,2.32667,2.27333,2.38444,2.50556,2.45444,2.48778,2.47,2.50778,2.40333,2.36778,2.43778,2.68222,2.65889,2.85222,2.82,3.02,3.04,3.19556,3.24,3.40778,3.50667,3.48778,3.01667,2.82889,2.48667,2.49222,2.34222,2.28333,2.14444,2.07333,1.97667,1.79667,1.67,1.68222,1.54778,1.26333,1.19222,1.11333,0.988889,0.882222,0.858889,0.851111,0.786667,0.743333,0.692222,0.652222
166,,0.555556,0.402222,0.395556,0.403333,0.398889,0.377778,0.365556,0.326667,0.346667,0.345556,0.397778,0.37,0.474444,0.322222,0.203333,0.207778,0.417778,0.522222,0.577778,0.59,0.476667,0.582222,0.954444,1.17333,1.37111,1.82444,2.36222,2.90889,3.05,3.21,3.49,3.81889,3.91556,3.70667,3.36222,3.03444,3.09667,2.91,2.6,2.34,2.33667,2.48556,2.51,2.50333,2.42889,2.55222,2.44333,2.27111,2.34778,2.35222,2.34,2.25444,2.39,2.50778,2.46,2.48,2.47111,2.49778,2.43556,2.34667,2.44,2.66111,2.66,2.82444,2.83556,2.98222,3.05556,3.18556,3.21556,3.38111,3.51111,3.49444,3.07778,2.84778,2.50667,2.47778,2.38,2.29667,2.14444,2.06333,1.99333,1.81333,1.65778,1.67333,1.57444,1.28333,1.16889,1.13778,0.986667,0.901111,0.846667,0.856667,0.795556,0.724444,0.722222,0.647778
167,,0.558889,0.401111,0.392222,0.407778,0.396667,0.375556,0.365556,0.327778,0.346667,0.347778,0.395556,0.372222,0.473333,0.322222,0.201111,0.21,0.418889,0.523333,0.581111,0.587778,0.474444,0.587778,0.952222,1.17778,1.37111,1.83,2.37111,2.91,3.05111,3.21556,3.49889,3.81,3.93111,3.70222,3.34667,3.03,3.1,2.90444,2.59556,2.34222,2.33889,2.48667,2.50222,2.50778,2.42778,2.55667,2.43556,2.27,2.35222,2.35,2.34,2.25778,2.39778,2.5,2.46111,2.47889,2.47333,2.49667,2.43111,2.35,2.43778,2.67333,2.65556,2.82667,2.83222,2.98889,3.05444,3.18444,3.21889,3.38333,3.50889,3.49222,3.07222,2.84,2.50778,2.48111,2.37444,2.29778,2.14333,2.06667,1.98556,1.81222,1.66111,1.68111,1.56,1.28444,1.16667,1.14333,0.986667,0.897778,0.846667,0.855556,0.791111,0.731111,0.716667,0.645556
168,,0.558889,0.403333,0.39,0.408889,0.395556,0.376667,0.365556,0.327778,0.345556,0.347778,0.397778,0.37,0.473333,0.323333,0.201111,0.208889,0.418889,0.523333,0.582222,0.586667,0.474444,0.588889,0.953333,1.17667,1.37111,1.83111,2.37222,2.91111,3.05222,3.21778,3.5,3.81111,3.92889,3.70333,3.34333,3.03,3.10111,2.90222,2.59333,2.34333,2.34111,2.48222,2.50556,2.50778,2.42778,2.55333,2.43556,2.27667,2.34556,2.35333,2.34556,2.25,2.4,2.5,2.46444,2.47333,2.47667,2.49556,2.43,2.35667,2.43111,2.67556,2.65444,2.82556,2.83667,2.98444,3.05778,3.18333,3.22333,3.38,3.50778,3.49444,3.07111,2.83778,2.50444,2.48667,2.37111,2.30111,2.13778,2.07111,1.98556,1.81,1.66,1.68333,1.56,1.28333,1.16333,1.14444,0.988889,0.894444,0.846667,0.855556,0.791111,0.733333,0.714444,0.645556
169,,0.556667,0.402222,0.393333,0.406667,0.396667,0.376667,0.365556,0.326667,0.347778,0.346667,0.396667,0.37,0.474444,0.321111,0.203333,0.207778,0.418889,0.524444,0.578889,0.587778,0.476667,0.586667,0.95,1.17778,1.37333,1.82556,2.36778,2.90556,3.05,3.21667,3.49222,3.81556,3.92556,3.70111,3.35444,3.03222,3.09889,2.91,2.59111,2.34778,2.33778,2.48556,2.50556,2.50889,2.42333,2.55222,2.44111,2.26889,2.35667,2.34778,2.34222,2.25333,2.39444,2.50333,2.46111,2.48111,2.47333,2.49444,2.43333,2.34778,2.43889,2.66444,2.66667,2.82111,2.83222,2.98444,3.06,3.18111,3.22111,3.38,3.50778,3.49667,3.07333,2.84444,2.50444,2.47889,2.38111,2.29333,2.14444,2.06556,1.99,1.81111,1.66556,1.67222,1.56667,1.28222,1.17111,1.13889,0.987778,0.898889,0.846667,0.857778,0.792222,0.728889,0.715556,0.648889
170,,0.548889,0.413333,0.383333,0.407778,0.393333,0.378889,0.365556,0.328889,0.345556,0.348889,0.395556,0.372222,0.473333,0.316667,0.198889,0.216667,0.414444,0.533333,0.583333,0.587778,0.464444,0.606667,0.956667,1.17111,1.39667,1.82889,2.40333,2.92444,3.06778,3.22333,3.51333,3.86222,3.92,3.66333,3.31667,3.02444,3.08889,2.90889,2.57333,2.33333,2.35667,2.48111,2.50889,2.49222,2.43333,2.55556,2.42444,2.28889,2.33222,2.35667,2.35444,2.25778,2.38556,2.50556,2.46111,2.48556,2.47111,2.49778,2.40778,2.36222,2.44333,2.67889,2.67111,2.82778,2.83556,2.99667,3.05,3.18889,3.24222,3.39556,3.50556,3.49,3.03111,2.83556,2.48,2.49778,2.35333,2.29,2.14667,2.07333,1.98444,1.79556,1.66333,1.68778,1.54333,1.28,1.18111,1.12444,0.988889,0.888889,0.854444,0.852222,0.788889,0.736667,0.701111,0.65
171,,0.543333,0.415556,0.383333,0.405556,0.392222,0.381111,0.367778,0.331111,0.341111,0.346667,0.395556,0.375556,0.472222,0.316667,0.197778,0.213333,0.415556,0.536667,0.586667,0.584444,0.465556,0.613333,0.955556,1.17556,1.40889,1.83222,2.41556,2.92444,3.07222,3.24222,3.50889,3.88333,3.91667,3.65222,3.29333,3.01667,3.09556,2.90667,2.56,2.33111,2.36,2.48556,2.5,2.49889,2.44556,2.55889,2.40667,2.29667,2.32778,2.36889,2.33111,2.27444,2.38333,2.50667,2.45667,2.48778,2.47,2.50111,2.40444,2.37,2.42889,2.68889,2.66,2.84667,2.82556,3.01556,3.04333,3.18889,3.24889,3.40222,3.50333,3.49222,3.01778,2.82778,2.48778,2.48889,2.35333,2.27667,2.15,2.06778,1.98333,1.79222,1.66778,1.68778,1.54556,1.26778,1.19,1.11556,0.99,0.88,0.856667,0.856667,0.784444,0.744444,0.691111,0.653333
172,,0.371111,0.302222,0.318889,0.284444,0.277778,0.258889,0.237778,0.256667,0.255556,0.23,0.211111,0.281111,0.584444,0.54,0.508889,0.393333,0.502222,0.646667,0.782222,0.895556,1.09889,1.36444,1.74444,2.01889,2.44667,3.00778,3.64667,4.04,4.12778,4.48333,4.66556,3.08889,4.24556,4.39111,4.01111,3.91667,3.68,3.39,2.99333,2.66667,2.67889,2.60556,2.60556,2.59444,2.55111,2.43444,2.47667,2.43778,2.39889,2.34,2.30333,2.28,2.33333,2.33889,2.31222,2.36556,2.32889,2.20778,2.12778,2.07556,1.99667,2.14556,2.27667,2.29667,2.35778,2.47444,2.32222,2.47,2.51,2.62444,2.49556,2.42667,2.09889,2.05111,1.91889,1.80889,1.92667,1.81778,1.79,1.76778,1.65667,1.57444,1.46778,1.45889,1.25778,1.15,1.03222,0.882222,0.854444,0.746667,0.667778,0.703333,0.546667,0.526667,0.508889,0.54
173,,0.37,0.303333,0.322222,0.28,0.278889,0.258889,0.237778,0.256667,0.255556,0.23,0.21,0.281111,0.585556,0.538889,0.51,0.392222,0.503333,0.647778,0.781111,0.902222,1.09333,1.37,1.74,2.02444,2.44667,3.00778,3.64667,4.05,4.12556,4.48667,4.70778,3.11778,4.17889,4.38333,4.01,3.91222,3.68556,3.38444,2.98556,2.67222,2.67667,2.61,2.60444,2.59111,2.55556,2.42778,2.48111,2.43667,2.39889,2.33556,2.30556,2.28111,2.33444,2.34333,2.30778,2.36444,2.32778,2.20889,2.12444,2.07667,1.99667,2.14556,2.27667,2.30111,2.35778,2.46889,2.32667,2.47111,2.50444,2.62889,2.49778,2.43,2.09,2.05222,1.91778,1.81556,1.92111,1.81556,1.78889,1.77222,1.65556,1.57444,1.46556,1.46111,1.25444,1.15222,1.03,0.88,0.854444,0.748889,0.667778,0.706667,0.541111,0.527778,0.51,0.538889
174,,0.371111,0.302222,0.321111,0.282222,0.278889,0.258889,0.236667,0.257778,0.255556,0.228889,0.211111,0.281111,0.584444,0.54,0.508889,0.393333,0.503333,0.645556,0.783333,0.897778,1.09778,1.36667,1.74222,2.02111,2.44889,3.00778,3.64556,4.04667,4.12444,4.48667,4.70556,3.09111,4.20444,4.38889,4.00889,3.91222,3.68444,3.38444,2.99333,2.67,2.67556,2.60889,2.60667,2.59333,2.55333,2.42889,2.47778,2.43778,2.4,2.33667,2.30222,2.28111,2.33667,2.34333,2.30778,2.36444,2.32556,2.21,2.12667,2.07556,1.99667,2.14667,2.27667,2.29889,2.35667,2.47333,2.32222,2.47111,2.50667,2.62778,2.49556,2.42778,2.09556,2.05111,1.91778,1.81444,1.92333,1.81667,1.78889,1.77,1.65778,1.57444,1.46667,1.46111,1.25333,1.15222,1.02889,0.882222,0.854444,0.746667,0.67,0.703333,0.544444,0.527778,0.508889,0.538889
175,,0.371111,0.301111,0.318889,0.285556,0.277778,0.258889,0.237778,0.256667,0.255556,0.23,0.211111,0.277778,0.585556,0.542222,0.508889,0.392222,0.503333,0.646667,0.781111,0.895556,1.1,1.36222,1.74333,2.01889,2.44556,3.00556,3.65,4.03556,4.12444,4.48778,4.62778,3.08889,4.28222,4.39222,4.01111,3.91778,3.68,3.39,2.99111,2.67222,2.67778,2.60444,2.60444,2.59778,2.54889,2.43667,2.47444,2.43556,2.4,2.34444,2.3,2.28111,2.33333,2.33556,2.31222,2.36889,2.32778,2.20556,2.13333,2.07111,1.99889,2.14778,2.27111,2.30111,2.35556,2.47444,2.31889,2.47556,2.50667,2.62667,2.49778,2.42444,2.1,2.05111,1.92,1.80889,1.92556,1.81667,1.79111,1.76889,1.65556,1.57444,1.46667,1.46111,1.25778,1.14778,1.03444,0.883333,0.852222,0.746667,0.668889,0.704444,0.546667,0.523333,0.511111,0.541111
176,,0.533333,0.367778,0.34,0.314444,0.306667,0.306667,0.27,0.255556,0.268889,0.271111,0.293333,0.304444,0.542222,0.375556,0.285556,0.276667,0.363333,0.488889,0.563333,0.655556,0.734444,1.02778,1.16667,1.48667,1.81889,2.39333,2.69222,3.12667,3.39222,3.64889,3.94333,3.84556,3.60222,3.48444,3.47556,3.27444,3.20111,2.76778,2.39556,2.17778,2.17444,2.42333,2.27222,2.27222,2.35444,2.25333,2.21333,2.21667,2.13667,2.22111,2.18667,2.06,2.23778,2.30333,2.25556,2.29778,2.33333,2.30111,2.26889,2.26889,2.26667,2.47,2.67,2.76889,2.68222,2.87111,2.87778,2.96667,3.08222,3.37,3.31444,3.33333,3.28333,2.69444,2.42222,2.46667,2.37111,2.23556,2.17889,2.01889,1.88,1.79333,1.74222,1.67556,1.53556,1.40667,1.20333,1.12778,1,0.963333,0.945556,0.862222,0.792222,0.762222,0.664444,0.647778
177,,0.534444,0.368889,0.34,0.314444,0.306667,0.306667,0.27,0.254444,0.27,0.271111,0.291111,0.306667,0.542222,0.374444,0.285556,0.277778,0.363333,0.488889,0.563333,0.655556,0.733333,1.02667,1.16889,1.48222,1.82,2.39222,2.69,3.12778,3.39,3.64667,3.94222,3.84667,3.60556,3.48222,3.47667,3.27556,3.19889,2.77444,2.39222,2.18111,2.17222,2.42,2.27222,2.27222,2.35667,2.25222,2.21667,2.21556,2.13667,2.22,2.18667,2.05889,2.23889,2.30778,2.25111,2.3,2.33333,2.3,2.26889,2.27,2.26444,2.47111,2.67111,2.76556,2.68444,2.86667,2.88111,2.96,3.08444,3.36667,3.32,3.33333,3.28444,2.69556,2.42333,2.46778,2.37,2.23778,2.17778,2.02111,1.87778,1.79333,1.74333,1.67556,1.53444,1.40889,1.20333,1.12889,0.996667,0.966667,0.943333,0.863333,0.792222,0.762222,0.664444,0.646667
178,,0.542222,0.368889,0.341111,0.312222,0.308889,0.304444,0.272222,0.254444,0.27,0.268889,0.292222,0.306667,0.543333,0.374444,0.286667,0.277778,0.362222,0.488889,0.557778,0.653333,0.733333,1.03111,1.16333,1.47778,1.81667,2.37778,2.69,3.12556,3.38444,3.63667,3.94111,3.85,3.61222,3.47889,3.47667,3.28111,3.21,2.77778,2.39222,2.18778,2.17889,2.40333,2.28222,2.25444,2.36444,2.25556,2.22667,2.20556,2.14667,2.21,2.19667,2.05889,2.22778,2.31667,2.24111,2.3,2.33778,2.30222,2.26,2.28111,2.26444,2.46111,2.67778,2.76111,2.68111,2.86778,2.88444,2.94889,3.07778,3.37111,3.32,3.33333,3.28667,2.70889,2.42778,2.45778,2.38444,2.22667,2.18222,2.01778,1.87556,1.80111,1.75333,1.66222,1.54778,1.40111,1.20778,1.13111,0.998889,0.961111,0.953333,0.861111,0.788889,0.764444,0.668889,0.637778
179,,0.543333,0.368889,0.341111,0.311111,0.31,0.304444,0.272222,0.254444,0.27,0.267778,0.293333,0.306667,0.543333,0.374444,0.286667,0.277778,0.362222,0.488889,0.557778,0.653333,0.733333,1.03111,1.16222,1.47778,1.81556,2.37778,2.69222,3.12444,3.38333,3.63667,3.93889,3.84889,3.61444,3.48,3.47556,3.28222,3.21,2.77778,2.39444,2.18778,2.17556,2.40444,2.28222,2.25667,2.36444,2.25556,2.22444,2.20556,2.14778,2.20889,2.19889,2.05778,2.22667,2.31556,2.24222,2.30111,2.33667,2.30444,2.25667,2.28111,2.26556,2.46333,2.67556,2.76111,2.68222,2.86667,2.88222,2.95,3.07889,3.37,3.32,3.33333,3.28778,2.70778,2.43,2.45556,2.38778,2.22667,2.17889,2.02111,1.87444,1.80111,1.75444,1.66,1.54889,1.40111,1.20889,1.13111,0.998889,0.958889,0.953333,0.861111,0.791111,0.763333,0.67,0.636667
180,,0.542222,0.37,0.34,0.311111,0.31,0.305556,0.271111,0.255556,0.27,0.267778,0.293333,0.306667,0.543333,0.374444,0.286667,0.277778,0.362222,0.488889,0.557778,0.65,0.735556,1.03111,1.16111,1.47778,1.81667,2.37556,2.69333,3.12222,3.38667,3.63222,3.93667,3.85111,3.61667,3.48,3.47444,3.28222,3.21111,2.77667,2.39889,2.18667,2.17444,2.40333,2.28222,2.25889,2.36222,2.25778,2.22444,2.20667,2.14667,2.20778,2.19778,2.06,2.22333,2.31889,2.24,2.30333,2.33222,2.30778,2.25444,2.28444,2.26444,2.46444,2.67333,2.76222,2.68222,2.86667,2.88111,2.94889,3.07889,3.37,3.32111,3.33222,3.28889,2.70889,2.42889,2.45444,2.39222,2.22444,2.17889,2.02111,1.87444,1.80222,1.75556,1.65778,1.55,1.40111,1.20889,1.13,0.998889,0.957778,0.956667,0.861111,0.791111,0.761111,0.672222,0.636667
181,,0.543333,0.371111,0.34,0.311111,0.308889,0.306667,0.272222,0.254444,0.27,0.267778,0.288889,0.31,0.542222,0.375556,0.287778,0.276667,0.363333,0.483333,0.552222,0.653333,0.74,1.02444,1.16556,1.47667,1.80778,2.37333,2.69778,3.11778,3.38222,3.62222,3.93222,3.85778,3.62778,3.47222,3.47333,3.29444,3.20333,2.78556,2.40667,2.18444,2.17,2.40444,2.28444,2.25111,2.37111,2.25444,2.23222,2.19556,2.15111,2.20778,2.19444,2.06222,2.22444,2.31778,2.24111,2.30556,2.33222,2.30556,2.25222,2.28333,2.26889,2.46111,2.67889,2.75,2.68333,2.86778,2.87889,2.94778,3.07,3.38111,3.32,3.33556,3.28444,2.71556,2.43444,2.44444,2.40222,2.22222,2.17778,2.02111,1.87778,1.80111,1.75667,1.65778,1.55333,1.40111,1.21,1.13222,0.992222,0.958889,0.961111,0.858889,0.793333,0.764444,0.67,0.636667
182,,0.554444,0.372222,0.347778,0.34,0.304444,0.305556,0.271111,0.296667,0.245556,0.261111,0.267778,0.301111,0.485556,0.326667,0.241111,0.25,0.371111,0.443333,0.488889,0.54,0.628889,0.88,1.01111,1.33667,1.65222,2.06667,2.43889,2.66333,2.85889,3.10778,3.38222,3.34667,3.07778,3.11222,3.09444,2.95556,2.75889,2.43889,2.18889,2.06778,2.08111,2.25667,2.29556,2.22667,2.24778,2.21333,2.22667,2.20667,2.23222,2.24778,2.14111,2.02667,2.25889,2.38667,2.43111,2.43556,2.44667,2.43667,2.36667,2.38111,2.47667,2.73667,2.96889,3.00556,2.86444,3.14444,3.06444,3.15889,3.30222,3.64889,3.76222,3.66444,3.5,3.07111,2.67667,2.75222,2.55889,2.39556,2.24333,2.20111,2.05111,1.97,1.85444,1.81,1.66333,1.46889,1.33333,1.26111,1.09,1.00333,0.965556,0.906667,0.824444,0.822222,0.706667,0.733333
183,,0.564444,0.377778,0.347778,0.342222,0.304444,0.302222,0.276667,0.297778,0.244444,0.257778,0.268889,0.298889,0.483333,0.328889,0.245556,0.245556,0.367778,0.448889,0.487778,0.527778,0.631111,0.862222,1.01444,1.31333,1.66333,2.04111,2.42556,2.67111,2.84111,3.09667,3.35667,3.36222,3.09556,3.10556,3.10111,2.96222,2.77889,2.45,2.19333,2.06333,2.08333,2.24222,2.30778,2.21333,2.26556,2.20667,2.22778,2.21222,2.21889,2.25,2.14444,2.02556,2.26333,2.37667,2.43111,2.43444,2.45222,2.42778,2.36444,2.39778,2.47889,2.71889,2.94444,3.03111,2.87444,3.09778,3.09667,3.14444,3.27889,3.62,3.77444,3.66222,3.53222,3.08333,2.68444,2.75889,2.56333,2.40667,2.23778,2.20444,2.07222,1.95667,1.86667,1.79889,1.66444,1.47556,1.34222,1.26556,1.09667,1.00111,0.966667,0.914444,0.826667,0.821111,0.702222,0.731111
184,,0.558889,0.376667,0.35,0.341111,0.304444,0.301111,0.277778,0.296667,0.244444,0.258889,0.267778,0.3,0.482222,0.33,0.245556,0.245556,0.367778,0.447778,0.49,0.527778,0.631111,0.865556,1.01333,1.32111,1.65778,2.04778,2.42333,2.66778,2.84667,3.09889,3.35778,3.36,3.09778,3.10222,3.10333,2.96,2.77222,2.45778,2.18333,2.06667,2.08444,2.24111,2.31,2.21,2.26556,2.20556,2.23444,2.20556,2.22222,2.25444,2.14333,2.02667,2.26,2.38111,2.42556,2.43667,2.45556,2.42556,2.36111,2.39556,2.48333,2.71667,2.94778,3.02778,2.87444,3.1,3.09889,3.14444,3.27889,3.63111,3.76889,3.66556,3.52222,3.08778,2.68,2.75778,2.56444,2.40333,2.23222,2.20667,2.07222,1.96,1.86889,1.79667,1.66111,1.47778,1.33667,1.26778,1.09333,1.00444,0.963333,0.915556,0.826667,0.824444,0.7,0.734444
185,,0.552222,0.372222,0.348889,0.338889,0.304444,0.305556,0.271111,0.297778,0.245556,0.26,0.267778,0.301111,0.486667,0.325556,0.242222,0.248889,0.371111,0.443333,0.488889,0.54,0.63,0.878889,1.01111,1.34111,1.65,2.06556,2.44111,2.66333,2.86111,3.10778,3.38444,3.34556,3.07556,3.11556,3.09,2.95667,2.75667,2.44,2.18889,2.06667,2.08222,2.25778,2.29444,2.22556,2.25,2.21333,2.22333,2.20889,2.23,2.24889,2.14222,2.02778,2.25556,2.39222,2.42778,2.43667,2.44667,2.43556,2.36778,2.38222,2.47667,2.73667,2.96667,3.00889,2.86111,3.14444,3.06333,3.16,3.30556,3.64889,3.76111,3.67,3.49667,3.07111,2.67444,2.75222,2.55333,2.39778,2.24667,2.19889,2.05111,1.97,1.85333,1.81222,1.66,1.46889,1.33333,1.26111,1.09333,0.998889,0.967778,0.906667,0.823333,0.822222,0.705556,0.735556
186,,0.558889,0.377778,0.348889,0.341111,0.306667,0.298889,0.277778,0.297778,0.244444,0.257778,0.268889,0.298889,0.482222,0.33,0.245556,0.247778,0.366667,0.446667,0.49,0.527778,0.632222,0.866667,1.01333,1.31889,1.65778,2.05,2.42444,2.66889,2.84667,3.10111,3.35889,3.36,3.09667,3.09889,3.10556,2.96,2.77111,2.45444,2.18333,2.06778,2.08667,2.24222,2.30667,2.21,2.26444,2.20667,2.23444,2.20444,2.22556,2.25333,2.14333,2.02556,2.26111,2.38,2.42778,2.44111,2.45111,2.42333,2.36556,2.39222,2.48111,2.72111,2.94778,3.02556,2.87111,3.10889,3.09333,3.14556,3.28111,3.63333,3.76667,3.66444,3.52333,3.08556,2.68111,2.75556,2.56444,2.40111,2.23444,2.20778,2.07,1.96,1.87,1.79556,1.66222,1.47444,1.33667,1.27,1.09444,1.00333,0.963333,0.913333,0.828889,0.822222,0.702222,0.732222
187,,0.554444,0.372222,0.348889,0.34,0.307778,0.304444,0.271111,0.296667,0.244444,0.26,0.267778,0.302222,0.484444,0.326667,0.243333,0.248889,0.367778,0.446667,0.487778,0.534444,0.634444,0.877778,1.00778,1.32778,1.65222,2.06111,2.44333,2.65444,2.85889,3.10556,3.37,3.35333,3.08778,3.09889,3.09889,2.96222,2.76556,2.44333,2.18778,2.06556,2.08333,2.25222,2.3,2.22111,2.25222,2.21,2.23333,2.19667,2.22889,2.25556,2.14444,2.02778,2.26111,2.38222,2.42778,2.44,2.44444,2.43667,2.36333,2.38667,2.47889,2.73,2.96,3.01111,2.86667,3.12889,3.07778,3.15556,3.28889,3.64222,3.76556,3.66444,3.51111,3.07889,2.66778,2.76111,2.56222,2.39778,2.24111,2.20444,2.05333,1.97111,1.86111,1.79889,1.67111,1.46889,1.33444,1.26444,1.08889,1.00444,0.962222,0.913333,0.823333,0.822222,0.705556,0.736667
188,,0.553333,0.371111,0.351111,0.34,0.306667,0.303333,0.273333,0.296667,0.244444,0.26,0.266667,0.303333,0.484444,0.326667,0.243333,0.248889,0.365556,0.448889,0.487778,0.531111,0.636667,0.874444,1.01111,1.32556,1.65333,2.05556,2.44556,2.65556,2.85556,3.10778,3.36667,3.35444,3.08667,3.10333,3.09333,2.96778,2.76556,2.44444,2.18444,2.06444,2.08778,2.25,2.30111,2.21889,2.25444,2.20778,2.23556,2.19889,2.22778,2.25444,2.14444,2.02667,2.26,2.38111,2.43111,2.43333,2.45111,2.43444,2.36667,2.38556,2.47778,2.72667,2.96333,3.00667,2.87111,3.12556,3.08333,3.15222,3.28889,3.63889,3.76333,3.66667,3.50889,3.08556,2.66778,2.76222,2.55556,2.40556,2.24,2.20444,2.05667,1.96778,1.86222,1.79778,1.67111,1.47222,1.33222,1.26667,1.08667,1.00778,0.96,0.913333,0.825556,0.821111,0.705556,0.737778
189,,0.553333,0.375556,0.346667,0.338889,0.306667,0.304444,0.271111,0.296667,0.245556,0.261111,0.265556,0.302222,0.486667,0.324444,0.244444,0.247778,0.37,0.444444,0.49,0.537778,0.63,0.878889,1.01,1.32778,1.65889,2.06444,2.43778,2.65889,2.85889,3.10889,3.37222,3.34889,3.08444,3.10889,3.09667,2.95778,2.76333,2.43778,2.18667,2.06667,2.08444,2.25444,2.29889,2.22111,2.25,2.21556,2.22778,2.20556,2.22667,2.25444,2.13889,2.02889,2.26444,2.38111,2.42778,2.43889,2.44222,2.44222,2.36,2.38556,2.48222,2.73222,2.95889,3.00778,2.86889,3.13444,3.07444,3.15222,3.30111,3.64222,3.76222,3.66667,3.50667,3.07444,2.67,2.75889,2.56556,2.39333,2.23778,2.20444,2.05222,1.97111,1.85778,1.80667,1.66667,1.46778,1.33889,1.25667,1.09222,1.00333,0.962222,0.912222,0.825556,0.821111,0.704444,0.735556
190,,0.56,0.372222,0.35,0.34,0.307778,0.297778,0.277778,0.296667,0.244444,0.26,0.267778,0.3,0.482222,0.33,0.243333,0.248889,0.366667,0.446667,0.49,0.53,0.633333,0.871111,1.01444,1.31778,1.65667,2.04889,2.43444,2.66889,2.84889,3.10778,3.35667,3.35778,3.09222,3.10444,3.10111,2.96,2.76889,2.45222,2.17889,2.06889,2.08667,2.24222,2.30556,2.21333,2.26,2.21111,2.23222,2.20444,2.22667,2.25444,2.14222,2.02667,2.26111,2.37556,2.43,2.44111,2.45556,2.42444,2.36667,2.38444,2.48556,2.71667,2.96222,3.01556,2.86778,3.11778,3.09222,3.14667,3.28222,3.63556,3.76667,3.66333,3.51556,3.08667,2.67333,2.76333,2.55667,2.41,2.23,2.20889,2.06,1.96444,1.87111,1.79667,1.66222,1.47444,1.33444,1.26778,1.09444,1.00444,0.961111,0.913333,0.827778,0.822222,0.701111,0.736667
191,,0.55,0.371111,0.35,0.337778,0.305556,0.304444,0.273333,0.295556,0.246667,0.26,0.266667,0.301111,0.486667,0.326667,0.241111,0.248889,0.372222,0.443333,0.488889,0.538889,0.633333,0.878889,1.00778,1.34556,1.65111,2.06222,2.44333,2.67111,2.85444,3.10667,3.39,3.34333,3.07444,3.11333,3.08778,2.96,2.75889,2.44,2.18333,2.07111,2.07889,2.25889,2.29556,2.22444,2.25111,2.21333,2.22111,2.21444,2.22667,2.24667,2.14333,2.03,2.25333,2.39,2.43222,2.43778,2.44111,2.43889,2.36667,2.38222,2.47667,2.74,2.96778,3.00667,2.85556,3.15,3.06556,3.16,3.30333,3.65333,3.75889,3.67,3.49778,3.07,2.67,2.75222,2.55444,2.39444,2.24778,2.19889,2.05222,1.96778,1.85444,1.81111,1.66333,1.46778,1.33,1.26222,1.09222,1,0.966667,0.905556,0.826667,0.82,0.704444,0.738889
192,,0.505556,0.362222,0.331111,0.35,0.332222,0.288889,0.331111,0.284444,0.31,0.305556,0.288889,0.325556,0.447778,0.276667,0.201111,0.196667,0.332222,0.501111,0.532222,0.547778,0.471111,0.563333,1.01222,1.19111,1.27778,1.68778,2.43111,2.92111,3.11111,3.22111,3.52222,3.86778,3.82667,3.72778,3.42778,3.09667,2.95222,2.92111,2.54222,2.10333,2.16556,2.24111,2.30111,2.26222,2.24222,2.30111,2.26111,2.19778,2.17333,2.15889,2.15889,2.13111,2.22,2.33556,2.37889,2.38444,2.26222,2.35333,2.26444,2.37333,2.32556,2.50556,2.61778,2.75556,2.92889,3.14111,3.22111,3.35444,3.35,3.45889,3.72778,3.92,3.77,3.19556,2.81778,2.65111,2.58556,2.27111,2.07111,2.02667,1.85444,1.72556,1.70444,1.62667,1.43444,1.23778,1.11111,0.976667,0.897778,0.875556,0.774444,0.797778,0.665556,0.655556,0.682222,0.58
193,,0.504444,0.362222,0.33,0.35,0.332222,0.288889,0.332222,0.283333,0.31,0.305556,0.288889,0.331111,0.442222,0.276667,0.202222,0.196667,0.333333,0.498889,0.532222,0.548889,0.471111,0.563333,1.01222,1.19222,1.27778,1.68889,2.43556,2.92444,3.10778,3.22556,3.52333,3.87,3.82333,3.73222,3.42111,3.09444,2.95111,2.92111,2.54333,2.1,2.16444,2.24444,2.29889,2.26,2.25,2.29778,2.25889,2.19778,2.17,2.16778,2.15556,2.13111,2.21889,2.33556,2.37889,2.38667,2.26,2.35222,2.26889,2.37,2.32778,2.50333,2.61778,2.75556,2.93222,3.14667,3.21889,3.35333,3.35333,3.45889,3.72778,3.91556,3.77444,3.19,2.81556,2.65,2.58778,2.26778,2.07333,2.02333,1.85556,1.72556,1.70333,1.62444,1.43778,1.23667,1.11,0.976667,0.896667,0.876667,0.773333,0.8,0.663333,0.655556,0.682222,0.581111
194,,0.497778,0.364444,0.328889,0.344444,0.335556,0.288889,0.333333,0.28,0.313333,0.305556,0.287778,0.331111,0.441111,0.277778,0.2,0.2,0.335556,0.5,0.531111,0.548889,0.464444,0.571111,1.01556,1.19556,1.27778,1.69889,2.44111,2.93333,3.10889,3.22556,3.54556,3.86778,3.81778,3.73222,3.40111,3.09444,2.95667,2.90778,2.53556,2.1,2.16667,2.25333,2.28889,2.25556,2.26111,2.29889,2.24778,2.19889,2.18222,2.15333,2.16,2.13222,2.22111,2.34,2.38111,2.38333,2.25556,2.35444,2.26889,2.36444,2.32778,2.50556,2.62667,2.75556,2.94222,3.14333,3.22222,3.35444,3.34667,3.46778,3.74778,3.91333,3.75889,3.17778,2.80556,2.65667,2.57444,2.27444,2.07,2.02333,1.85222,1.73111,1.70111,1.61778,1.44,1.23444,1.10556,0.981111,0.891111,0.88,0.77,0.797778,0.662222,0.658889,0.68,0.586667
195,,0.505556,0.361111,0.332222,0.347778,0.334444,0.288889,0.331111,0.284444,0.31,0.305556,0.288889,0.325556,0.447778,0.276667,0.201111,0.196667,0.332222,0.498889,0.532222,0.55,0.471111,0.562222,1.01333,1.19111,1.27556,1.68889,2.42889,2.92222,3.11,3.21667,3.52556,3.86556,3.82778,3.72667,3.43111,3.09333,2.95556,2.92111,2.54333,2.1,2.17,2.23778,2.30222,2.26222,2.24444,2.30222,2.25778,2.19778,2.17444,2.15778,2.16111,2.13222,2.21889,2.33222,2.38111,2.38556,2.26111,2.35111,2.26667,2.37222,2.32667,2.50556,2.61556,2.75444,2.93,3.14,3.22222,3.35333,3.34667,3.46556,3.72222,3.92222,3.76778,3.19778,2.82222,2.65,2.58444,2.27333,2.07,2.02556,1.85667,1.72444,1.70333,1.62667,1.43333,1.24222,1.11111,0.975556,0.898889,0.875556,0.774444,0.796667,0.664444,0.657778,0.681111,0.581111
196,,0.504444,0.362222,0.331111,0.35,0.332222,0.288889,0.332222,0.283333,0.31,0.305556,0.288889,0.33,0.443333,0.276667,0.201111,0.196667,0.334444,0.498889,0.532222,0.547778,0.471111,0.564444,1.01222,1.19222,1.27667,1.68889,2.43333,2.92,3.11111,3.22222,3.52444,3.86889,3.82333,3.73,3.42444,3.09556,2.95222,2.92111,2.54222,2.10333,2.16444,2.24333,2.29889,2.26222,2.24667,2.29778,2.26111,2.2,2.17,2.16111,2.15889,2.13,2.22,2.33444,2.38,2.38778,2.25778,2.35444,2.26556,2.37111,2.32556,2.50556,2.61778,2.75667,2.93,3.14556,3.21778,3.35444,3.34889,3.46111,3.72778,3.91889,3.77,3.19556,2.81667,2.65,2.58778,2.26889,2.07,2.02778,1.85444,1.72444,1.70667,1.62333,1.43667,1.23667,1.11111,0.975556,0.897778,0.875556,0.774444,0.797778,0.665556,0.655556,0.682222,0.581111
197,,0.498889,0.363333,0.33,0.345556,0.333333,0.293333,0.328889,0.28,0.313333,0.311111,0.281111,0.331111,0.442222,0.276667,0.2,0.202222,0.336667,0.497778,0.535556,0.543333,0.464444,0.576667,1.02889,1.18667,1.28111,1.70444,2.46222,2.94,3.11111,3.23667,3.55111,3.87,3.81556,3.74222,3.37778,3.08333,2.95778,2.91333,2.51444,2.09444,2.16444,2.25889,2.29556,2.25222,2.26111,2.3,2.24444,2.19889,2.18333,2.15667,2.16,2.13,2.21556,2.34,2.38556,2.37889,2.25444,2.36333,2.27222,2.35222,2.33889,2.5,2.63667,2.75889,2.94778,3.14333,3.23556,3.34222,3.35333,3.48222,3.75333,3.92778,3.72778,3.16222,2.79667,2.66111,2.56889,2.27,2.07333,2.02333,1.84,1.73556,1.69889,1.60889,1.44222,1.23444,1.09889,0.978889,0.893333,0.882222,0.767778,0.794444,0.661111,0.661111,0.685556,0.577778
198,,0.498889,0.364444,0.327778,0.346667,0.332222,0.294444,0.327778,0.28,0.313333,0.311111,0.281111,0.331111,0.442222,0.277778,0.198889,0.202222,0.336667,0.498889,0.536667,0.544444,0.462222,0.575556,1.03111,1.18556,1.28222,1.70778,2.46222,2.94222,3.11333,3.23444,3.55333,3.87222,3.81556,3.74,3.37444,3.08778,2.95556,2.91111,2.51333,2.09444,2.16444,2.25778,2.29111,2.25556,2.26333,2.29889,2.24556,2.19889,2.18333,2.15556,2.16333,2.13,2.22111,2.33333,2.38444,2.37667,2.25889,2.36111,2.27222,2.35,2.34333,2.5,2.63444,2.75778,2.95444,3.14,3.23889,3.34333,3.35111,3.48222,3.75333,3.92889,3.72889,3.15889,2.79333,2.66111,2.56667,2.27111,2.07333,2.02333,1.84111,1.73333,1.70111,1.60889,1.44111,1.23444,1.09889,0.976667,0.892222,0.881111,0.768889,0.797778,0.656667,0.662222,0.686667,0.576667
199,,0.495556,0.365556,0.327778,0.343333,0.337778,0.288889,0.333333,0.281111,0.311111,0.308889,0.285556,0.33,0.441111,0.276667,0.2,0.2,0.337778,0.5,0.532222,0.547778,0.462222,0.574444,1.02,1.19222,1.28,1.69889,2.45556,2.93444,3.11444,3.22556,3.55333,3.87111,3.81333,3.73333,3.38667,3.09444,2.95333,2.91222,2.53222,2.09333,2.16333,2.25667,2.29111,2.25222,2.26667,2.29222,2.24889,2.2,2.18111,2.15556,2.16111,2.13,2.21889,2.33667,2.38667,2.38444,2.25111,2.35444,2.27111,2.36444,2.33111,2.50333,2.63,2.75778,2.94889,3.14222,3.22333,3.35,3.35333,3.47556,3.75111,3.92111,3.74333,3.16778,2.80222,2.65667,2.57222,2.27444,2.07,2.02333,1.84778,1.73,1.70333,1.61111,1.44111,1.23556,1.09889,0.981111,0.895556,0.88,0.767778,0.797778,0.663333,0.657778,0.685556,0.582222
200,,0.441111,0.371111,0.334444,0.356667,0.31,0.295556,0.26,0.263333,0.286667,0.273333,0.262222,0.306667,0.533333,0.507778,0.432222,0.326667,0.495556,0.585556,0.706667,0.842222,1.04667,1.31889,1.48667,1.81111,2.21222,2.77556,3.24,3.46,3.69889,4.09333,3.78111,3.28556,3.16444,3.29667,3.53222,3.50111,3.39111,2.97778,2.71111,2.45889,2.52,2.58333,2.54667,2.48556,2.59889,2.44667,2.46556,2.42222,2.39111,2.34,2.31556,2.20667,2.36222,2.29667,2.43222,2.31778,2.39333,2.27,2.24778,2.18778,2.13778,2.33667,2.40667,2.42778,2.49111,2.66667,2.54222,2.59222,2.78556,2.83,2.83333,2.72,2.39111,2.23667,2.08333,2.05889,2.08111,2.06111,1.94889,1.96889,1.76667,1.71556,1.62444,1.67556,1.38556,1.20778,1.12444,1.02,0.91,0.85,0.78,0.813333,0.686667,0.636667,0.624444,0.61
201,,0.446667,0.371111,0.336667,0.348889,0.316667,0.294444,0.258889,0.261111,0.29,0.271111,0.263333,0.306667,0.534444,0.505556,0.432222,0.328889,0.491111,0.59,0.702222,0.841111,1.04222,1.32111,1.48222,1.80111,2.21444,2.77333,3.23111,3.46111,3.68778,4.08,3.63111,3.37444,3.07556,3.29667,3.53222,3.65889,3.40667,2.98889,2.70556,2.45556,2.52,2.58556,2.55667,2.48333,2.58222,2.46333,2.46222,2.42,2.39556,2.34333,2.32222,2.20333,2.35556,2.29556,2.43,2.32,2.39667,2.27222,2.24222,2.19778,2.13222,2.34222,2.39778,2.42556,2.49111,2.66556,2.54111,2.60111,2.77111,2.82889,2.84111,2.71667,2.4,2.23111,2.09222,2.06222,2.07444,2.06778,1.95222,1.95556,1.77333,1.71889,1.63111,1.67333,1.37778,1.21222,1.12556,1.02444,0.905556,0.855556,0.783333,0.804444,0.693333,0.635556,0.622222,0.61
202,,0.442222,0.37,0.336667,0.351111,0.314444,0.294444,0.26,0.261111,0.29,0.271111,0.264444,0.304444,0.534444,0.507778,0.432222,0.327778,0.492222,0.588889,0.706667,0.838889,1.04333,1.32222,1.48222,1.80333,2.21444,2.77667,3.23556,3.45889,3.69444,4.09111,3.69333,3.37444,3.07556,3.29667,3.53222,3.59667,3.39333,2.97778,2.71111,2.45556,2.52222,2.58667,2.55,2.48333,2.59,2.45667,2.46222,2.42222,2.39556,2.33889,2.32,2.20556,2.35778,2.29778,2.42667,2.31889,2.4,2.26778,2.24444,2.19556,2.13667,2.34111,2.4,2.42556,2.48889,2.66556,2.54556,2.59222,2.78222,2.82889,2.83667,2.71667,2.39556,2.23222,2.08778,2.06222,2.07778,2.06556,1.95,1.95778,1.77333,1.72111,1.62778,1.67444,1.37778,1.21222,1.12667,1.01889,0.91,0.852222,0.782222,0.807778,0.692222,0.635556,0.621111,0.613333
203,,0.441111,0.371111,0.334444,0.354444,0.311111,0.295556,0.261111,0.263333,0.286667,0.272222,0.263333,0.306667,0.533333,0.507778,0.431111,0.326667,0.494444,0.587778,0.706667,0.842222,1.04556,1.32,1.48444,1.81111,2.21111,2.77778,3.23778,3.45889,3.69889,4.09111,3.76222,3.30333,3.14667,3.29667,3.53222,3.52333,3.39,2.97778,2.71333,2.45667,2.51889,2.58778,2.54444,2.48333,2.59889,2.45,2.46444,2.42222,2.39111,2.34,2.31778,2.20667,2.36,2.29667,2.43444,2.31556,2.39333,2.27111,2.24778,2.18889,2.13556,2.33889,2.40556,2.42778,2.48889,2.66778,2.54333,2.59222,2.78333,2.83,2.83444,2.71889,2.39444,2.23222,2.08667,2.06,2.07889,2.06111,1.95222,1.96444,1.76889,1.71667,1.62333,1.67667,1.38333,1.20889,1.12556,1.02,0.91,0.851111,0.78,0.812222,0.687778,0.636667,0.623333,0.611111
204,,0.444444,0.37,0.336667,0.351111,0.314444,0.294444,0.258889,0.262222,0.288889,0.272222,0.262222,0.306667,0.534444,0.506667,0.431111,0.328889,0.491111,0.591111,0.705556,0.838889,1.04222,1.32333,1.48111,1.80222,2.21444,2.77667,3.23333,3.45778,3.69333,4.09,3.66667,3.37444,3.07556,3.29667,3.53222,3.62778,3.39111,2.98333,2.70556,2.45667,2.52333,2.58667,2.55,2.48556,2.58889,2.45667,2.46222,2.42222,2.39556,2.34,2.32,2.20667,2.35444,2.29778,2.42889,2.31667,2.39889,2.27111,2.24444,2.19444,2.13778,2.33778,2.40111,2.42667,2.48889,2.66333,2.54667,2.59333,2.77889,2.82667,2.84111,2.71667,2.39667,2.23,2.09,2.06444,2.07667,2.06444,1.95222,1.95667,1.77444,1.71889,1.63111,1.67111,1.37889,1.21333,1.12444,1.02222,0.908889,0.852222,0.782222,0.806667,0.693333,0.634444,0.622222,0.612222
205,,0.507778,0.371111,0.311111,0.35,0.322222,0.314444,0.297778,0.283333,0.294444,0.286667,0.307778,0.308889,0.403333,0.25,0.167778,0.163333,0.28,0.477778,0.48,0.494444,0.431111,0.407778,0.81,1.00444,1.12778,1.36444,2.13333,2.63222,2.70222,2.85333,3.10111,3.47222,3.44667,3.51,3.35667,2.86111,2.61333,2.63778,2.16222,2.03333,2.01889,2.17444,2.26444,2.26222,2.16667,2.18222,2.24,2.21444,2.22,2.1,2.04778,2.13667,2.25111,2.39333,2.48778,2.44556,2.40889,2.36444,2.37222,2.43667,2.5,2.71556,2.76889,2.87222,3.06222,3.31222,3.52889,3.63,3.72889,3.93667,4.06778,4.22556,3.99556,3.64556,3.11,2.93889,2.72444,2.34222,2.18111,2.02,1.91667,1.79889,1.76333,1.63111,1.46444,1.37111,1.11778,1.03222,0.953333,0.878889,0.797778,0.767778,0.714444,0.705556,0.605556,0.603333
206,,0.507778,0.372222,0.31,0.35,0.322222,0.315556,0.296667,0.283333,0.294444,0.288889,0.305556,0.308889,0.403333,0.25,0.17,0.161111,0.281111,0.476667,0.481111,0.494444,0.432222,0.406667,0.808889,1.00556,1.12667,1.36778,2.13222,2.63556,2.70111,2.85222,3.10444,3.47,3.44667,3.51333,3.35444,2.86,2.61222,2.63444,2.16556,2.03111,2.01889,2.17667,2.26444,2.25889,2.17111,2.18,2.23778,2.21889,2.22,2.09889,2.04778,2.13778,2.24889,2.39444,2.48778,2.44556,2.40778,2.36333,2.37333,2.43556,2.50222,2.71444,2.77,2.87333,3.06111,3.31111,3.53,3.63444,3.73,3.93444,4.06778,4.22444,3.99667,3.64111,3.11111,2.94,2.72333,2.34556,2.17444,2.02111,1.91889,1.80111,1.75889,1.63333,1.46222,1.37111,1.11667,1.03333,0.953333,0.877778,0.798889,0.766667,0.715556,0.705556,0.604444,0.603333
207,,0.504444,0.381111,0.31,0.348889,0.323333,0.316667,0.296667,0.282222,0.288889,0.29,0.306667,0.311111,0.398889,0.256667,0.167778,0.161111,0.28,0.478889,0.473333,0.5,0.433333,0.398889,0.804444,1.01222,1.11667,1.36111,2.12333,2.62111,2.70333,2.85889,3.07556,3.46111,3.45333,3.49889,3.38889,2.85444,2.63111,2.63889,2.16222,2.04333,2.01222,2.17222,2.26778,2.26,2.17333,2.18222,2.22667,2.21667,2.23111,2.1,2.04222,2.13,2.26111,2.39,2.47778,2.44778,2.40778,2.37556,2.36667,2.43778,2.49667,2.69667,2.76667,2.88556,3.05444,3.31333,3.51444,3.62,3.72333,3.94444,4.05,4.21222,4.02333,3.65111,3.12333,2.94444,2.73333,2.35222,2.18333,2.02444,1.92222,1.78556,1.77444,1.62556,1.47556,1.36111,1.12556,1.03556,0.96,0.871111,0.796667,0.777778,0.717778,0.698889,0.613333,0.598889
208,,0.515556,0.377778,0.312222,0.347778,0.322222,0.316667,0.298889,0.281111,0.288889,0.291111,0.305556,0.308889,0.4,0.256667,0.17,0.16,0.277778,0.477778,0.477778,0.498889,0.431111,0.396667,0.802222,1.00667,1.12111,1.35667,2.11111,2.62556,2.69222,2.85778,3.07222,3.45,3.46,3.5,3.4,2.86111,2.62778,2.64222,2.16556,2.04333,2.01111,2.16667,2.27333,2.26333,2.17,2.18333,2.22778,2.22111,2.22111,2.1,2.04,2.13444,2.26,2.38667,2.48222,2.44444,2.41222,2.37111,2.36333,2.44222,2.49111,2.70667,2.76111,2.88889,3.03667,3.32111,3.51111,3.61778,3.70667,3.94444,4.04222,4.20778,4.03889,3.66222,3.13111,2.94333,2.74222,2.35444,2.19111,2.02,1.92444,1.79111,1.76889,1.62778,1.47333,1.36333,1.13111,1.03556,0.961111,0.87,0.796667,0.775556,0.718889,0.701111,0.617778,0.591111
209,,0.511111,0.378889,0.311111,0.347778,0.322222,0.316667,0.298889,0.281111,0.288889,0.291111,0.306667,0.308889,0.4,0.255556,0.17,0.16,0.278889,0.478889,0.475556,0.498889,0.433333,0.395556,0.802222,1.01333,1.11667,1.35778,2.11333,2.63,2.69111,2.85778,3.07333,3.45333,3.45778,3.49778,3.4,2.85667,2.62667,2.64667,2.16111,2.04111,2.01444,2.16667,2.27444,2.26111,2.17111,2.18444,2.22556,2.22111,2.22,2.10222,2.04111,2.13667,2.25444,2.39,2.48222,2.44222,2.41444,2.37,2.36444,2.44111,2.49333,2.70444,2.76667,2.88444,3.04111,3.31667,3.51556,3.61889,3.70889,3.94778,4.04111,4.20889,4.03556,3.66111,3.12778,2.94444,2.73889,2.35111,2.19,2.02111,1.92556,1.78778,1.76889,1.63,1.47333,1.36111,1.13222,1.03444,0.961111,0.868889,0.798889,0.774444,0.722222,0.698889,0.615556,0.594444
210,,0.536667,0.377778,0.344444,0.338889,0.283333,0.302222,0.27,0.291111,0.243333,0.255556,0.264444,0.268889,0.478889,0.33,0.248889,0.264444,0.348889,0.436667,0.482222,0.511111,0.638889,0.901111,1.04,1.35444,1.68778,2.13444,2.52778,2.74778,2.91111,3.15333,3.45111,3.50444,3.19333,3.11111,3.10222,2.99556,2.83444,2.44889,2.15889,2.01111,2.10556,2.19222,2.30333,2.19778,2.23889,2.20111,2.19556,2.17778,2.17889,2.20667,2.10667,2.03111,2.18667,2.36333,2.37889,2.4,2.42444,2.36111,2.29556,2.32333,2.4,2.63111,2.80444,2.93889,2.85222,2.99444,3.02111,3.05444,3.15111,3.50667,3.67,3.58,3.52889,3.04444,2.70333,2.75889,2.54333,2.37111,2.18889,2.16,2.01667,1.91778,1.81667,1.77667,1.58667,1.43222,1.29778,1.22444,1.09556,0.975556,0.914444,0.896667,0.771111,0.811111,0.682222,0.717778
211,,0.53,0.376667,0.346667,0.336667,0.286667,0.298889,0.271111,0.291111,0.243333,0.258889,0.262222,0.27,0.477778,0.33,0.254444,0.256667,0.348889,0.441111,0.478889,0.514444,0.64,0.896667,1.04111,1.36111,1.69667,2.13333,2.52778,2.75556,2.91222,3.15667,3.46,3.50556,3.18333,3.11333,3.10778,2.98778,2.83333,2.44,2.15556,2.01111,2.09556,2.20444,2.30111,2.20333,2.23778,2.20444,2.18556,2.18556,2.16889,2.20556,2.10889,2.03,2.18889,2.37111,2.37111,2.40889,2.41778,2.36778,2.28778,2.32556,2.40444,2.63333,2.81333,2.93889,2.84778,2.99,3.02556,3.05778,3.15333,3.51444,3.67333,3.57444,3.52333,3.03556,2.70444,2.75222,2.54556,2.37444,2.17778,2.16556,2.01333,1.91444,1.81556,1.77889,1.58444,1.43222,1.29556,1.21889,1.09778,0.973333,0.917778,0.893333,0.77,0.817778,0.674444,0.724444
212,,0.525556,0.375556,0.348889,0.334444,0.287778,0.297778,0.271111,0.294444,0.242222,0.256667,0.262222,0.273333,0.477778,0.33,0.25,0.258889,0.351111,0.442222,0.477778,0.516667,0.642222,0.894444,1.05333,1.35333,1.7,2.14889,2.52444,2.76,2.91667,3.16111,3.47222,3.49778,3.16667,3.12,3.11,2.98444,2.82222,2.44111,2.15556,2.00778,2.09667,2.21333,2.29667,2.19889,2.24333,2.19889,2.18222,2.19556,2.16556,2.20333,2.11444,2.02889,2.18889,2.36333,2.37111,2.41667,2.42889,2.35444,2.29111,2.32222,2.41,2.63111,2.81778,2.94556,2.83889,2.99556,3.01667,3.06333,3.16556,3.51889,3.67667,3.57111,3.51556,3.01778,2.71556,2.75444,2.53889,2.37222,2.16778,2.16444,2.02111,1.91222,1.81222,1.77333,1.58444,1.42667,1.30444,1.21667,1.09,0.98,0.916667,0.885556,0.776667,0.817778,0.672222,0.722222
213,,0.532222,0.376667,0.345556,0.337778,0.286667,0.298889,0.272222,0.29,0.243333,0.256667,0.264444,0.271111,0.475556,0.332222,0.248889,0.262222,0.347778,0.44,0.48,0.512222,0.642222,0.896667,1.04111,1.36,1.69222,2.12889,2.52889,2.75444,2.91444,3.14889,3.45667,3.50667,3.19111,3.10889,3.10667,2.99,2.83667,2.44222,2.16111,2.00889,2.1,2.19333,2.31111,2.19556,2.23556,2.20444,2.19222,2.18111,2.17667,2.20111,2.10444,2.03444,2.19222,2.36333,2.37556,2.40667,2.42,2.36333,2.28889,2.32778,2.40111,2.63333,2.80556,2.94444,2.84556,2.99667,3.02111,3.05889,3.15333,3.50556,3.67444,3.57556,3.52889,3.03667,2.70556,2.75444,2.54667,2.37,2.18333,2.16556,2.01222,1.91556,1.82,1.77444,1.58444,1.43222,1.29778,1.22111,1.09889,0.971111,0.915556,0.896667,0.771111,0.816667,0.675556,0.722222
214,,0.528889,0.375556,0.347778,0.335556,0.286667,0.298889,0.271111,0.294444,0.243333,0.256667,0.262222,0.271111,0.478889,0.327778,0.253333,0.257778,0.35,0.441111,0.477778,0.516667,0.64,0.896667,1.04778,1.36,1.69444,2.14,2.52667,2.75556,2.91556,3.16,3.46222,3.50333,3.17556,3.11222,3.11333,2.98556,2.83222,2.43889,2.15667,2.00333,2.10111,2.20667,2.30333,2.19778,2.23889,2.20556,2.18222,2.18556,2.17667,2.2,2.11333,2.02333,2.19333,2.36444,2.37333,2.41111,2.42222,2.36333,2.28778,2.32444,2.41111,2.62778,2.81667,2.94222,2.84222,2.99333,3.02222,3.06,3.15889,3.51667,3.67667,3.56889,3.52222,3.02778,2.70889,2.75778,2.54,2.37111,2.17222,2.16556,2.02,1.90889,1.82111,1.77556,1.58333,1.42889,1.29556,1.21778,1.09667,0.975556,0.918889,0.888889,0.773333,0.817778,0.673333,0.723333
215,,0.428889,0.35,0.327778,0.293333,0.297778,0.225556,0.246667,0.225556,0.228889,0.265556,0.292222,0.298889,0.45,0.487778,0.348889,0.32,0.425556,0.585556,0.644444,0.733333,0.757778,1.01556,1.49778,1.53222,1.79333,2.33,3.12889,3.78778,3.84333,3.75222,4.39111,4.57444,4.41889,4.21111,3.98,3.45667,3.48333,3.26222,2.58444,2.44778,2.39,2.35,2.30667,2.33222,2.38111,2.21889,2.27111,2.29444,2.20333,2.23667,2.14111,2.11333,2.12111,2.20444,2.24222,2.22778,2.18667,2.20889,2.23444,2.10889,2.06889,2.27444,2.33,2.42222,2.61111,2.73444,2.74111,2.88111,2.80444,3.15667,3.07778,3.02889,2.62667,2.39111,2.27333,2.18667,2.08444,1.97556,1.83333,1.81111,1.63111,1.58,1.44778,1.43222,1.31778,1.15333,0.975556,0.906667,0.808889,0.771111,0.631111,0.678889,0.576667,0.573333,0.58,0.523333
216,,0.433333,0.354444,0.32,0.302222,0.295556,0.228889,0.244444,0.226667,0.228889,0.265556,0.284444,0.304444,0.447778,0.48,0.353333,0.327778,0.42,0.573333,0.646667,0.724444,0.757778,1.00556,1.48333,1.51778,1.78111,2.30111,3.08667,3.74,3.87556,3.72889,4.30444,4.57,4.45556,4.22889,4.04667,3.45111,3.50222,3.27333,2.61,2.47444,2.38667,2.34444,2.30667,2.31889,2.4,2.21444,2.28333,2.28111,2.22111,2.23444,2.12778,2.12,2.12778,2.19667,2.24889,2.21222,2.18889,2.21667,2.24556,2.10556,2.05667,2.26333,2.34222,2.40444,2.61,2.73,2.72222,2.88222,2.80667,3.16222,3.07444,3.02667,2.63667,2.42889,2.27,2.18889,2.09333,1.97556,1.83667,1.82111,1.63222,1.57111,1.45778,1.45222,1.30556,1.16444,0.975556,0.911111,0.823333,0.766667,0.636667,0.678889,0.577778,0.572222,0.575556,0.528889
217,,0.428889,0.353333,0.323333,0.296667,0.297778,0.226667,0.245556,0.226667,0.228889,0.262222,0.291111,0.303333,0.445556,0.488889,0.347778,0.323333,0.42,0.582222,0.644444,0.733333,0.754444,1.01667,1.49,1.52556,1.78444,2.31778,3.11111,3.77,3.85556,3.74111,4.35222,4.56778,4.43667,4.22,4.01556,3.45444,3.48556,3.27,2.59333,2.46667,2.38667,2.34556,2.30111,2.33556,2.38778,2.21556,2.28111,2.28889,2.20444,2.23333,2.13667,2.12,2.12556,2.20556,2.23556,2.22556,2.18556,2.21333,2.23444,2.11222,2.06333,2.26889,2.33444,2.42444,2.59444,2.73556,2.74,2.87556,2.81,3.15222,3.07778,3.02444,2.63667,2.41778,2.26556,2.18556,2.09556,1.96778,1.83111,1.82333,1.62556,1.58222,1.45,1.43444,1.31556,1.15778,0.978889,0.902222,0.814444,0.774444,0.631111,0.68,0.578889,0.576667,0.576667,0.523333
218,,0.43,0.346667,0.331111,0.291111,0.296667,0.225556,0.246667,0.226667,0.228889,0.264444,0.292222,0.298889,0.453333,0.485556,0.347778,0.32,0.427778,0.584444,0.648889,0.73,0.758889,1.01889,1.49778,1.53222,1.79667,2.33444,3.12444,3.79889,3.83889,3.75556,4.40111,4.57667,4.41778,4.20222,3.97444,3.45667,3.48556,3.25444,2.58667,2.44778,2.38667,2.35222,2.30444,2.33222,2.37556,2.22778,2.26222,2.29667,2.20444,2.24222,2.13444,2.11556,2.12222,2.20444,2.24333,2.23,2.18333,2.20889,2.23111,2.11111,2.06778,2.28222,2.32444,2.42444,2.61111,2.73444,2.73889,2.88333,2.80222,3.16,3.07444,3.03,2.62444,2.39111,2.27333,2.19,2.08,1.97667,1.83111,1.80667,1.63444,1.58222,1.44778,1.43,1.31889,1.15222,0.973333,0.908889,0.806667,0.771111,0.631111,0.677778,0.576667,0.573333,0.581111,0.522222
219,,0.433333,0.353333,0.321111,0.301111,0.295556,0.231111,0.242222,0.226667,0.23,0.264444,0.284444,0.305556,0.446667,0.482222,0.351111,0.327778,0.421111,0.573333,0.647778,0.725556,0.755556,1.00444,1.48333,1.52,1.78222,2.30111,3.08778,3.74333,3.87444,3.73,4.30333,4.57111,4.45556,4.22889,4.04667,3.44778,3.50222,3.27556,2.61,2.47111,2.38556,2.34556,2.30889,2.31889,2.39778,2.21667,2.28111,2.28444,2.21778,2.23667,2.12556,2.12,2.12889,2.19667,2.25,2.20889,2.19111,2.21667,2.24444,2.10444,2.05667,2.26556,2.34,2.40556,2.61,2.73,2.72333,2.88222,2.80556,3.16222,3.07667,3.02444,2.63556,2.42889,2.27111,2.18778,2.09333,1.97778,1.83667,1.82,1.63111,1.57444,1.45222,1.45333,1.30667,1.16333,0.975556,0.91,0.824444,0.767778,0.634444,0.678889,0.58,0.572222,0.575556,0.527778
220,,0.433333,0.35,0.322222,0.303333,0.295556,0.227778,0.246667,0.223333,0.23,0.265556,0.284444,0.305556,0.445556,0.484444,0.347778,0.328889,0.42,0.576667,0.646667,0.725556,0.754444,1.01556,1.47444,1.52444,1.78,2.30667,3.09222,3.74667,3.86889,3.73333,4.31111,4.57,4.45667,4.22333,4.04222,3.45556,3.49556,3.27333,2.60889,2.47,2.38667,2.34222,2.30556,2.32444,2.39556,2.21778,2.28444,2.27778,2.21778,2.23444,2.13556,2.11667,2.12333,2.20444,2.24444,2.21,2.19222,2.21444,2.24667,2.10667,2.05111,2.27333,2.33778,2.40889,2.60333,2.73222,2.72778,2.87889,2.80667,3.15444,3.08333,3.02444,2.63556,2.42444,2.27111,2.18778,2.09222,1.97778,1.83667,1.82222,1.62444,1.58,1.45333,1.44556,1.31111,1.16,0.975556,0.911111,0.822222,0.768889,0.635556,0.676667,0.582222,0.574444,0.575556,0.525556
221,,0.424444,0.351111,0.33,0.288889,0.296667,0.228889,0.243333,0.227778,0.23,0.263333,0.293333,0.295556,0.454444,0.487778,0.346667,0.32,0.431111,0.583333,0.646667,0.733333,0.761111,1.02222,1.49333,1.54222,1.79333,2.34667,3.13222,3.80667,3.83889,3.75778,4.41556,4.57111,4.41889,4.19778,3.96111,3.44667,3.49333,3.25,2.57444,2.45333,2.38556,2.35222,2.30444,2.33222,2.37222,2.23889,2.25,2.3,2.20222,2.25333,2.12333,2.11222,2.13222,2.20222,2.24222,2.22889,2.18111,2.20667,2.23778,2.10222,2.07667,2.28222,2.32667,2.42222,2.61111,2.73556,2.74111,2.88,2.80778,3.16,3.07889,3.02889,2.62111,2.38,2.28778,2.18111,2.08222,1.97667,1.82222,1.80556,1.62556,1.58667,1.45111,1.43,1.31,1.15889,0.972222,0.906667,0.806667,0.767778,0.633333,0.675556,0.575556,0.578889,0.576667,0.523333
222,,0.426667,0.35,0.331111,0.288889,0.296667,0.227778,0.244444,0.226667,0.23,0.264444,0.293333,0.295556,0.454444,0.486667,0.346667,0.321111,0.431111,0.582222,0.646667,0.734444,0.761111,1.02222,1.49333,1.53889,1.79556,2.34556,3.13,3.80667,3.83667,3.75667,4.41667,4.57,4.42111,4.19778,3.96222,3.44556,3.49444,3.25222,2.57222,2.45556,2.38667,2.35111,2.30667,2.33,2.37222,2.23556,2.25111,2.30111,2.20444,2.25,2.12333,2.11444,2.13111,2.20333,2.24111,2.22889,2.17889,2.21,2.23556,2.10556,2.07333,2.28333,2.32667,2.42333,2.61,2.73667,2.73889,2.88,2.80778,3.16222,3.07667,3.03111,2.61889,2.38444,2.28444,2.18222,2.08111,1.97556,1.82222,1.80556,1.63,1.58667,1.44778,1.43222,1.31,1.15667,0.972222,0.907778,0.808889,0.766667,0.634444,0.675556,0.575556,0.578889,0.574444,0.523333
223,,0.432222,0.353333,0.321111,0.303333,0.293333,0.231111,0.243333,0.226667,0.228889,0.265556,0.285556,0.303333,0.446667,0.483333,0.35,0.328889,0.42,0.574444,0.646667,0.726667,0.754444,1.00889,1.47889,1.52333,1.78111,2.30333,3.08778,3.74556,3.87111,3.73222,4.30556,4.57111,4.45556,4.22778,4.04556,3.45,3.49778,3.27667,2.60889,2.47222,2.38556,2.34556,2.30667,2.32,2.39556,2.21889,2.28444,2.27889,2.22,2.23556,2.12778,2.11778,2.12889,2.20111,2.24667,2.21,2.18778,2.21778,2.24444,2.10556,2.05444,2.27111,2.33778,2.40333,2.61111,2.72778,2.72556,2.88333,2.80667,3.15889,3.07667,3.02556,2.63778,2.42889,2.27111,2.18556,2.09222,1.97667,1.83667,1.82222,1.62889,1.57444,1.45333,1.45222,1.30778,1.16111,0.976667,0.911111,0.822222,0.768889,0.633333,0.68,0.581111,0.571111,0.577778,0.525556
224,,0.433333,0.353333,0.321111,0.303333,0.293333,0.231111,0.243333,0.225556,0.23,0.265556,0.285556,0.303333,0.446667,0.483333,0.35,0.327778,0.421111,0.574444,0.646667,0.726667,0.754444,1.00667,1.48111,1.52222,1.78222,2.30111,3.08778,3.74444,3.87222,3.73222,4.30444,4.57111,4.45556,4.22889,4.04556,3.45,3.49889,3.27778,2.60889,2.47,2.38667,2.34333,2.31,2.31889,2.39556,2.21778,2.28333,2.28111,2.22,2.23556,2.12778,2.11778,2.13,2.19889,2.24778,2.21,2.18889,2.21778,2.24444,2.10556,2.05444,2.26889,2.33778,2.40444,2.61111,2.72889,2.72444,2.88333,2.80444,3.16111,3.07667,3.02556,2.63667,2.42889,2.27222,2.18667,2.09111,1.97778,1.83556,1.82111,1.63,1.57556,1.45222,1.45333,1.30667,1.16222,0.976667,0.911111,0.822222,0.767778,0.634444,0.678889,0.581111,0.571111,0.578889,0.524444
225,,0.431111,0.348889,0.323333,0.301111,0.294444,0.228889,0.246667,0.224444,0.23,0.263333,0.286667,0.304444,0.445556,0.487778,0.346667,0.326667,0.42,0.581111,0.646667,0.724444,0.752222,1.02222,1.48444,1.51889,1.78,2.31111,3.10222,3.75556,3.86111,3.73667,4.32889,4.56778,4.45222,4.22111,4.03,3.46111,3.49,3.26889,2.60778,2.46111,2.39333,2.34889,2.29444,2.32444,2.39778,2.21222,2.28667,2.28333,2.21222,2.23333,2.13333,2.12,2.12222,2.21333,2.23111,2.21889,2.19444,2.20667,2.24222,2.11222,2.05556,2.27333,2.33222,2.41333,2.60222,2.73111,2.73778,2.87111,2.81222,3.15667,3.08,3.02556,2.63667,2.41667,2.27444,2.18444,2.08667,1.97667,1.83889,1.82333,1.62667,1.58111,1.44889,1.44111,1.31667,1.15222,0.976667,0.911111,0.817778,0.771111,0.635556,0.674444,0.582222,0.574444,0.578889,0.525556
226,,0.372222,0.322222,0.32,0.296667,0.275556,0.266667,0.251111,0.252222,0.265556,0.244444,0.235556,0.271111,0.577778,0.525556,0.5,0.376667,0.508889,0.652222,0.742222,0.876667,1.08667,1.33778,1.68778,1.96111,2.39889,2.93889,3.53889,3.90222,3.71444,4.09889,4.07111,2.79889,4.17778,4.14667,3.71111,3.8,3.33889,3.29889,2.61111,2.60222,2.64444,2.56444,2.59778,2.61222,2.52889,2.41111,2.45222,2.4,2.36,2.34111,2.24333,2.27778,2.35333,2.32333,2.34667,2.32111,2.31889,2.17556,2.17111,2.03667,1.99556,2.18444,2.29111,2.30444,2.37222,2.54111,2.33,2.48778,2.57444,2.62333,2.53,2.43,2.12556,2.07667,1.93111,1.85556,1.93111,1.83667,1.82222,1.77556,1.64111,1.60333,1.49444,1.49778,1.29111,1.15222,1.05667,0.881111,0.865556,0.792222,0.694444,0.755556,0.574444,0.548889,0.538889,0.546667
227,,0.377778,0.322222,0.316667,0.3,0.276667,0.264444,0.25,0.255556,0.265556,0.241111,0.236667,0.272222,0.576667,0.526667,0.498889,0.38,0.505556,0.65,0.74,0.877778,1.08667,1.33333,1.68222,1.96333,2.39222,2.92778,3.52222,3.77333,3.84444,4.05778,3.98222,2.92778,4.17778,4.14444,3.70667,3.79778,3.36111,3.30556,2.61889,2.6,2.64333,2.55889,2.60889,2.60333,2.53222,2.41556,2.44556,2.40778,2.36333,2.33333,2.24889,2.27333,2.36222,2.32111,2.34778,2.31333,2.32,2.17778,2.17778,2.03222,1.98778,2.18444,2.29667,2.30778,2.37,2.53778,2.33,2.48,2.58,2.62556,2.53,2.42889,2.12667,2.09,1.91556,1.86,1.92667,1.85,1.81667,1.77111,1.65222,1.60444,1.49333,1.49556,1.29222,1.15333,1.05667,0.883333,0.862222,0.794444,0.7,0.747778,0.573333,0.554444,0.538889,0.544444
228,,0.523333,0.384444,0.355556,0.358889,0.331111,0.29,0.304444,0.24,0.267778,0.273333,0.274444,0.338889,0.533333,0.335556,0.254444,0.246667,0.38,0.438889,0.483333,0.548889,0.562222,0.657778,0.99,1.23889,1.43222,1.86222,2.44889,2.89889,2.84556,3.07667,3.43,3.71444,3.61778,3.59667,3.18556,2.96,2.88,2.58,2.36556,2.24667,2.27111,2.37444,2.29444,2.27111,2.33,2.26444,2.32111,2.28889,2.38778,2.26889,2.22333,2.23778,2.37889,2.42889,2.58111,2.42667,2.44111,2.53667,2.44667,2.38111,2.46,2.69889,2.84667,2.78333,2.78111,2.72889,2.83333,2.92111,2.96556,2.95111,2.81333,3.24444,2.71889,2.46111,2.69556,2.71667,2.56444,2.51333,2.30222,2.19889,1.97556,1.91444,1.77333,1.74667,1.64222,1.37222,1.18889,1.06333,1.06778,0.983333,0.872222,0.821111,0.776667,0.753333,0.69,0.607778
229,,0.525556,0.382222,0.353333,0.365556,0.328889,0.287778,0.305556,0.236667,0.271111,0.27,0.28,0.334444,0.532222,0.338889,0.253333,0.246667,0.38,0.445556,0.481111,0.55,0.558889,0.657778,0.993333,1.24222,1.43556,1.87111,2.45111,2.90556,2.84667,3.08,3.44778,3.72,3.60667,3.58778,3.18667,2.95778,2.86667,2.58444,2.36778,2.24444,2.26556,2.37889,2.28667,2.27333,2.32667,2.26111,2.32778,2.28778,2.38778,2.26889,2.22556,2.23778,2.38,2.43111,2.57667,2.42889,2.44333,2.53667,2.45,2.37778,2.45444,2.72,2.82889,2.78889,2.78,2.72556,2.84333,2.92444,2.96444,2.94333,2.81556,3.26222,2.69111,2.46778,2.69556,2.72333,2.56333,2.49889,2.30444,2.20222,1.96889,1.91444,1.77556,1.75,1.63556,1.36111,1.19333,1.06778,1.06333,0.978889,0.871111,0.824444,0.773333,0.751111,0.697778,0.597778
230,,0.517778,0.378889,0.355556,0.358889,0.33,0.292222,0.3,0.235556,0.275556,0.27,0.274444,0.34,0.535556,0.337778,0.25,0.245556,0.383333,0.448889,0.492222,0.54,0.564444,0.657778,1.01667,1.23111,1.46333,1.88,2.47,2.91222,2.86778,3.08667,3.47889,3.71778,3.61667,3.56222,3.15111,2.96222,2.84222,2.56889,2.37778,2.24333,2.27333,2.37667,2.27111,2.29222,2.32444,2.27889,2.29556,2.30778,2.37222,2.28,2.20667,2.25,2.37667,2.44667,2.55778,2.44556,2.42111,2.55333,2.44667,2.38556,2.45,2.72333,2.84222,2.79444,2.77111,2.73444,2.86556,2.91778,2.96444,2.93333,2.81222,3.29222,2.62222,2.50333,2.68889,2.72778,2.54556,2.51444,2.26444,2.21,1.96111,1.93333,1.75222,1.75111,1.62444,1.37222,1.17,1.07667,1.05222,0.976667,0.875556,0.821111,0.768889,0.743333,0.701111,0.602222
231,,0.516667,0.377778,0.354444,0.36,0.328889,0.292222,0.301111,0.237778,0.272222,0.271111,0.278889,0.334444,0.535556,0.34,0.247778,0.245556,0.384444,0.45,0.49,0.54,0.565556,0.657778,1.01889,1.23333,1.46222,1.88333,2.47111,2.91222,2.86778,3.08556,3.48556,3.71667,3.62222,3.55222,3.15,2.96333,2.84333,2.56889,2.38,2.23778,2.27333,2.37556,2.27222,2.29222,2.32444,2.28111,2.29111,2.31556,2.36444,2.28111,2.20889,2.24667,2.38222,2.44778,2.55111,2.44667,2.42444,2.54778,2.45222,2.38556,2.45111,2.72,2.84889,2.78889,2.77444,2.73222,2.86778,2.91556,2.96889,2.93,2.81222,3.29667,2.61667,2.50444,2.68667,2.72667,2.54444,2.51778,2.26111,2.20889,1.96667,1.93333,1.74444,1.75333,1.62667,1.36889,1.17111,1.07444,1.05444,0.975556,0.874444,0.822222,0.767778,0.744444,0.701111,0.602222
232,,0.521111,0.384444,0.355556,0.358889,0.331111,0.29,0.305556,0.238889,0.268889,0.272222,0.276667,0.336667,0.533333,0.335556,0.255556,0.245556,0.38,0.442222,0.483333,0.546667,0.561111,0.658889,0.991111,1.24111,1.43222,1.86333,2.45,2.89778,2.84889,3.07778,3.43444,3.71444,3.61444,3.59111,3.19222,2.95444,2.88111,2.57889,2.36444,2.25,2.27111,2.37111,2.29444,2.26889,2.33222,2.26556,2.32,2.28889,2.38667,2.26889,2.22556,2.23333,2.38222,2.42556,2.58333,2.42889,2.44,2.53556,2.44556,2.38889,2.45,2.70556,2.84556,2.78222,2.78222,2.72889,2.83667,2.92111,2.96444,2.94778,2.81556,3.24889,2.71222,2.46,2.69444,2.72333,2.56556,2.50778,2.30111,2.2,1.97556,1.91222,1.77889,1.74111,1.64111,1.37111,1.19111,1.06333,1.06778,0.982222,0.871111,0.822222,0.775556,0.754444,0.693333,0.604444
233,,0.525556,0.381111,0.354444,0.364444,0.328889,0.287778,0.306667,0.236667,0.271111,0.27,0.278889,0.335556,0.532222,0.338889,0.253333,0.246667,0.38,0.444444,0.481111,0.55,0.558889,0.658889,0.993333,1.24222,1.43556,1.86889,2.45222,2.90444,2.84667,3.08,3.44556,3.71778,3.60889,3.58667,3.18778,2.95778,2.87,2.58444,2.36444,2.24778,2.26556,2.37778,2.28889,2.27222,2.32778,2.25889,2.32889,2.28778,2.38778,2.26889,2.22556,2.23556,2.38111,2.43111,2.57778,2.42889,2.44111,2.53556,2.45111,2.37889,2.45222,2.72,2.83,2.78778,2.78222,2.72444,2.84444,2.92333,2.96444,2.94444,2.81556,3.26222,2.68889,2.46889,2.69556,2.72222,2.56444,2.5,2.30222,2.20556,1.96667,1.91556,1.77556,1.74889,1.63667,1.36222,1.19333,1.06778,1.06444,0.978889,0.871111,0.823333,0.773333,0.752222,0.696667,0.598889
234,,0.516667,0.378889,0.354444,0.358889,0.33,0.292222,0.301111,0.234444,0.275556,0.27,0.277778,0.336667,0.535556,0.338889,0.248889,0.245556,0.383333,0.451111,0.49,0.54,0.565556,0.656667,1.01889,1.23111,1.46111,1.88333,2.47,2.91222,2.86778,3.08778,3.47889,3.71667,3.62111,3.55778,3.15,2.96222,2.84444,2.56556,2.38,2.24222,2.27444,2.37444,2.27556,2.28778,2.32778,2.27667,2.29444,2.31222,2.36889,2.28111,2.20778,2.24778,2.37778,2.44889,2.55556,2.44444,2.42,2.55333,2.44889,2.38667,2.44889,2.72222,2.84667,2.79111,2.77222,2.73333,2.86778,2.91444,2.96667,2.93667,2.80889,3.29333,2.61889,2.50333,2.69,2.72556,2.54556,2.51556,2.26444,2.21,1.96333,1.93556,1.74667,1.75222,1.62667,1.36889,1.17222,1.07333,1.05444,0.975556,0.874444,0.822222,0.768889,0.744444,0.701111,0.602222
235,,0.524444,0.385556,0.358889,0.353333,0.334444,0.294444,0.302222,0.241111,0.266667,0.274444,0.268889,0.342222,0.524444,0.347778,0.253333,0.246667,0.37,0.442222,0.481111,0.547778,0.558889,0.662222,0.986667,1.22222,1.42444,1.85222,2.41333,2.90778,2.84333,3.06,3.40667,3.70222,3.62222,3.61889,3.19667,2.97111,2.88778,2.59556,2.37111,2.23889,2.28444,2.36444,2.30111,2.26111,2.33,2.27444,2.30778,2.29889,2.38333,2.28111,2.21778,2.23,2.37444,2.42889,2.57778,2.43222,2.45444,2.52778,2.44667,2.37889,2.46667,2.68444,2.85333,2.78,2.77111,2.73222,2.82556,2.84111,2.86333,2.86222,3.08111,2.88222,3.03111,2.52444,2.69556,2.69889,2.59222,2.49444,2.33111,2.18444,1.97667,1.93222,1.78,1.74444,1.64778,1.37556,1.18778,1.06889,1.07667,0.973333,0.88,0.816667,0.785556,0.756667,0.694444,0.605556
236,,0.517778,0.381111,0.354444,0.36,0.328889,0.292222,0.298889,0.236667,0.274444,0.272222,0.274444,0.34,0.534444,0.338889,0.25,0.245556,0.383333,0.447778,0.488889,0.542222,0.566667,0.655556,1.01444,1.22778,1.46333,1.87778,2.46778,2.91556,2.85889,3.08889,3.47222,3.72111,3.61556,3.56333,3.16111,2.95556,2.85,2.56778,2.37444,2.24667,2.27111,2.37889,2.26889,2.29778,2.32111,2.27111,2.30222,2.30556,2.37889,2.27333,2.21111,2.24,2.38889,2.44333,2.55889,2.44444,2.42444,2.55111,2.44333,2.38778,2.45444,2.72111,2.83556,2.79111,2.77333,2.73444,2.86778,2.91778,2.96111,2.93667,2.81222,3.28778,2.63333,2.49778,2.69,2.73,2.54333,2.51444,2.26889,2.20889,1.96,1.92889,1.75889,1.74889,1.62778,1.36778,1.17556,1.07556,1.05222,0.977778,0.877778,0.82,0.768889,0.743333,0.703333,0.6
237,,0.517778,0.383333,0.351111,0.364444,0.324444,0.291111,0.303333,0.235556,0.275556,0.268889,0.277778,0.335556,0.535556,0.34,0.25,0.247778,0.38,0.448889,0.484444,0.544444,0.568889,0.65,1.01,1.23444,1.45778,1.87556,2.45444,2.91,2.85444,3.09333,3.45556,3.72889,3.60444,3.58111,3.17111,2.95111,2.84778,2.58,2.37222,2.25111,2.26333,2.37444,2.28,2.28889,2.32111,2.27222,2.30889,2.30111,2.38333,2.26667,2.21333,2.24556,2.38444,2.44333,2.56333,2.43222,2.43889,2.54444,2.44444,2.38778,2.45556,2.71111,2.83333,2.79,2.78222,2.72889,2.85889,2.92,2.95667,2.94778,2.81333,3.28333,2.64778,2.49222,2.68778,2.72111,2.55444,2.50333,2.28889,2.20556,1.97,1.91444,1.76778,1.75111,1.62778,1.36222,1.18556,1.07111,1.06,0.972222,0.878889,0.822222,0.772222,0.742222,0.705556,0.6
238,,0.523333,0.385556,0.36,0.352222,0.336667,0.294444,0.302222,0.242222,0.265556,0.273333,0.271111,0.341111,0.524444,0.347778,0.255556,0.248889,0.364444,0.441111,0.482222,0.544444,0.558889,0.662222,0.981111,1.22111,1.42222,1.84556,2.39667,2.91778,2.85,3.04222,3.40222,3.69222,3.63,3.62333,3.20667,2.97,2.89222,2.60222,2.37778,2.22889,2.28556,2.35444,2.31556,2.25333,2.33889,2.25778,2.31667,2.29889,2.38889,2.28,2.21667,2.22444,2.37778,2.42111,2.58444,2.43667,2.44556,2.51889,2.46,2.38111,2.46222,2.68444,2.85,2.66222,2.64,2.81333,2.74444,2.84111,2.86333,2.86222,3.27778,2.68556,3.03111,2.77222,2.69222,2.70556,2.58778,2.5,2.33556,2.18444,1.98333,1.94,1.77778,1.73889,1.64556,1.38222,1.19222,1.07222,1.07556,0.968889,0.887778,0.816667,0.781111,0.76,0.693333,0.607778
239,,0.595556,0.488889,0.433333,0.426667,0.368889,0.326667,0.363333,0.293333,0.338889,0.317778,0.302222,0.342222,0.283333,0.178889,0.133333,0.118889,0.257778,0.395556,0.416667,0.418889,0.367778,0.265556,0.458889,0.63,0.816667,0.993333,1.34889,1.82,1.89,1.97667,2.30778,2.58444,2.59889,2.60333,2.47444,2.24,2.25111,2.23111,2.10222,1.99444,2.16556,2.29222,2.23,2.30222,2.27667,2.39667,2.35111,2.32,2.3,2.41556,2.26667,2.40667,2.38222,2.53889,2.58222,2.66111,2.55,2.76556,2.70667,2.70778,2.86222,2.82222,3.01889,3.04,3.12,3.30889,3.50556,3.45556,3.55444,4.05778,3.98889,3.94,3.72111,3.35111,3.15556,3.07889,2.89333,2.84667,2.49889,2.50333,2.30889,2.2,2.12778,1.97222,1.74,1.61111,1.40222,1.25889,1.17667,1.11,1.01333,0.97,0.915556,0.856667,0.771111,0.772222
240,,0.596667,0.485556,0.433333,0.427778,0.367778,0.328889,0.361111,0.293333,0.338889,0.317778,0.302222,0.343333,0.283333,0.177778,0.133333,0.118889,0.257778,0.395556,0.416667,0.418889,0.368889,0.264444,0.458889,0.63,0.817778,0.993333,1.35,1.82333,1.88667,1.98,2.30889,2.57889,2.60444,2.60222,2.47444,2.23667,2.25778,2.23111,2.09667,1.99556,2.16444,2.29222,2.22889,2.30556,2.27556,2.39556,2.35333,2.31778,2.3,2.41778,2.26444,2.40556,2.38556,2.53667,2.58111,2.66556,2.54556,2.76889,2.70333,2.71333,2.86111,2.82111,3.01667,3.04889,3.11778,3.30556,3.50444,3.45778,3.55667,4.06,3.99,3.93556,3.72222,3.34556,3.15556,3.08,2.89222,2.85222,2.49444,2.50222,2.30889,2.19889,2.12778,1.97444,1.73778,1.61222,1.40111,1.25667,1.17778,1.10778,1.01667,0.972222,0.911111,0.855556,0.773333,0.772222
241,,0.592222,0.491111,0.433333,0.426667,0.368889,0.327778,0.362222,0.294444,0.338889,0.317778,0.301111,0.341111,0.284444,0.18,0.133333,0.118889,0.256667,0.396667,0.415556,0.418889,0.368889,0.265556,0.456667,0.63,0.817778,0.993333,1.34556,1.82,1.89222,1.97444,2.30778,2.58556,2.59667,2.6,2.47778,2.24,2.24889,2.23333,2.10444,1.99333,2.16889,2.28889,2.22778,2.30667,2.27222,2.39667,2.35,2.32111,2.30222,2.41333,2.26667,2.41,2.37667,2.53889,2.58444,2.66111,2.54778,2.76889,2.70556,2.70778,2.85889,2.82444,3.01778,3.04111,3.12,3.30667,3.50556,3.45889,3.54778,4.05333,3.99222,3.94556,3.71889,3.35222,3.15333,3.08111,2.89556,2.84667,2.5,2.5,2.31444,2.19667,2.13,1.97222,1.74,1.60778,1.40778,1.25889,1.17778,1.11,1.01444,0.97,0.912222,0.86,0.77,0.774444
242,,0.597778,0.48,0.433333,0.427778,0.367778,0.328889,0.361111,0.291111,0.343333,0.315556,0.302222,0.342222,0.285556,0.175556,0.133333,0.117778,0.26,0.394444,0.416667,0.422222,0.367778,0.264444,0.458889,0.632222,0.82,0.995556,1.35222,1.82222,1.88444,1.99111,2.30556,2.58556,2.60778,2.59667,2.47111,2.23444,2.26556,2.22778,2.09333,1.99778,2.16667,2.29444,2.22889,2.30222,2.27667,2.39556,2.34889,2.32333,2.30222,2.41333,2.26889,2.39556,2.39444,2.53444,2.57889,2.66,2.55556,2.76444,2.70778,2.71889,2.85,2.81667,3.02778,3.04556,3.12222,3.31222,3.50222,3.45778,3.56222,4.07,3.99222,3.93,3.71111,3.33333,3.16667,3.07444,2.88444,2.86444,2.48222,2.50444,2.31222,2.19222,2.12667,1.98,1.73111,1.60778,1.4,1.25667,1.18,1.10778,1.01444,0.973333,0.912222,0.848889,0.776667,0.772222
243,,0.427778,0.342222,0.324444,0.282222,0.296667,0.224444,0.24,0.223333,0.23,0.255556,0.284444,0.296667,0.453333,0.487778,0.342222,0.321111,0.435556,0.577778,0.641111,0.731111,0.763333,1.02556,1.49222,1.54,1.79333,2.34778,3.13556,3.80778,3.83,3.75556,4.42111,4.55333,4.41667,4.17889,3.93556,3.42889,3.49667,3.20667,2.56111,2.43667,2.37,2.32556,2.29,2.32111,2.34556,2.23,2.23222,2.26667,2.19111,2.24,2.10222,2.08444,2.11778,2.16889,2.22111,2.20889,2.16111,2.19,2.20778,2.07667,2.04222,2.25111,2.27111,2.38333,2.56667,2.68111,2.69222,2.84,2.74222,3.10222,3.01222,2.95889,2.58667,2.34333,2.25778,2.13667,2.05333,1.94,1.79444,1.78667,1.61333,1.56778,1.43778,1.40333,1.29778,1.14667,0.961111,0.892222,0.802222,0.748889,0.621111,0.667778,0.567778,0.567778,0.565556,0.517778
244,,0.423333,0.345556,0.324444,0.283333,0.296667,0.223333,0.24,0.224444,0.227778,0.256667,0.285556,0.294444,0.454444,0.487778,0.343333,0.32,0.434444,0.58,0.641111,0.728889,0.762222,1.02444,1.49222,1.54,1.79,2.34778,3.13333,3.80556,3.83,3.75444,4.41444,4.55889,4.41222,4.18,3.93778,3.43667,3.49222,3.21556,2.55667,2.43556,2.37556,2.32333,2.28889,2.32222,2.34778,2.22556,2.23,2.27333,2.18889,2.24222,2.10111,2.08667,2.11778,2.16778,2.22333,2.20667,2.15556,2.19333,2.20889,2.07889,2.04,2.24667,2.27333,2.38667,2.56,2.68111,2.69333,2.84,2.74333,3.09778,3.01667,2.96,2.58667,2.34222,2.26222,2.13444,2.05444,1.94111,1.79111,1.79,1.61667,1.56444,1.43889,1.40222,1.29889,1.14667,0.956667,0.896667,0.798889,0.753333,0.62,0.67,0.566667,0.566667,0.566667,0.518889
245,,0.428889,0.343333,0.322222,0.283333,0.296667,0.224444,0.238889,0.223333,0.23,0.256667,0.283333,0.298889,0.452222,0.487778,0.342222,0.32,0.435556,0.582222,0.64,0.728889,0.762222,1.02889,1.49556,1.53667,1.79,2.35778,3.13667,3.80667,3.82778,3.76333,4.42333,4.55444,4.41889,4.17222,3.93444,3.42667,3.49778,3.20333,2.55556,2.43889,2.37111,2.33,2.28889,2.31667,2.34444,2.23222,2.23222,2.26222,2.19889,2.23556,2.10333,2.08,2.12333,2.16778,2.21556,2.21,2.16667,2.18778,2.20556,2.08222,2.03778,2.25111,2.27222,2.38222,2.56667,2.68444,2.69222,2.84111,2.74222,3.10222,3.01111,2.96,2.58667,2.33667,2.26,2.13556,2.05444,1.94111,1.79222,1.79,1.61,1.56667,1.43889,1.40667,1.29333,1.14667,0.962222,0.888889,0.803333,0.748889,0.622222,0.666667,0.567778,0.567778,0.565556,0.516667
246,,0.423333,0.345556,0.324444,0.283333,0.296667,0.223333,0.24,0.224444,0.23,0.254444,0.285556,0.295556,0.453333,0.487778,0.343333,0.32,0.434444,0.58,0.641111,0.731111,0.76,1.02444,1.49222,1.54111,1.79111,2.34667,3.13556,3.80667,3.82889,3.75444,4.41778,4.55667,4.41444,4.18,3.93667,3.43333,3.49556,3.21,2.56111,2.43556,2.37333,2.32333,2.28667,2.32444,2.34667,2.22667,2.23222,2.27,2.19,2.24,2.10333,2.08556,2.11667,2.16889,2.22222,2.20889,2.15556,2.19333,2.20778,2.07889,2.04222,2.24556,2.27556,2.38333,2.56333,2.68111,2.69111,2.83889,2.74444,3.09889,3.01667,2.96,2.58444,2.34333,2.26222,2.13556,2.05333,1.94,1.79111,1.79,1.61556,1.56667,1.43667,1.40333,1.29889,1.14667,0.956667,0.896667,0.8,0.752222,0.618889,0.67,0.567778,0.565556,0.566667,0.518889
247,,0.388889,0.325556,0.318889,0.304444,0.277778,0.276667,0.238889,0.242222,0.266667,0.251111,0.245556,0.277778,0.55,0.498889,0.464444,0.335556,0.493333,0.6,0.685556,0.841111,1.07778,1.3,1.55667,1.87222,2.32222,2.80222,3.32222,3.50222,3.78889,3.97667,3.76222,3.11,3.89667,3.89667,3.65222,3.57333,3.41444,3.01444,2.68222,2.50556,2.48,2.51889,2.47667,2.51667,2.52444,2.34444,2.44,2.35556,2.31889,2.28556,2.20444,2.17556,2.33333,2.23889,2.32444,2.27556,2.32667,2.15111,2.17889,2.07444,2.02222,2.24444,2.34333,2.33556,2.37444,2.58222,2.41333,2.48556,2.66667,2.71222,2.67,2.54111,2.27,2.15222,1.98667,1.94,1.99889,1.91889,1.84,1.80667,1.67556,1.63778,1.55556,1.54778,1.31333,1.16222,1.05111,0.904444,0.885556,0.79,0.748889,0.78,0.602222,0.585556,0.56,0.565556
248,,0.387778,0.326667,0.317778,0.304444,0.278889,0.276667,0.237778,0.244444,0.264444,0.252222,0.244444,0.277778,0.55,0.498889,0.464444,0.336667,0.493333,0.6,0.686667,0.84,1.07889,1.30111,1.55667,1.87,2.32444,2.80444,3.32667,3.50111,3.79,3.97778,3.76222,3.10111,3.90111,3.9,3.64889,3.57444,3.41333,3.01111,2.68778,2.50111,2.48333,2.51667,2.47556,2.51556,2.52889,2.34333,2.43889,2.35556,2.31889,2.28556,2.20444,2.17333,2.33889,2.23444,2.32222,2.27667,2.32444,2.15333,2.18,2.07556,2.02,2.24667,2.34667,2.33444,2.37222,2.57889,2.41667,2.48222,2.66889,2.71444,2.67,2.53667,2.27,2.15667,1.98111,1.94222,1.99889,1.91889,1.84111,1.80444,1.67889,1.63667,1.55444,1.54667,1.31222,1.16111,1.05556,0.902222,0.885556,0.788889,0.75,0.777778,0.604444,0.584444,0.56,0.565556