,link_id,0:00,0:15,0:30,0:45,1:00,1:15,1:30,1:45,2:00,2:15,2:30,2:45,3:00,3:15,3:30,3:45,4:00,4:15,4:30,4:45,5:00,5:15,5:30,5:45,6:00,6:15,6:30,6:45,7:00,7:15,7:30,7:45,8:00,8:15,8:30,8:45,9:00,9:15,9:30,9:45,10:00,10:15,10:30,10:45,11:00,11:15,11:30,11:45,12:00,12:15,12:30,12:45,13:00,13:15,13:30,13:45,14:00,14:15,14:30,14:45,15:00,15:15,15:30,15:45,16:00,16:15,16:30,16:45,17:00,17:15,17:30,17:45,18:00,18:15,18:30,18:45,19:00,19:15,19:30,19:45,20:00,20:15,20:30,20:45,21:00,21:15,21:30,21:45,22:00,22:15,22:30,22:45,23:00,23:15,23:30,23:45
0,,24.14967242,17.92982346,16.0534455,16.2271981,14.69829406,16.08818976,12.57867496,13.03041296,13.62112802,14.66354979,14.17706753,15.60173878,15.39324191,12.75242756,10.07683768,8.304723782,12.57867496,16.81791315,18.31207293,20.08418682,21.82158773,25.261614,35.85977202,43.57356183,49.37657342,61.57303019,76.82363689,91.94252029,91.27493201,95.31312057,99.20472847,98.54455616,103.8754373,103.0436144,103.1313621,103.4011774,99.1005895,98.68372086,98.9614248,84.0608991,85.58378809,87.56430504,91.14318328,91.17134128,89.99671634,91.21292199,89.26680531,89.40597001,89.57953497,88.91936266,88.27815504,85.4446234,85.75735306,92.91431941,95.0351498,96.35544853,97.22421153,94.44435758,96.13794922,93.45060724,94.58320954,100.2956613,107.1968477,107.752881,106.2239457,109.8028239,112.5826779,112.2699482,115.9746907,120.2620675,122.3467234,127.14212,128.7404813,120.5050584,117.4124748,106.6755273,102.2625991,104.7991494,94.13162791,94.89593921,89.05852736,82.94278611,74.46437227,77.17480024,68.93937736,59.80079121,53.89364064,49.09855675,44.92893218,42.67008584,39.71666693,36.83267399,34.64356637,31.79428643,29.77880631,28.14566948
1,,24.17393972,17.9016853,16.05937174,16.30270267,14.63420586,16.10435632,12.61807556,12.96567776,13.66091345,14.70372004,14.15653448,15.60749827,15.43368153,12.89616358,9.837226691,8.30778953,12.61807556,16.89363579,18.31883296,20.09160105,21.86440042,25.3056966,35.80324546,43.62437314,49.46425275,61.73466355,77.029348,91.83755831,91.10737783,95.45248352,99.34584088,98.61427451,104.0034788,102.8787964,103.134708,103.3430628,99.171899,98.82432809,98.82432809,83.98139197,85.65010778,87.66608165,91.17682944,90.89902298,90.09939089,91.17682944,89.36952326,89.2997588,89.78654578,88.95218788,87.90947514,85.58065616,85.7542852,92.74105498,94.82679331,96.32156723,97.26010255,94.61812562,95.6264254,93.47123546,94.54867401,100.2843762,107.444775,107.4798137,106.4715139,109.8780843,112.5200612,112.1724903,115.8568671,120.4664712,122.3224369,127.3279587,128.5793391,120.6887598,117.2127378,106.6454558,102.3003501,104.5597174,94.2358289,94.96600938,88.84801046,83.14734692,74.35295811,77.23801569,68.75647198,60.06626059,53.77463264,49.04723023,44.91079222,42.6163862,39.97472212,36.70705497,34.51713922,31.87547513,29.82455646,28.12130256
2,,24.0886211,17.97086215,16.0590703,16.23288378,14.73820049,15.98955743,12.68738288,12.93067795,13.66065702,14.66868761,14.14727846,15.60720531,15.46814827,12.89592151,9.837042042,8.272845867,12.65259516,16.85856225,18.38800199,20.05646748,21.82923358,25.37473448,35.94178688,43.48465367,49.5327746,61.69877961,77.20184075,91.80079649,91.17511802,95.45069184,99.34397612,98.33569527,104.0712898,102.7852077,103.2022224,103.2716727,99.13531235,98.82247312,98.78774796,83.94509046,85.64850009,87.83837474,90.93204193,91.07094255,89.99352423,91.24488117,89.29808261,89.36784576,89.81958561,89.02028137,87.69916128,85.68322525,85.7179504,92.77435219,94.68611275,96.52842301,97.36245241,94.40799867,95.65935561,93.46948097,94.6163496,100.2127307,107.5125214,107.4427582,106.3653399,110.1541359,112.272851,112.2128329,116.0821515,120.6378534,122.5133874,127.5650243,128.5037392,120.8705812,117.1610282,106.7155751,102.4373305,104.1407401,94.26878521,95.10312745,88.77689244,83.21523652,74.24707417,77.2365659,68.82463171,59.96095766,53.73889812,49.08103475,44.94467438,42.54613597,39.86948347,36.81085427,34.51649132,31.90960197,29.71972733,28.15553115
3,,23.77786469,19.74535784,16.44289402,16.61669144,16.33858428,16.13002738,14.60045366,15.29570591,14.84377004,16.86003911,18.11150567,17.41625342,18.18102464,11.29795855,9.698865858,7.99549472,17.34670317,18.38961283,19.50201017,21.5877982,17.34670317,17.76387955,30.31330465,48.11200626,57.28932343,64.20711772,84.05694173,109.3293704,106.8264372,93.65131013,110.7200626,109.9901447,110.2332421,110.1290575,97.82307391,109.259914,106.1659758,95.28541259,111.0690906,83.46593664,103.2807196,106.0617912,101.0211967,101.5427454,104.1845913,100.499648,105.0190066,100.8819711,103.9064529,103.6977708,97.40570982,100.6736019,103.4546734,103.8022683,101.855612,103.2459914,100.8125147,101.3687916,102.4115761,100.7083301,98.90058662,102.8983966,99.83918655,101.0211967,102.6897145,104.1845913,100.0131404,105.5402425,102.029253,103.4361261,102.5160735,105.5402425,90.14032069,90.62714118,88.0544388,86.00359797,85.76018772,91.46124364,88.81939773,85.96886977,77.52147047,71.82041455,73.00211185,70.81204537,60.87008213,57.21986703,49.74579585,41.6459914,39.69933516,36.98771998,35.56261244,34.51951506,29.20087603,28.0537192,27.8798905,24.9250528
4,,23.63919655,19.78042676,16.54743132,16.58219135,16.30407984,16.02596834,14.70496214,15.36546524,14.84400225,16.86030286,18.04226894,17.41652587,18.25082911,11.26337526,9.664257556,8.030379826,17.34697453,18.35514048,19.43279519,21.69241599,17.38176585,17.72939741,30.24425881,48.04330142,57.35967712,64.03447844,83.98848633,108.1493649,107.9406796,93.33990364,109.922095,109.9918653,110.2349665,110.1307803,99.00632001,108.0795945,107.2802077,94.97403166,110.2002378,84.51004318,103.2823353,105.8894938,101.161692,101.5790626,104.2556786,100.2928478,105.0206495,100.9880483,103.9775358,103.5604781,97.54646142,100.7446343,103.2128778,103.8386209,101.9961204,103.0389212,100.9880483,101.2661911,102.5871347,100.5359489,98.93686252,102.79582,99.97997622,100.8488205,102.8652775,104.0820349,100.2230774,105.3335211,102.3089919,103.1086916,102.4829485,105.6116639,90.28095864,90.62855891,88.16031537,86.10912959,85.62261435,91.49740317,88.95970215,85.79625806,77.73105563,71.75176772,73.10775296,70.74369564,60.83599274,57.22076216,49.95525937,41.54245667,39.80414242,36.9882986,35.63262624,34.45059758,29.23609286,28.01939804,27.81080658,25.06448282
5,,23.77756712,19.77986979,16.54696539,16.75555097,16.26886171,15.92123994,14.60027094,15.53885911,14.73930713,16.82506906,18.25031521,17.38127642,18.11127901,11.4020943,9.629226384,8.169189905,17.13793179,18.28507426,19.36272991,21.76135457,17.34648608,17.58983071,29.96530352,47.76381367,56.97574375,63.61531651,81.97003401,104.0791042,109.9189998,92.05109674,109.2238189,109.9887682,110.2665903,110.0946737,103.1057883,103.9746081,110.1276793,92.71154995,109.6061371,88.78355844,100.0466165,106.4427821,101.9932484,100.6376142,104.8784685,99.80320935,105.5389217,100.2900237,104.1485597,103.0360199,99.87266487,99.31639495,102.8276533,103.8704248,102.4800628,102.0279762,102.9665644,100.1329891,103.0360199,99.69902606,100.3594793,101.0546602,100.950477,100.2202554,102.9665644,103.4881065,101.5762024,103.6617453,104.1832875,101.506434,103.7315137,105.0524201,92.78131834,90.24337591,88.47069571,86.62824712,85.41152399,91.18196409,89.54819494,85.3073407,79.25845277,71.7150196,73.31406099,70.88092758,61.42527743,57.09932796,50.30144324,41.68019798,39.9769733,36.9872571,35.80526173,34.51908306,29.09623345,28.31090399,27.8100235,24.95949992
6,,23.88266618,19.74579029,16.68657585,16.75612763,16.30418187,15.86090207,14.56601318,15.43508188,14.98316741,16.68657585,18.18142282,17.59043608,18.14666258,11.4720385,9.629557785,8.278258474,16.61705536,18.56381681,19.32863606,21.62303124,17.48615535,17.65995657,29.30582758,47.41785506,56.97770463,62.53996959,79.85219856,99.1808972,109.4362645,95.14827075,106.133572,109.9925536,110.2703853,110.0967405,107.7673973,99.77191522,109.6796801,95.87820461,106.4464454,94.48779481,96.12162018,105.9599272,103.9434575,100.3282043,104.0826862,100.1542466,105.0213067,100.571307,104.0479572,102.9701081,101.8578428,98.13808984,102.5530477,103.2135236,103.3524395,101.2320958,104.7778911,99.00693953,102.9353791,99.73718627,101.197054,99.84137314,102.1356745,99.49377069,102.4835898,103.4222103,103.1787947,101.788072,105.0213067,100.4671201,104.7431621,103.7350838,96.85186692,89.48181892,89.30786126,86.97883098,84.99740315,90.55935523,90.21175278,85.65787909,80.37375867,72.09981916,73.42108392,70.98755389,62.2270961,57.394765,50.37263233,41.64690349,40.39540952,36.88434318,35.94572271,34.79841561,29.09723482,27.98478183,28.15861435,24.82128666
7,,23.74251094,19.84913948,16.44248247,16.68579277,16.2338995,15.88628208,14.73912268,15.46911614,14.70436407,17.03341019,18.00677652,17.3810589,18.25008682,11.26291716,9.629105881,8.134329059,17.24199316,18.28484543,19.46676344,21.76108224,17.346269,17.72867633,30.03444575,47.93685258,57.14898024,63.96210654,83.42912027,106.5459449,109.0137752,92.2669929,110.0881124,110.1076158,110.3544291,110.2608358,100.3003792,106.7890362,108.6314617,93.61423883,110.1957558,85.89726342,102.2353762,106.3372681,101.1575776,101.3662544,104.4253879,100.1495465,105.329237,100.6710821,104.0430744,103.2781346,98.41161582,100.1495465,102.9652758,104.0778017,102.0266994,102.7218716,101.4704364,100.9492136,102.756599,100.3582233,99.52382889,101.991972,100.0800919,100.8377537,103.2280574,103.6257207,100.6684797,104.7113817,103.1012874,102.6040313,103.1476778,105.5383603,91.31166288,90.60698075,87.98278025,86.62716303,85.5146371,91.38949983,89.13003351,85.5146371,78.31888447,71.74884946,73.24368886,70.81027303,61.04219527,57.25316222,50.09213692,41.50603974,39.76779619,37.02152156,35.73535899,34.48392375,29.16538655,28.12253428,27.77491686,25.0287048
8,,22.31662297,16.72008059,14.84298058,15.26013478,13.59158058,14.94728477,11.7492695,12.20115004,12.23590767,13.52206531,12.7920924,14.49537295,14.28682714,12.09687713,9.489772933,8.134100024,11.19308476,15.39916532,16.85914242,19.39670006,20.26573479,24.05469244,33.4749501,41.22674742,46.05840284,57.52967382,72.05967927,86.06768591,85.0694042,90.15350795,94.92122544,93.3963446,98.16544759,98.29699612,97.74810569,97.47029489,94.13312393,93.71609488,92.42965568,79.01214484,79.28995564,80.75002659,84.5042266,83.77434755,83.8785266,84.6781712,82.52294755,83.1833739,82.1753712,82.0708793,81.06287659,80.15905294,79.46390024,85.79035296,88.46709757,89.30115567,89.64904487,87.80667121,89.05807122,85.65144756,87.46593579,93.85500028,98.96508896,100.6335213,99.25910391,102.4355862,105.4844206,105.0665898,108.6792654,113.2559794,115.2951826,119.5579356,121.7294269,114.1902503,110.4707767,100.181453,96.70537664,96.56647124,87.14624486,87.66745296,83.7396212,77.41285563,69.52215291,72.05967927,64.37764749,56.41717922,49.49975285,45.39797649,41.33092647,39.80140282,36.95102646,34.06592375,32.25827645,29.68599245,27.94792299,26.34891535
9,,22.28563025,16.75770054,14.84548857,15.26271324,13.55911361,14.94981038,11.68169643,12.23797514,12.27273865,13.59387712,12.72472684,14.5325857,14.32400466,12.0293628,9.491376397,8.205001439,11.0211272,15.43653078,16.89675457,19.33045045,20.26915904,24.09352041,33.48060628,41.0250072,46.20542699,57.4001527,72.0371228,85.94409052,84.93560459,89.97709551,94.87903175,93.21032079,98.18203437,98.35569546,97.79966707,97.52149643,94.07956494,93.76666208,92.51505063,79.06022754,79.37313041,80.76367073,84.44904064,83.68399314,83.82323491,84.83140794,82.46742681,83.26689363,82.29345282,81.91108552,81.14603802,80.24206165,79.40786262,85.77011653,88.51677785,89.386022,89.49021866,87.89097213,89.0033418,85.87431318,87.36936305,93.8013943,98.98150118,100.6157928,99.12074296,102.3887005,105.3093358,104.9964329,108.4383644,112.9579333,115.3222274,119.3201872,121.6497491,114.3137414,110.4547104,100.6157928,96.61752006,96.33934941,87.33463084,87.78677547,83.75377048,77.53044545,69.49916768,72.00239058,64.56218631,56.35724746,49.71682291,45.47511171,41.12920385,39.73866353,37.23544063,34.00221535,32.33319148,29.62148141,28.02220359,26.38813097
10,,22.14248843,16.68506196,14.84274841,15.12083642,13.4870967,14.91229387,11.67954024,12.40953302,12.30523046,13.41758252,13.03522323,14.32136075,14.42563203,11.85335698,9.628684142,7.960156047,11.33193804,15.503227,16.8588787,19.39639665,20.40444615,24.08907326,33.82199739,41.15665093,46.26635007,57.94579646,72.54533908,85.92822708,85.12859498,90.34419757,94.6425328,93.81459771,98.59872971,97.86305384,98.16601652,97.26036829,94.24644333,93.54068707,92.63687756,78.21127681,79.18453794,81.27027627,84.29423708,84.08588224,83.49491783,84.95496595,82.7650502,82.83450181,81.9654181,81.9654181,81.23555047,79.70605074,79.91440558,86.13658192,88.56989116,89.26503299,89.8559974,87.1796075,89.2997588,85.44144009,87.90947514,93.88825798,99.31080223,100.5005913,99.20662481,102.736657,105.4244626,105.71057,108.4654244,113.3915087,115.6047572,119.9135746,121.8343429,113.4172643,110.6532673,99.27607642,96.32156723,96.8820491,86.93621401,87.63135584,83.25152434,77.09879961,69.6950073,72.19776816,63.85512769,55.92982259,49.98576555,45.22363732,41.33027997,39.52266094,37.26329357,33.78727158,32.18832024,29.75504228,27.63464071,26.55707703
11,,22.32067313,16.75791028,14.84567438,15.26290428,13.55928332,14.91523355,11.71660659,12.23812832,12.23812832,13.6288425,12.7248861,14.5327676,14.32418394,12.02951337,9.456731251,8.239868079,10.9865012,15.47148793,16.89696606,19.26116451,20.26941274,24.16334985,33.44629268,40.99078802,46.27547061,57.36613848,71.89909382,85.97989887,84.93666767,90.01295434,94.84548663,93.21148743,98.21799589,98.32219385,97.7658456,97.55744968,94.04600981,93.80256834,92.51620857,79.13068239,79.37412386,80.79941424,84.38063232,83.68504055,83.82428407,84.86720236,82.39868079,83.33740112,82.29448283,81.87737809,81.14705367,80.24306599,79.37412386,85.84065535,88.37864223,89.49133874,89.45660609,87.89207219,88.93499049,86.01463152,87.26625864,93.87203364,98.94800741,100.5820066,99.15671623,102.389982,105.3106539,105.0672124,108.3699434,112.9246145,115.2886252,119.286948,121.6860043,114.3499049,110.4908256,100.6170522,96.653462,96.30582257,87.33572394,87.82260689,83.78955142,77.56614849,69.4653049,71.96855913,64.6327726,56.32322019,49.64797987,45.5454591,41.09498598,39.80862621,37.27063933,33.86339742,32.47283969,29.55229298,28.09208221,26.35369731
12,,22.21589469,16.79230642,14.74105967,15.26256997,13.66330716,14.91490687,11.71634996,12.23786027,12.27262345,13.48945997,12.82889693,14.46292292,14.35863338,12.02924989,9.526050483,8.065871692,11.22963413,15.43638588,16.8270696,19.39979536,20.37325832,24.05853106,33.61921957,41.05935399,46.13521657,57.67778192,72.03960235,86.0851899,85.07404777,90.01098279,94.90367913,93.41823442,98.25550457,98.25673484,97.87066271,97.38834927,94.11341371,93.83524567,92.34020983,78.95497683,79.30260865,80.86710827,84.55244359,83.89191185,83.64847571,84.65695217,82.8490164,83.05740775,82.0145123,82.22321655,81.07581252,80.03291707,79.47658101,85.94328376,88.55067884,89.1417468,89.80227854,87.57724717,89.41991483,85.38694769,87.50778339,94.04394992,99.01530394,100.5798036,99.18927629,102.4224712,105.4125429,105.0301792,108.4373465,113.1655773,115.2166363,119.4235758,121.7875347,114.0345003,110.4536736,100.1279761,96.61661311,96.58188122,87.26434724,87.47305149,83.75298428,77.3904772,69.49851529,72.14095516,64.38792081,56.25252276,49.54238386,45.50941672,41.37225391,39.7382905,36.92219118,34.03662807,32.29815608,29.65596653,27.88285653,26.45744092
13,,22.3652346,16.73044415,14.88699115,15.26959342,13.56522583,14.92177033,11.72174153,12.20871264,12.26234059,13.63481549,12.69568375,14.57394723,14.2956825,12.05393627,9.460875772,8.243479295,10.90758741,15.54785815,16.90437135,19.26960594,20.21725198,24.10784127,33.53044665,40.93925696,46.27038789,57.17800656,71.80257551,86.01758055,84.82894025,89.93556536,94.83334844,93.06194292,98.20295818,98.16825539,97.71680647,97.56545748,94.12197443,93.72192122,92.59150274,79.13205506,79.33910169,80.69524384,84.44689691,83.54797711,83.96526465,84.69012909,82.3278382,83.40867257,82.25843262,81.80870513,81.1470054,80.24348556,79.40891048,85.91302388,88.41737519,89.4610636,89.49581147,88.10433128,88.75441992,85.9753829,87.2697562,93.87842627,99.02612038,100.3567197,99.30441642,102.1631406,105.4263032,105.0785114,108.5219945,112.8000526,115.3742127,119.2697312,121.8435782,114.40002,110.6434931,100.4261253,96.83481299,96.45227332,87.23500833,87.9305919,83.79152528,77.63489062,69.46100099,72.00010017,64.64660991,56.45214811,49.50087382,45.63491567,41.11299633,39.75657705,37.32172149,33.91298631,32.45232341,29.66961345,28.10439388,26.29630556
14,,22.28102886,16.71945291,14.87721098,15.22480557,13.55631401,14.94672364,11.71404081,12.200692,12.30496099,13.55631401,12.72209952,14.52958511,14.32104713,12.06166668,9.454660352,8.203307326,11.01885163,15.43334355,16.89326584,19.39597189,20.23021767,24.08854574,33.50841848,41.08598672,46.10235999,57.42333899,72.02224906,85.96107041,84.91806766,89.9459906,94.91465494,93.30635342,98.1850907,98.42985037,97.67498608,97.53608589,94.02541498,93.82273472,92.51158132,79.29692152,79.252254,80.74699519,84.58573155,83.66671464,83.9101028,84.8322858,82.48512454,83.18623663,82.27646142,81.82472298,81.22954052,80.2605317,79.39004946,85.82185738,88.46377646,89.33284113,89.54119141,87.9018978,89.02000288,85.96870025,87.43364217,93.78202682,98.97835899,100.6297434,99.10027717,102.3995944,105.4631144,104.9397161,108.4854249,112.9788785,115.3748328,119.664049,121.5899066,114.3248638,110.4939663,100.4905304,96.61056722,96.42363305,87.41122192,87.76864985,83.73647757,77.47971244,69.67517401,72.17750271,64.40995576,56.34561119,49.70655772,45.46728694,41.12071177,39.7651836,37.19302746,33.96046976,32.36124059,29.61536536,28.01641775,26.38268253
15,,22.21770219,16.79367265,14.74225901,15.22904573,13.66441882,14.88135434,11.71730321,12.23885594,12.41271729,13.38625945,12.8299407,14.42933363,14.49886565,11.92593056,9.492059518,8.066527936,11.26531379,15.43764179,16.82843866,19.36660773,20.44444792,24.02572247,33.69173721,40.99322517,46.24348724,57.68247461,72.18155931,85.95027616,85.01150001,90.22671444,94.78165631,93.28649883,98.29330496,98.22383553,97.87617543,97.35452881,94.2600097,93.73867601,92.3824574,78.82246178,79.37884311,80.83895295,84.62879226,83.89873735,83.58581196,84.73330934,82.89049176,82.99469591,82.09065448,82.09065448,81.15187833,79.96995916,79.44831255,86.08921503,88.55788337,89.21846886,89.77485019,87.54963779,89.39245537,85.39389483,87.54963779,94.08633611,98.98862516,100.5532521,99.23208111,102.5353215,105.4211193,105.0039898,108.4809037,113.2095192,115.2954798,119.3985574,121.727974,114.1482953,110.3237213,100.205592,96.4852221,96.58973918,87.27144712,87.48016835,83.72506376,77.43150846,69.39996558,72.18155931,64.35842473,56.22236478,49.68566645,45.33944581,41.4103547,39.77625835,36.9599299,33.90014551,32.3355186,29.65837936,27.85035908,26.52912553
16,,22.21756314,16.79356755,14.84646412,15.15938755,13.49047305,14.88126121,11.71722988,12.4474054,12.30831093,13.31664408,13.07325224,14.29018015,14.46400911,11.96522708,9.56156299,7.96521456,11.30000907,15.43754518,16.89786492,19.36648653,20.37478839,24.19940106,33.65679185,41.02770311,46.41687033,57.71684811,72.38951456,86.05394174,84.90645154,90.36540068,94.6070777,93.45990043,98.57087872,98.01450087,98.04923537,97.31918502,94.08574728,93.66830743,92.62533365,78.40484155,79.3085644,81.18610495,84.48932462,83.96768127,83.55055434,84.73277904,82.75072207,83.028911,82.05540622,82.26412615,80.90822895,79.83020775,79.76073875,86.19287974,88.69626714,89.00919056,89.91322633,87.44457344,89.11370698,85.60208031,87.75749686,93.98123085,99.05778757,100.7266082,99.09252207,102.7778212,105.2812086,105.3509906,108.3409739,113.2088107,115.4687436,119.5367482,121.6577431,113.7301411,110.6706888,99.54438349,96.44988375,96.76280717,87.02744651,87.51435536,83.62002334,77.29208585,69.53846924,72.21584206,64.18403652,56.04802749,49.7548245,45.37389655,41.30589204,39.70654041,37.13368402,33.76099535,32.33531622,29.55386507,27.85018478,26.45942791
17,,22.21791077,16.75906397,14.77716374,15.2291887,13.52545046,14.88149404,11.71741321,12.34326985,12.37806748,13.35161878,13.03869046,14.32517008,14.46423542,11.89127618,9.596478931,7.927507025,11.26541954,15.47255306,16.89812931,19.40155588,20.37510718,24.1997797,33.58753544,41.02834505,46.38286154,57.71775117,72.3906472,86.02055313,84.97756304,90.29734449,94.67834098,93.39157972,98.53768596,98.05076949,98.05076949,97.32070772,94.05248434,93.70450805,92.59204787,78.57974352,79.13613008,81.25715824,84.42117649,84.03877808,83.51712657,84.73410481,82.75201682,83.0302101,82.05669009,82.30014833,80.97896496,79.79672176,79.65778159,86.19422835,88.66291987,89.11510129,89.81042802,87.55045969,89.18457138,85.46416658,87.75886995,94.01743637,99.09407251,100.6587141,99.12880756,102.7099593,105.3179039,105.3179039,108.307934,113.210582,115.4358153,119.4691484,121.7985868,113.8364386,110.5679023,99.58067605,96.34718771,96.93830931,87.02880818,87.55045969,83.6213317,77.32803024,69.50482223,72.25170702,64.25451086,55.94469931,49.72086794,45.44407658,41.23706824,39.70716168,37.13426503,33.86572872,32.33582216,29.48479481,27.92015321,26.49460825
18,,22.18335268,16.82875463,14.74253581,15.22933167,13.59511076,14.88163375,11.71752321,12.30861907,12.41295035,13.31697746,12.89971492,14.36007122,14.53390454,11.92615448,9.527004403,8.03191273,11.2655253,15.47269831,16.86352129,19.40173802,20.37529846,24.16524022,33.62258613,40.95925948,46.41803235,57.68355765,72.25238532,86.05609606,84.9783608,90.22840853,94.74870055,93.32298574,98.46914028,98.15620903,97.87801314,97.3910921,94.15757341,93.70538774,92.52344637,78.64995197,79.24107911,81.01446055,84.4567044,84.14377314,83.44843988,84.80437102,82.78784199,83.03098958,81.9879897,82.30092096,81.01446055,79.76273552,79.76273552,86.09083143,88.59428149,89.22014401,89.74180042,87.65548772,89.22014401,85.39549817,87.62075235,94.08810267,99.02521913,100.7291298,99.16447354,102.5025113,105.4578341,105.1449028,108.3784215,113.2811155,115.2976446,119.5397407,121.7302595,113.9069781,110.4994696,99.89454217,96.34809221,96.83470032,87.0296252,87.69022309,83.55264599,77.39822693,69.43600399,72.18291458,64.28984945,56.15363673,49.68659934,45.3402971,41.34166148,39.70753445,37.06482997,33.97056569,32.33612572,29.51983828,27.92041532,26.46009031
19,,22.14858602,16.79398796,14.81206913,15.12500039,13.5603441,14.8468358,11.71752321,12.44771701,12.2738524,13.42127745,13.03881286,14.2905379,14.39483789,11.96092114,9.600023791,7.96521456,11.33505863,15.43793165,16.86352129,19.36697136,20.37529846,24.20000688,33.72710517,41.20272,46.20962013,57.82281206,72.46111047,86.09083143,84.90857713,90.33292757,94.67922981,93.56644626,98.50387565,97.94748388,98.05168999,97.35635673,94.19230878,93.56644626,92.55818174,78.44153975,79.27581448,81.2231857,84.42196903,84.0743024,83.48317525,84.9783608,82.75279369,82.85731273,82.05746044,82.16197948,80.97972518,79.79747089,79.901677,86.19503754,88.55954612,89.1159379,89.91547727,87.27308572,89.25487938,85.67369406,87.65548772,94.0533673,99.12973817,100.5898754,99.37319869,102.571982,105.353628,105.4925694,108.2047447,113.2116448,115.5063697,119.6439468,121.6260534,113.6287822,110.8124008,99.33815039,96.31335684,96.83470032,87.06436057,87.69022309,83.34392084,77.32875619,69.50547473,72.25238532,63.97691819,56.01469525,49.9995306,45.27082636,41.30692611,39.60332834,37.20408438,33.76184054,32.30139035,29.5894029,27.81611533,26.52962364
20,,30.35214749,26.71307021,24.00004383,26.99133494,24.41742528,23.373956,16.51463474,16.59132743,17.63479671,17.66957589,19.93047295,19.3391643,11.02609534,9.043494321,7.614102171,6.744935572,17.63479671,22.52942907,21.80873643,25.87830731,20.76523585,22.60872015,26.50439514,33.203059,43.49431445,55.62828945,61.12140233,71.62136791,80.00043807,87.30153763,84.52009187,86.9886289,89.73534179,82.50370797,90.70880087,83.61609853,83.30318979,91.54332847,86.25861281,82.64263945,84.13771739,87.12756038,90.98697674,85.42408521,87.40573624,85.49355095,85.18064221,84.65933626,82.05155484,90.0829834,80.93916428,82.50370797,89.04005858,85.45881808,91.09117535,90.50009074,88.24026384,87.12756038,88.30972958,86.7451859,88.24026384,94.01155259,98.42732069,94.60263719,99.81788712,100.6871476,98.63571791,101.0000563,102.2169584,104.1638766,107.6406055,102.8775087,93.1773379,95.05479032,92.02990156,90.98697674,88.97027993,89.63083027,86.7451859,86.18883416,79.1311776,80.31334681,81.1475615,76.31499897,69.6046711,64.7373757,56.06960844,54.44612024,52.20883786,49.8566878,43.25087145,44.5025064,40.06962097,39.63521099,37.06216245,36.33214637
21,,30.28536737,26.77352427,24.09615932,26.94736084,24.44386377,23.29641718,16.62043542,16.51613347,17.62878145,17.69834738,19.95844195,19.33256768,11.02233432,9.005642257,7.684359089,6.710749078,17.59401414,22.42717171,21.87083207,25.86948018,20.68861816,22.70534152,26.56488908,33.17133621,43.28953257,55.45934477,61.09221319,71.34966657,79.97296223,87.20525234,84.63197028,86.75305818,89.88242952,82.68487544,90.23010267,84.075881,83.06728461,91.51658723,86.54464205,82.5485146,84.21482508,86.99652327,91.09944203,85.39710158,87.3094604,85.60583064,85.15363649,84.70175526,82.12847321,89.74348543,81.60711995,81.88532106,89.22181923,85.47513309,91.02996999,90.68229683,88.03954274,87.20525234,88.42226485,86.64885011,88.21353578,93.67241115,98.30745589,94.85735924,99.38688324,100.8712279,98.95760641,100.5917641,102.2262348,103.9688302,107.7609894,103.1285021,93.56820308,94.95889571,92.35119057,90.89071296,89.18708321,89.46528432,86.85757918,86.05771187,79.52076807,80.14664234,81.36365486,76.46086878,69.43730774,65.12565991,56.08521904,54.38158928,52.22576537,49.82647636,43.53299766,44.29812895,40.05595316,39.60407194,36.99605386,36.4747006
22,,30.24813896,26.84087503,23.94147142,27.08425773,24.23325688,23.46837558,16.30617156,16.79293696,17.55781825,17.73167198,19.81772895,19.47005279,10.7085259,9.074438558,7.648938134,6.744998889,17.73167198,22.52964056,21.97334618,25.67731753,20.86078873,22.59916953,26.80611054,33.0991711,43.59892233,55.88309855,61.34834907,72.15517889,80.05220429,87.88071324,84.04028514,87.5983525,89.05956584,82.92159372,90.97444789,83.10831534,83.47795068,92.18299148,85.42488712,83.17883365,83.59496761,87.89344732,90.74438558,85.16740718,87.40655675,85.43451116,85.4323723,84.38195251,82.15683759,90.30582227,80.16169368,83.38465775,88.34529177,86.22468936,91.25954676,90.51566847,87.77205381,87.33709036,88.48453747,86.69362411,88.34529177,94.95562704,97.85613911,94.81223735,100.0622694,100.5639515,98.81062273,101.3833825,101.661561,105.496531,106.882211,102.2526511,93.14022243,95.02427602,91.47440852,91.05843699,88.66702982,89.90985015,86.36362214,86.25942255,78.94618231,80.62701241,80.48776672,76.55916065,69.25767963,64.49453813,55.69827805,54.69007663,52.01280435,49.61402345,43.42525635,44.36399138,40.01796113,39.63558306,37.09755647,36.22828784
23,,30.42472227,27.0608933,23.99208262,26.98238147,24.6527304,23.36620247,16.96829917,16.41195431,17.31600688,17.59417931,20.10436884,19.36751682,11.47447974,8.866624941,7.858269441,6.710812079,16.72489438,22.56645282,21.8710374,25.69585354,21.31469254,22.28828039,26.56513848,32.68471288,42.73384447,54.7645126,60.43217024,69.68142701,78.96510718,85.18917227,86.26725082,85.05022688,91.23955563,83.27679549,87.86668753,86.40619621,82.44218432,88.97918949,89.57033328,82.40744797,84.66781411,85.05022688,91.44797371,86.44093256,87.37975278,85.50211235,84.9457049,84.70255046,83.17258645,87.44922547,84.56329213,79.66077296,89.39972898,85.08496323,90.75262087,89.98779534,88.87498044,86.89313097,89.46612424,85.53684869,88.70098576,91.16976999,97.22015334,96.17681114,97.11563136,101.4967924,98.99327179,99.86261931,101.566578,102.1574089,107.5819121,105.2520732,96.52448756,94.75136911,94.09075262,90.64841183,90.40494445,88.59677672,88.04036927,85.25864497,81.78156783,79.9039274,81.53841339,77.15725239,70.89845095,65.23048036,56.85088406,53.99968706,52.99108121,49.44453137,44.22875919,44.33328118,39.98685652,39.84759818,37.06587389,36.61398842
24,,30.4582508,27.01605004,23.9911066,26.98128382,24.68649374,23.36525192,16.96760889,16.37652044,17.35006869,17.52393112,20.16641476,19.36672894,11.50877918,8.831498014,7.89271599,6.71053908,16.65468155,22.60030104,21.9049139,25.62527577,21.3833579,22.21784124,26.59882402,32.6694013,42.6275883,54.83175461,60.37289982,69.71594519,78.89242497,85.04676699,86.38740997,84.94224926,91.3176014,83.30814268,87.70916148,86.57666876,82.49065722,88.76716015,89.81014698,82.36936066,84.62932192,84.90751432,91.47898849,86.55764386,87.47824345,85.4291642,84.97729712,84.56110473,83.30814268,87.37619812,84.62932192,79.62248446,89.39301484,85.11623686,90.71419407,90.05360445,88.84053797,86.97114195,89.40812309,85.6031518,88.69737736,91.09659128,97.14641557,96.19156122,97.0769457,101.3537237,99.10120517,99.90889224,101.5624462,102.0143133,107.5761275,105.3809989,96.72928343,94.64299684,94.19112976,90.60998927,90.43600166,88.67401932,88.03678774,85.1509718,81.95222851,79.90067686,81.46531357,77.18884852,70.96503663,65.22782675,56.88330627,53.89297259,53.12817817,49.44251994,44.22695994,44.33147767,40.01996476,39.84597716,37.06436602,36.57776401
25,,30.04224691,26.81743905,23.95731497,27.2348205,24.09638554,23.50527304,16.27288374,16.79446096,17.55941167,17.69851353,19.8542951,19.47181975,10.74426537,8.970959161,7.652170646,6.782628567,17.8375841,22.4621499,22.04487561,25.59155062,20.8626819,22.64349933,26.94761383,33.03270224,43.67266468,55.87732749,61.54498514,72.32389297,80.21686747,87.97089657,83.83320294,87.90142388,88.63151307,83.1378501,91.10029729,82.82491003,83.76373025,92.21311219,85.05022688,83.55499922,83.2073228,88.31857299,90.47441715,85.22390862,87.20607104,85.60663433,85.29369426,84.38961039,82.05977155,90.57862619,79.66077296,83.86793929,88.28383665,86.37145987,91.27429197,90.4396808,87.79721483,87.37975278,88.28383665,86.82334533,88.35330934,95.30777656,97.91550618,95.02957284,99.86261931,100.8361759,98.57612267,101.670787,101.4967924,105.9824754,106.4343608,102.2271945,92.83899233,94.8903145,91.30902832,91.10029729,88.45783133,90.23094977,86.37145987,86.23251447,78.26975434,80.80801127,80.46033485,76.53137224,69.12501956,64.53512752,55.56438742,54.86872164,51.9133156,49.51400407,43.42919731,44.33328118,39.91738382,39.6391801,37.10092317,36.43999374
26,,30.04290502,26.84389894,23.92304009,27.22638268,24.06960218,23.57532476,16.20370341,16.79482886,17.59456474,17.73366965,19.85473004,19.4374779,10.70973234,8.973935964,7.64979987,6.78052719,17.83797486,22.56694717,21.97582172,25.55734283,20.86313892,22.67827851,26.98297256,33.06816297,43.7083585,55.87855156,61.47654619,72.42968865,80.18388761,88.07703502,83.83503942,87.93808658,88.56398043,83.17440845,91.27629145,82.58325171,83.90451363,92.18039513,84.94756574,83.62630382,83.20914556,88.35524483,90.441662,85.36503694,86.9992458,85.67798387,85.33029983,84.39145905,82.02683207,90.78934603,79.48851954,83.93925074,88.28577062,86.44282616,91.13703007,90.51113622,87.83387525,87.31219273,88.35524483,86.7905102,88.32050773,95.51828705,97.95238825,94.99691747,99.79533271,100.907859,98.47407078,101.8466998,101.5337529,106.0542713,106.4366924,101.8119627,92.91050031,95.17060302,91.13703007,91.17176718,88.18155929,90.51113622,86.16461634,86.26914062,77.99325912,81.08799129,80.46209743,76.4979987,68.98727245,64.43232992,55.56560463,54.90466072,51.8102415,49.61961301,43.43014868,44.36898946,39.81373399,39.67478555,37.03194875,36.47584206
27,,30.28659949,26.80938224,24.02760218,26.94845716,24.47962696,23.26259623,16.65588033,16.51680541,17.59472992,17.69906741,19.95925393,19.3333542,11.02278275,9.006008637,7.684671716,6.745822119,17.55996119,22.46285285,21.83695312,25.90530137,20.75899731,22.60192777,26.56596983,33.20742317,43.32603117,55.53107592,61.09469863,71.38730675,79.96343727,87.24353759,84.6868955,86.78755017,89.95809483,82.56272536,90.40777367,83.90530137,83.07066408,91.6248357,86.5131126,82.51455217,84.25298867,87.00006259,91.06841084,85.4700507,87.34774989,85.574263,85.08762596,84.73993866,81.99286474,89.92082368,81.43643988,82.09707705,89.15597421,85.4700507,91.10314828,90.58146085,88.07786193,87.24353759,88.39081179,86.61763785,88.25186205,93.85022219,98.26625775,94.78907179,99.4138449,100.9438568,98.85742004,100.6656444,102.2303937,104.0383051,107.7937034,102.9605057,93.53727233,94.92802153,92.38968517,90.85967328,89.22544908,89.39944921,86.86111285,86.09595043,79.41979095,80.21937786,81.29749014,76.46397947,69.47487013,64.9893597,56.08750078,54.45327659,52.19315266,49.82850347,43.46529386,44.33466859,40.05758278,39.60568317,36.99755899,36.47618452
28,,30.2502214,26.84272289,23.88722513,27.08612235,24.2697234,23.46999127,16.34206104,16.75932619,17.52426015,17.7676596,19.81909331,19.47139321,10.74403002,9.075063291,7.649464728,6.710665077,17.7676596,22.53119162,21.94009206,25.69529067,20.82745801,22.60072538,26.70362408,33.24039217,43.49771715,55.91083907,61.26543934,72.04161371,80.16308177,87.79144236,84.16566461,87.45775453,89.34014922,83.05317217,90.84165469,83.17064466,83.51270637,92.18674203,85.46550381,83.13602894,83.62264009,87.76024309,90.92462378,85.117835,87.34310311,85.53497498,85.32656146,84.24850653,82.37090722,90.29875734,80.25386414,83.2402357,88.42115804,86.16084141,91.27229258,90.4029641,88.00453132,87.16942517,88.49782963,86.72293576,88.31746747,94.71455797,97.98283248,94.74929355,100.0691582,100.6602891,98.71290568,101.2861555,101.8772864,105.2150321,106.9884246,102.3291619,93.20621129,94.9927556,91.55049021,91.00719537,88.66430715,89.9507756,86.47377463,86.26536111,78.89390625,80.70203438,80.45857234,76.56443138,69.29718329,64.63823355,55.52812174,54.79804855,52.05112077,49.61743914,43.46298157,44.33231004,40.02071618,39.63831179,37.13484605,36.23078199
29,,22.42864564,17.94289774,15.85653393,15.47400573,14.95243043,14.63947273,13.42241153,14.25697583,13.80490843,15.23061853,16.58675813,16.06515153,17.21267354,10.39714332,8.554166719,7.406676014,14.81332073,17.31698234,17.76904974,19.68156554,15.82176433,16.34333963,27.43596885,43.2576393,51.53380569,57.4452637,73.85801735,90.65351827,98.68589062,89.22768299,94.96513651,102.4066447,102.2329532,101.1548139,99.90298311,90.61877997,99.62476372,90.20129439,95.45209869,89.47116408,86.09810598,95.5215753,95.2086176,92.35725999,95.10440269,91.34891028,95.5215753,92.87896048,94.16552959,94.02626341,93.53961419,89.47116408,93.78309528,94.65217881,95.34788378,93.9220485,96.04958828,91.69660629,93.71330571,91.34891028,93.9220485,92.4267366,94.65217881,91.69660629,94.61744051,95.90400961,96.1127524,94.06131467,96.94741059,94.2697445,98.02523691,96.00853749,90.96647597,83.80318716,83.62918268,82.06439418,79.73473705,84.04666825,83.90740208,79.69999875,75.07510985,67.63360164,67.07716285,65.06046343,57.93191292,53.1680708,47.01313171,38.45905887,37.24196638,34.25134259,33.27773118,32.13042825,27.12301115,25.76684025,26.04502835,23.05456105
30,,22.3592151,17.94301005,15.85663318,15.5089037,14.95252402,14.57002472,13.42249554,14.25706506,13.87453447,15.16114293,16.62163177,16.06525209,17.21278127,10.36243858,8.554220261,7.406722373,14.9177542,17.24755109,17.80393077,19.61214909,15.85663318,16.41298157,27.4709104,43.3971771,51.46433825,57.54983883,74.10196226,91.03652239,98.92999092,88.70653773,95.41795763,102.5118142,102.1988546,101.1901856,99.4864332,90.72356273,99.97308547,89.61067818,95.86987137,88.98475886,86.23791193,95.66144024,95.24395205,92.25362251,95.24395205,91.24526649,95.55691171,92.8448033,94.27033455,93.96560898,93.40093262,89.43698557,94.02685194,94.69226797,95.31523355,93.81842081,96.28735956,91.2495501,94.02685194,91.17547648,94.16759252,92.3925766,94.54855569,91.73852216,94.54855569,96.07861547,95.9046099,94.37486308,96.77401183,94.20085751,98.19985604,96.07861547,90.41060307,83.94266579,83.52549056,82.06490783,79.59596908,84.22088693,83.94266579,79.70049761,74.93631271,67.32106531,67.32106531,65.06087065,57.65405439,53.13366507,47.08290301,38.42456107,37.20746096,34.32134698,33.27793947,32.09589084,27.01884017,25.80177135,26.01042156,23.08947517
31,,22.49846649,18.01269372,15.89150247,15.47419944,14.84827621,14.70919606,13.52688966,14.11804286,13.83985128,15.19603916,16.69127588,15.96104254,17.31719912,10.36250344,8.554273804,7.406768734,14.81350617,17.17811898,17.90835232,19.64704189,15.85673243,16.16969405,27.36674094,43.18870334,51.46466037,57.37619238,73.30249618,89.3680679,98.37416439,90.41116897,94.13196966,101.9560101,102.4774042,100.8083799,100.530157,90.75886933,99.06987807,91.24583761,94.54914749,90.75886933,85.47326056,94.89684785,95.66203901,92.28893868,95.07085451,91.80197041,95.14033199,93.15834606,93.85374678,94.13196966,93.957963,89.1593225,93.7842693,94.65336371,95.17507073,93.957963,96.04447811,91.87176085,93.54078516,91.55879923,93.85374678,92.3931549,94.61862497,91.83670915,94.51440875,95.69677775,96.32270098,93.81900804,96.77461756,94.30566335,98.09594151,95.97500063,91.97597707,83.52601337,83.80423625,82.30890564,79.59646729,83.73475877,84.22141409,79.83995143,75.35427255,67.73866453,66.79977968,65.44371698,57.96737688,53.41222053,46.84002654,38.70302446,37.34664881,34.00860019,33.48689317,32.09609174,27.29720087,25.52377256,26.0453544,23.15915976
32,,22.56737091,18.01218638,15.89105487,15.4737636,14.84785799,14.70878177,13.52650867,14.11764522,13.87423053,15.1608108,16.6560367,15.99536204,17.31671137,10.39698063,8.51926381,7.441329173,14.77831988,17.14286608,17.97738603,19.5769504,15.89105487,16.16923862,27.26166297,43.22222466,51.35899755,57.47910258,73.20561134,89.15681126,98.28871214,90.63636648,93.92939748,101.9534575,102.4050423,100.8055405,100.6318517,90.82578856,98.92782369,91.41953131,94.4075334,91.01602604,85.36663986,94.92891277,95.61109981,92.25160154,94.99870125,91.97338649,94.99870125,93.29467323,93.67710156,94.16405612,94.0945806,89.1220735,93.67314483,94.80182913,95.06817677,93.99005436,96.02596768,91.90736249,93.57288827,91.52116969,93.85110332,92.3919983,94.73619962,91.79938473,94.39288319,95.73331414,96.35472574,93.82018252,96.70241631,94.37279564,97.98896528,96.08056154,92.11954481,83.62787408,83.76713808,82.27184958,79.63295057,83.6973496,84.25377969,79.83770268,75.42162566,67.84128286,66.65894716,65.57276453,57.89626866,53.37597837,46.94292054,38.80614764,37.24138363,34.11185559,33.52068775,32.06013701,27.26166297,25.55782272,26.04462081,23.08896935
33,,22.49656554,17.9416063,15.95969395,15.40335779,14.88182003,14.67318615,13.52574674,14.11684999,13.80391482,15.2295223,16.68986559,15.95969395,17.31573595,10.32686079,8.553551032,7.440910015,14.81225454,17.21143465,17.8720721,19.61061476,15.89015975,16.23786203,27.36442866,43.15031841,51.59956815,57.30187292,73.43555882,89.71267983,98.50911617,90.05698621,94.36747978,102.051603,102.399274,100.8693339,100.3542648,90.8206725,99.09624321,91.03481298,94.74988656,90.3687941,85.70950228,95.00464764,95.55691171,92.41079673,95.02808593,91.5510632,95.39754978,93.10603879,93.88694958,94.0957585,93.8796018,89.29073242,93.79278182,94.71331438,95.15403059,93.95590467,96.03936848,91.85108208,93.52390075,91.58923838,93.9611583,92.29471563,94.73051417,91.77642287,94.65091306,95.64166771,96.42688306,93.92728776,96.85634039,94.27070452,98.17984839,96.07077429,91.6610074,83.56258274,83.86662703,82.26721535,79.62871396,83.69263507,84.07535479,79.83320555,75.31316988,67.69820532,66.86392014,65.29924426,57.96247907,53.30318724,46.90554052,38.6299698,37.41327784,34.04046252,33.44932797,31.98885951,27.29489446,25.521616,26.04315376,23.22673718
34,,22.35865531,17.9826198,15.86090207,15.54328437,14.92177033,14.53913675,13.49566747,14.19131366,13.87418711,15.16522458,16.62610661,16.06484988,17.21741526,10.40000751,8.556523209,7.37176799,14.91738072,17.24711928,17.80872391,19.64642703,15.85623619,16.3778017,27.51308524,43.37411252,51.53283803,57.51366035,74.23905764,91.13845615,98.96225175,88.56536625,95.51978168,102.5439854,102.1612453,101.2921781,99.27520358,90.86024197,99.97058253,89.46948407,95.93725942,88.80884277,86.37470348,95.65904525,95.24156751,92.25131283,95.27630517,91.27771971,95.58925699,92.70321527,94.30271204,93.98976022,93.29438126,89.57369703,94.02449787,94.61566386,95.38083107,93.74659665,96.38916185,91.1731938,94.05954847,91.13845615,94.12902378,92.39026344,94.54618856,91.76435979,94.58092621,96.07621003,95.79799586,94.47671325,96.73685133,94.26797439,98.16265984,96.04147238,90.30412658,84.01003949,83.52339941,81.99337794,79.55923865,84.28825367,83.87108888,79.80271517,74.83022364,67.24990455,67.35411751,65.09397943,57.65261096,53.09759716,47.04698659,38.38886142,37.20652943,34.38996301,33.20763102,32.09508728,27.02611412,25.83592562,25.97500141,23.0888971
35,,22.60305955,18.01291922,15.89170141,15.47439316,14.77892115,14.74415067,13.527059,14.1182196,13.87479501,15.16142762,16.65671436,16.03078329,17.31741591,10.40000751,8.519610421,7.441631927,14.7093802,17.17833402,17.94334698,19.61251737,15.89170141,16.16989647,27.26277212,43.15450483,51.39582629,57.37691065,73.26867465,88.95169064,98.2364392,90.79474468,93.75070417,101.9225473,102.4092087,100.844381,100.6405801,90.96875352,98.79289193,91.55994542,94.3415831,91.14244939,85.30063469,94.86329665,95.62849739,92.29009401,94.96751418,92.04660683,94.89803583,93.36794732,93.64617368,94.23736558,94.02861757,89.16043865,93.61143451,94.86329665,95.00256632,93.95913922,96.01094128,91.9423893,93.61143451,91.52489328,93.82018252,92.39431154,94.75907913,91.80311964,94.3415831,95.69797574,96.35864599,93.88966087,96.60213317,94.44611359,97.92347367,96.1151588,92.25535484,83.56179817,83.73580701,82.37941438,79.59746373,83.63127652,84.29194677,79.87569009,75.49417258,67.87878219,66.55744169,65.61854509,57.8986242,53.41288917,46.97956961,38.73824814,37.34711634,34.11324345,33.52205155,31.99196305,27.26277212,25.59363303,26.04568045,23.08990874
36,,22.42857545,17.94284158,15.85648431,15.47395731,14.95238363,14.60465742,13.42236952,14.25693121,13.87440421,15.16100059,16.58670622,16.06510126,17.24738916,10.36234129,8.554139948,7.406652834,14.81327437,17.35169763,17.80376362,19.61196496,15.82171482,16.37805798,27.47065248,43.36203146,51.42911687,57.54929851,73.99673899,90.79616549,98.85958571,88.97563847,95.16892484,102.5315504,102.3005064,101.29657,99.70349822,90.71295528,99.76371768,89.95753177,95.59075275,89.29688013,86.06309833,95.59075275,95.38232358,92.21801817,95.13884325,91.38336259,95.52127636,92.80919342,94.26944948,93.92175456,93.50458325,89.43614588,93.99123095,94.6171444,95.31284719,93.85227817,96.14718981,91.52231538,93.85227817,91.27914801,94.02596915,92.35697095,94.65188259,91.62684292,94.68693374,95.93876063,96.07771341,94.19997309,96.80784144,94.19997309,98.19893407,96.00823702,90.72271096,83.87240129,83.59418276,81.95992276,79.73448752,84.11588161,83.94187768,79.66501113,75.0401367,67.49443719,67.21621867,65.02552162,57.79277884,53.13316621,47.04772277,38.52841491,37.17237343,34.32102475,33.20815064,32.06053835,27.12292627,25.83632989,26.04494684,23.0197194
37,,21.20534625,16.79046761,14.91327364,14.7046861,12.58414522,12.13224206,13.03607967,9.768354264,11.40220132,10.32456684,10.6374325,12.09748268,11.71506698,6.813525808,4.623466176,4.136772353,8.551650992,13.34894533,14.39182044,14.8437236,11.99317327,9.490247977,16.44284257,21.83107757,27.60169698,34.2340678,47.26462287,64.99645948,66.87638253,70.32290812,81.18479017,89.05258145,91.76813029,89.43545911,88.46071901,78.50433322,76.97593425,80.37174698,70.64459303,70.49895816,73.24529294,79.85019992,78.28102309,81.24088779,80.48123906,81.21302007,80.89886234,82.07498764,82.10971573,82.24894095,81.17111875,83.18753793,82.04025955,87.3589758,88.92330411,93.82497043,90.14003867,94.52341098,92.1633782,94.72883933,98.98424563,99.98967062,103.1518777,108.7880419,107.3504718,116.2766871,120.593617,121.4640214,127.1037906,139.3232904,140.5417938,142.769816,134.2271837,120.4532798,117.706945,110.1737819,103.5244537,100.4646055,91.04390757,91.56545463,84.78659433,77.79936551,76.82604043,69.87322683,60.10493514,58.19301308,48.3899933,44.91374294,41.54167683,37.3699261,36.1882325,35.38854787,30.79987235,29.65271912,28.71412213,26.41975309
38,,21.2052799,16.89469288,14.84367716,14.77415863,12.58410585,11.99313575,13.17507595,9.733564436,11.40216565,10.39405307,10.60263995,12.06268557,11.71503033,6.883023024,4.588692445,4.13675941,8.551624237,13.24459448,14.49605321,14.66988083,12.16696337,9.385940487,16.51230966,21.79625,27.32461657,34.44334852,47.23148055,64.78738204,66.77162838,70.39233748,81.14950308,88.98246669,91.87189031,89.29578524,88.14684614,79.02582998,76.7653516,80.1280868,71.20359216,70.08168897,73.62738442,79.78049414,78.31797055,80.82327213,80.69760234,81.32204769,80.96528334,81.93581894,82.07473086,82.49209235,80.78854415,83.29146161,82.35286756,87.25451855,88.6448892,93.92886083,89.96611675,94.76890441,92.02529428,94.62404615,99.05342632,99.82313573,103.2931994,108.898374,107.0408812,116.2064017,120.6624181,121.5675953,126.6850271,139.0438771,140.7148049,142.8036997,134.3255409,120.9046795,117.5676648,110.3487874,103.4887541,100.3253793,91.39121539,91.46067135,84.75160109,77.972762,76.68657529,70.01223301,60.03529114,58.57515166,48.35511393,44.91360242,41.47209091,37.50903397,36.11835045,35.24952523,30.90408507,29.72214488,28.81831009,26.3501519
39,,21.21238107,16.93512143,14.84864797,14.74433525,12.58831998,11.99715198,13.24902979,9.736823986,11.30167126,10.50187782,10.57141963,12.03192288,11.68418252,7.026082819,4.590229094,4.103373811,8.450175263,13.21425889,14.46613671,14.84864797,12.10149599,9.458625438,16.44829745,21.80354907,27.22834251,34.25262894,47.3278668,64.36748873,66.83650476,70.17463696,81.16330746,88.81384577,91.52603906,89.16155483,88.15316725,79.21601152,76.60803706,80.05070105,71.60052579,69.93114672,73.61730095,79.98122183,78.24236355,80.71137957,80.78085879,81.23309965,80.78085879,81.78924637,82.24148723,82.90216575,80.43314972,83.45862544,82.44992489,86.97076865,88.81384577,93.71682524,90.30921382,94.58625438,92.3954682,94.51677516,98.93308713,99.66324487,103.2104407,108.739359,107.1050325,115.9376565,120.5627191,121.188658,126.6136705,138.6454682,140.3843265,142.5400601,134.959314,121.2581372,116.9116174,110.6522283,103.80164,100.532674,91.70005008,91.2130696,84.91894091,78.06835253,76.67751627,69.9661993,60.47258388,58.35127692,48.44078618,44.75463195,41.55545819,37.73034552,36.26971708,35.22658988,30.94920506,29.76686905,28.79318978,26.35897596
40,,21.2820561,16.93522744,14.84874092,14.74442754,12.58839878,11.96245595,13.28388385,9.702113809,11.33651312,10.46714113,10.53671468,12.06680062,11.68425566,7.059258007,4.555486702,4.103399495,8.48499928,13.2143416,14.46622725,14.84874092,12.10157174,9.458684644,16.37882686,21.8732278,27.22851295,34.21810352,47.25868339,64.43737129,66.69765084,70.24455586,81.09433584,88.84914152,91.52661196,89.09263328,88.25793852,79.18176754,76.67799623,79.94666967,71.56623414,70.10559655,73.58302193,79.87719002,78.31233295,80.64240512,80.85084408,81.12907567,80.88558391,81.7550185,82.20726219,82.90268467,80.53787267,83.42440801,82.3462215,87.00605287,88.88388135,93.71741185,90.3097791,94.55210661,92.39604655,94.51736678,98.86422674,99.62912888,103.3153062,108.6010804,107.2449752,115.7646831,120.6680062,121.1894166,126.5446704,138.646336,140.419945,142.3672532,135.0646912,121.3634287,116.9818289,110.5483885,103.7324971,100.6378357,91.73536389,91.318173,84.71103349,78.34707278,76.6432564,69.79262514,60.61223468,58.28216251,48.51056904,44.78965191,41.59045813,37.66078906,36.2699441,35.19175758,31.01894103,29.69751313,28.82814114,26.35914096
41,,21.17403168,16.93225982,14.88093525,14.74184383,12.6209579,11.89082967,13.24679104,9.735178707,11.40405665,10.43054191,10.60439836,12.06468611,11.61267813,6.988459637,4.58945346,4.137445474,8.518277457,13.14249595,14.56801867,14.7070788,12.20374624,9.352732075,16.51504816,21.76509979,27.3280367,34.35135524,47.2504021,64.53108865,66.72654328,70.10179193,81.34139166,88.69432432,91.64634624,89.25962784,88.14875319,79.10139503,76.6751726,79.97921024,71.59850906,70.03096596,73.559356,79.94095215,78.35451203,80.83963372,80.66143656,81.33796312,81.00937975,81.90979638,82.265174,82.65032027,80.74574807,83.3462214,82.43092228,87.16820116,88.81551963,93.82949144,90.17076088,94.85765091,92.2294621,94.3595972,99.17254243,99.64640428,103.2624682,108.7209848,107.0184716,116.1289616,120.4146476,121.5233063,126.3835606,138.7262418,140.4648063,142.6204885,134.6583264,121.1334464,117.2047789,110.5637505,103.440334,100.6130724,91.52517972,91.37163849,84.73914309,78.02042719,76.73402717,69.96773214,60.28869683,58.51539862,48.32808677,44.85127075,41.51370262,37.54998842,36.2635884,35.22063747,30.90921039,29.7618392,28.75355943,26.42405202
42,,21.24728497,16.90045631,14.91831446,14.74442754,12.55362765,11.92768483,13.24911273,9.806427181,11.301742,10.50194355,10.46714113,12.13634287,11.68425566,7.024455586,4.590257826,4.104350058,8.48499928,13.17957048,14.46622725,14.88354334,12.10157174,9.458684644,16.37882686,21.80368555,27.12419958,34.3573758,47.22394356,64.29809901,66.69765084,70.27960866,81.19855532,88.74492204,91.49187213,89.16211293,88.25793852,79.14702771,76.71273606,79.98172247,71.63571379,70.00137707,73.5482821,79.84245019,78.34707278,80.78136443,80.71188478,81.05959602,81.02485619,81.72027867,82.17252236,82.90268467,80.5726125,83.25039591,82.45044098,87.00605287,88.91862117,93.75246465,90.27472631,94.65632609,92.39604655,94.37840748,98.86422674,99.55964922,103.3847858,108.5663406,107.3144549,115.7299432,120.6329534,121.1894166,126.4751908,138.5768564,140.4894247,142.3325133,135.099431,121.4676481,116.9818289,110.444169,103.7324971,100.8462747,91.70062406,91.24869334,84.81525297,78.34707278,76.6432564,69.79262514,60.64697451,58.35164216,48.44108939,44.82439174,41.52097847,37.73058169,36.2699441,35.05279828,31.1232544,29.66274201,28.89768339,26.39391208
43,,17.55567584,13.34927945,11.29820598,12.09778548,11.54155899,11.19392525,10.46386624,9.838119255,10.74197949,10.39434575,10.88105176,10.84629151,13.52308068,8.447584304,5.666483114,5.909836117,10.35958551,17.55567584,17.10376137,17.7642686,14.80933489,13.21020718,27.08095289,34.79841561,39.38733113,46.61815042,72.9279986,91.28987361,92.82243705,98.67401444,105.8490696,119.815804,119.3979461,120.6166597,117.5228073,98.06624641,92.33476118,91.8108492,76.02825873,71.47407217,70.39653586,75.81957211,78.568188,79.26118053,75.33305383,76.02825873,77.87077073,78.49651772,77.21029479,73.94233116,71.30042739,75.7501142,79.08753575,82.3551865,86.66595749,84.40638512,83.01566245,82.63333104,81.03423462,84.58002991,86.52704166,93.13211396,94.20965027,98.76383683,102.8231649,112.8247237,118.6923176,122.9600163,125.7575758,132.7029416,133.7505599,141.36979,132.8935212,122.5422223,104.3608307,99.52849965,92.85396943,81.62525265,75.29832488,69.45791539,65.66870452,62.88757204,60.34985514,56.76901802,50.19867467,46.82683704,38.48343961,35.91099375,33.09513231,31.14830829,27.77622036,27.70669987,24.78652642,24.2998517,21.69255173,20.30201678
44,,21.49037784,17.90863256,15.02239275,15.16147507,14.95285159,14.32691856,13.84006785,13.21413482,13.52710134,14.50077146,16.20471766,15.75263753,18.81276152,11.06087452,9.423766051,7.513053931,13.70098553,14.7789674,16.37857056,16.34379998,15.37012985,16.96973301,29.0363448,47.08393449,50.83953268,60.19378887,82.58842086,109.4688019,86.48297619,95.94176319,110.6389979,89.29967483,124.6996304,99.41913415,77.44168651,111.1725916,87.07416993,96.67191407,102.2358328,73.51239191,94.65484488,96.70665336,92.5338708,93.924694,90.03013868,92.63808865,93.57991694,92.79069476,91.56023197,93.19454312,86.62224629,90.76028956,92.56861008,93.05527302,88.95196903,93.924694,91.94267705,90.76028956,89.92560786,89.82139001,86.9352128,92.15111275,88.70848108,94.65484488,91.35520015,94.09870338,90.16909581,95.73301452,91.52517972,95.24603863,91.42096187,95.83723237,83.84028693,82.1712365,78.65881329,74.34707361,75.77263609,82.06670568,78.03288026,75.28597315,67.46181026,63.53220269,66.31416205,62.17611878,54.35195588,51.91770233,43.71109435,37.1735368,34.73928324,33.27866852,32.86148415,30.46206376,26.74123616,25.07209184,23.92453751,21.38603481
45,,21.38650334,18.04814156,14.98795053,15.16180723,14.98795053,14.25768976,13.90991374,13.11011029,13.63174301,14.46631781,16.23984401,15.71821129,18.74363099,11.12795603,9.493515192,7.407046908,13.73605704,14.70974849,16.37892938,16.41370072,15.26615256,17.03964747,28.82832159,46.94600583,50.97991963,60.05614742,81.86006335,108.8799935,87.66728427,95.07442507,108.6365002,91.73593811,122.2683684,102.0640594,77.30442294,110.4101203,88.08447777,95.56109866,103.3506929,73.44452234,94.23972508,96.91752526,92.64011818,93.50955821,90.48404462,92.22292467,93.85727162,92.64011818,91.87521126,92.77907836,87.04133752,90.41456453,92.64011818,92.88361146,89.16267104,93.92675171,92.15313161,90.44930457,90.1363312,89.61460459,87.21535072,91.97943139,88.88443771,94.34394522,91.66645802,93.71799847,90.41456453,95.70037181,91.63171797,95.28286533,91.35348465,95.87407203,84.085617,82.03376357,78.52157638,74.45292255,75.91356927,82.17303672,77.96510973,75.18308942,67.6022484,63.84656793,66.03738154,62.24696103,54.63137996,51.71008651,43.85101216,37.20909125,34.80952441,33.24465754,32.68819089,30.63661914,26.63750798,25.28130047,23.82074763,21.49084866
46,,21.35166517,17.70034145,15.02267485,15.30087601,14.9565495,14.3271876,13.77078528,13.21438296,13.63481549,14.50104376,16.27456442,15.72175405,18.6044561,11.19746367,9.319629315,7.511337425,13.66959467,14.91836115,16.34410689,16.30933565,15.37041848,17.17871037,29.34986245,47.08481865,50.77100749,61.06435651,83.00716394,111.1399393,84.08535383,98.13437157,113.9914308,84.74603855,129.2575982,93.787498,78.31257805,112.7395412,84.64150577,98.96875597,100.0122059,73.93096455,95.28256712,96.81268915,92.18789611,93.92645775,89.30135173,93.54400548,92.60508831,93.26577303,91.63143119,93.19629315,86.38038039,90.86621369,92.88332076,92.81384089,89.09291211,93.96119768,91.70091106,90.69251401,89.54484425,90.58798123,86.44986026,92.32685585,88.9536394,94.6218824,91.52689841,94.13521033,89.82307671,96.04778462,91.14444615,95.63059243,91.35319873,95.3870999,83.98082105,81.96402695,78.73008322,74.07023726,76.01755149,82.06824676,77.7213732,75.35686677,67.15010469,63.67235546,66.1761346,62.35098602,53.83125155,52.30112952,43.12071032,37.41772738,34.28800346,33.59226583,32.75788143,30.32355086,26.74173831,25.35076381,23.71635938,21.4907814
47,,21.28232253,17.77005076,15.0228159,15.26624811,14.95327278,14.36209368,13.73614302,13.24927859,13.63182834,14.46640836,16.30948879,15.64876656,18.63943364,11.19756881,9.356538235,7.511407951,13.6665999,14.91850122,16.34426035,16.27471723,15.40533435,17.10932854,29.38490958,47.08526074,50.80622445,60.85617532,82.97320305,111.0715023,84.25984464,97.82231764,113.6447855,85.33804466,128.6676014,94.44906952,78.1743523,112.7058595,84.71209399,98.90020469,100.2215865,73.79269766,95.10976045,97.12657348,92.15370844,93.82311886,89.33693046,93.33612925,92.88419287,92.98841365,91.84073311,93.30138898,86.27697065,90.90180712,92.81471234,92.84945261,89.09374863,93.92733965,91.70177207,90.79758633,89.64990579,90.41513048,86.48541222,92.25824221,88.95447461,94.58803057,91.45827726,94.3097955,89.92814086,95.94446566,91.14530193,95.59643709,91.24983569,95.45747604,84.01634983,82.03427706,78.62628868,74.14041325,75.91404446,82.06901732,77.86137697,75.25304056,67.2202157,63.6729533,66.17675595,62.49084547,53.83175698,52.23214006,43.12111519,37.38302547,34.39254618,33.55784097,32.65365524,30.42815025,26.7419894,25.38577339,23.6818105,21.5605263
48,,21.35179882,17.83953805,15.02276888,15.23142888,14.95322598,14.36204873,13.77087148,13.21446567,13.63178568,14.43159163,16.27466629,15.64871759,18.77846111,11.09318811,9.391317414,7.511384442,13.73610003,14.84888033,16.34420919,16.34420919,15.30097179,17.14404645,29.21092906,46.94615276,50.94533903,60.68228409,82.65996902,110.7581804,84.88552963,97.19606278,112.2188317,86.83285605,127.1718073,96.43084049,78.03483405,111.9753376,85.75497238,98.13498584,100.9864952,73.4447522,94.83122858,97.02204904,92.18847315,94.10105942,89.61488506,93.16213636,92.95338247,93.02286278,91.73622522,93.40531743,86.06794673,91.11027651,92.64040812,92.88390216,89.02367651,93.89230553,91.97971926,90.55380812,89.71941849,90.27557392,86.72863559,92.18847315,88.81523559,94.65721484,91.56252445,94.13579957,89.92785941,95.94416538,91.19953402,95.5961379,91.38851071,95.49191744,83.91186642,82.20803405,78.55656229,74.24440167,76.08750763,82.03402031,77.61763923,75.53103923,67.25474547,63.49905325,66.21160196,62.5601302,54.00560224,52.16249628,43.25994085,37.27868801,34.496659,33.52299579,32.68829319,30.53240067,26.63759135,25.28137959,23.75127928,21.52568737
49,,21.42140876,17.83959388,15.0228159,15.23147656,14.91850122,14.32732212,13.8404577,13.17973547,13.6665999,14.4316368,16.23994567,15.64876656,18.81329144,11.09322283,9.356538235,7.54783311,13.70137146,14.88372966,16.27471723,16.3790319,15.33579123,17.1441001,29.14147737,46.98103995,50.98023874,60.57825322,82.62548746,110.5150322,85.19877063,96.88339165,111.8364141,87.35485769,126.6507884,97.05709296,78.03507828,111.7669335,85.92925506,97.82231764,101.2997866,73.51446259,94.69256433,97.05709296,92.15370844,94.13609419,89.61516553,93.05789418,93.1971682,92.88419287,91.70177207,93.44066301,86.20717715,90.90180712,92.67543832,92.95367339,88.98921487,93.92733965,91.94526687,90.58883179,89.78917982,90.10215515,86.86818105,92.11896818,88.95447461,94.41432926,91.63229154,94.20557472,89.8934006,95.90941242,91.14530193,95.52695657,91.52775778,95.56169683,83.80790826,82.27777187,78.62628868,74.24463404,75.91404446,82.10375758,77.68736268,75.4617951,67.32443649,63.53399225,66.21180919,62.52558573,54.04051153,51.98864525,43.50357105,37.24406442,34.53150723,33.52310071,32.6883955,30.53249623,26.60290316,25.31623027,23.75135362,21.45621162
50,,18.22062966,12.65706954,11.57914502,10.39688302,10.43165175,10.2578081,9.353727233,8.553952557,9.249421043,9.214621018,9.875320774,10.64029542,18.18586093,12.41368843,9.527570883,9.318958503,12.58753208,16.273393,18.32496714,21.90649058,24.47962696,33.69437316,39.25768292,49.27207861,60.95574889,80.11516555,90.99893597,104.6992552,113.7748013,123.6846717,133.0036928,132.0995806,123.4508552,118.2950491,118.7938956,112.1596288,108.2782796,93.88495963,82.30581461,74.37785567,74.34311823,82.82750203,78.68936596,78.20272892,80.01095325,77.40282907,76.88145459,75.26306386,73.92345322,76.88145459,75.1079677,71.28309445,76.44728222,80.01095325,77.54209176,79.14157852,79.59347812,78.27220379,77.85504162,77.78556675,77.26387933,84.98341366,90.16429868,94.5455968,91.13788571,97.70983288,96.56255868,99.44858234,103.8298805,112.940164,111.6536271,113.2183764,108.5936033,92.00726044,81.78412718,83.45340177,81.05401515,75.73386743,73.43900607,69.544345,63.91124742,61.96407336,59.66921199,57.06108781,52.40157727,47.39437942,40.99643237,39.77937034,34.1810102,32.4425737,32.05983601,29.34774989,26.70504475,26.25301997,22.60192777,21.80218439
51,,18.01359573,14.04920629,13.52756704,13.17981797,11.44107264,12.90161246,10.39779414,10.84988983,10.53691254,10.50214076,12.03222414,12.41477628,14.57084554,13.84054433,9.458862265,9.145884975,13.38847993,18.63955031,19.57848219,24.79474949,28.86345427,34.01030321,35.81837302,47.71151005,60.23060167,79.94817096,87.11190816,97.16192193,107.3859511,112.776046,117.7142017,115.3496582,102.7955132,84.85158617,106.3427978,116.8794912,111.8023736,102.8305666,93.96266807,80.95689677,85.79051804,89.47676457,90.10271915,86.24277022,82.80002003,81.44357645,83.9126543,81.20008012,81.06111821,81.06111821,78.38328451,78.66152132,78.73131526,86.41647262,85.58176219,83.56493653,79.94817096,82.52178322,79.18325446,81.8260347,84.60808984,88.9897719,92.05006385,93.54546934,94.7973785,91.21535341,92.88477428,91.49359023,95.59703548,93.19775157,93.99740855,91.45884975,86.76419039,82.69548562,86.34699166,86.06875485,82.17406545,80.08744585,78.38328451,75.11454969,70.73286762,65.20349783,62.56071759,60.3003956,56.26643131,48.02448734,42.94736974,40.33932998,39.50461954,32.72365357,31.54122537,30.91520819,28.62002053,25.45547585,23.85581762,24.86429305
52,,18.25642679,14.18784935,13.35329023,13.1446348,11.6493387,12.86643799,10.25838596,10.84955027,10.60612415,10.4670101,12.240503,12.37961705,14.29219271,14.0487666,9.528107611,8.832631243,13.45760229,18.56939428,19.64741082,24.58534937,28.68869749,33.76575009,36.20001127,46.97986367,60.05501969,79.73723249,86.97250349,96.29820904,107.1305143,112.3900702,117.4322895,115.8088465,104.0160303,84.8189694,105.296036,116.3002379,112.5640801,103.3589765,94.16847666,81.4228519,85.50960497,89.54344302,90.27359618,86.17027935,82.55393995,81.58029807,84.04929864,81.12806004,80.95436308,80.93380829,79.06111869,78.11147245,79.25025507,85.54434436,85.57908376,83.9447675,80.26918743,82.03222313,80.08493938,81.23259118,84.48076177,88.50032236,92.37171421,93.40327114,93.29905296,88.50032236,89.64766119,91.80369427,91.52546617,92.70785736,93.99446673,91.45598738,91.9429648,89.23047552,86.37902867,86.58777799,81.89326557,80.05019999,78.79833001,75.25115641,70.2089371,66.10562027,62.14157398,59.91574915,56.92534473,48.19699426,43.22425373,40.02509999,39.95562121,32.93106578,31.19243745,31.15766676,28.58435413,25.62856392,23.85507101,24.7939735
53,,18.46566013,14.08397807,13.42325171,13.11027442,11.61493152,12.86684068,10.43256591,10.67599965,10.7455432,10.53691254,12.10179899,12.34520143,14.22306517,14.22609284,9.493634042,8.902451238,13.31893638,18.67432209,19.64802574,24.51654398,28.68959538,33.59279151,36.13135031,46.80763164,60.09163975,79.32221638,87.0424272,96.08402814,107.0382333,112.04587,117.3664839,116.2535366,104.464934,84.39964696,105.0561481,115.9756128,112.9848018,103.5260022,94.41492025,81.33935502,85.2687849,89.40728361,90.41569644,86.31225118,82.66074514,81.61759183,83.94739478,81.26987406,80.88710283,81.06111821,79.14851398,78.03556674,79.1137735,85.30383835,85.6862966,84.19089111,80.15692681,82.20880593,80.05270538,81.09585868,84.5038684,88.2248554,92.46726258,91.59812464,90.55465835,88.50309222,89.65046696,91.80656752,91.5283307,92.71075891,93.99740855,91.45884975,91.94584241,93.89318711,86.48595358,86.69470943,81.79129422,80.22640777,78.38328451,75.60154235,70.14165352,66.35118556,61.90002253,59.95267783,57.06608828,48.2332432,43.26034703,40.02635269,40.09583365,32.79313453,31.36721,31.08906708,28.62002053,25.45547585,23.92536118,24.82952127
54,,18.49643752,14.08093723,13.38558926,13.14220808,11.61242377,12.86406263,10.43031344,10.67369462,10.67369462,10.56940181,12.09918612,12.37733157,14.21999431,14.18523004,9.526348563,8.90052913,13.28126516,18.67029016,19.67854785,24.51125067,28.68340108,33.58553856,36.05408332,46.83225849,60.0786655,79.3050901,87.01531219,96.26730696,107.135737,112.1912825,117.5221072,116.5813735,104.6998912,84.43106079,105.1129302,115.9630615,113.1520255,103.4689171,94.42926832,81.3565262,85.18090875,89.42271286,90.43090797,86.2936157,82.64289804,81.59996996,83.89453691,81.32179322,80.76543975,81.11308244,79.09669223,78.05345124,79.13142521,85.18090875,85.66779627,84.20744663,80.17435329,82.19105641,80.03542138,81.00888351,84.52035634,88.13634102,92.55181003,91.09146038,90.53510691,88.51500459,89.63195214,91.80599285,91.57418773,92.8551949,94.06246966,91.51040297,91.98269168,93.87291485,86.88470216,86.67599138,81.80836783,80.20908627,78.40140684,75.61995238,70.1265094,66.30212685,61.88665784,60.00919955,56.98430132,48.25756225,43.25100679,40.01771069,40.12190963,32.75132126,31.36043757,31.08235471,28.64863681,25.41521555,23.95499107,24.78939612
55,,18.32399228,14.11676164,13.38659457,13.03889447,11.75239472,12.79549501,10.39632992,10.67449626,10.74403002,10.50066185,12.10009482,12.37826116,14.22106228,14.22106228,9.457530268,8.901197595,13.35182769,18.67169237,19.68002579,24.51309156,28.7203222,33.62279656,36.09152671,46.83577578,60.04844206,79.38484851,87.3028643,96.00102642,107.392069,112.1062237,117.2457496,116.1676947,104.3813078,84.54302927,105.0413541,116.1923971,112.9688913,103.3026972,94.33184064,81.30728164,85.32656146,89.6031068,90.26370882,86.42961154,82.52087632,81.67556962,83.96342475,81.25842964,80.77150555,81.15390994,79.1327769,77.98984219,79.13736829,85.63000263,85.69312713,83.93557331,80.21511029,82.12744518,80.10359871,81.26340979,84.48039381,88.32677147,92.52402545,93.06226311,90.54190645,88.49062921,89.63784239,91.79363932,91.61377634,92.69770338,93.98417184,91.46944205,91.9328946,92.35003458,86.43903904,86.68250109,81.81451197,80.18037471,78.58097303,75.31269852,70.23598294,66.16785112,61.99551254,59.9442353,57.05805224,48.15697982,43.15004835,40.05545177,40.09018735,32.82325219,31.29332169,31.18902105,28.51168962,25.52145627,23.99155706,24.89558983
56,,17.90936121,14.15361022,13.52765172,13.14512848,11.47591625,12.90169322,10.36308723,10.84995775,10.57175049,10.5022065,12.03229946,12.380082,14.60570874,13.84063097,9.458921474,9.076398235,13.42333573,18.67443898,19.57860474,24.7601327,28.82886295,33.97577541,35.8536509,47.67706801,60.19623799,79.9486714,87.21698851,97.12778943,107.3171419,112.6377891,117.7149385,115.385121,102.9354324,84.8521173,106.3087227,116.7412601,111.9423492,102.9354324,93.71975838,81.06162561,85.82579575,89.44258396,90.17276455,86.31279146,82.62652186,81.54862133,83.94792025,81.02688492,81.2005884,80.99214422,78.45356953,78.59253232,78.83603017,86.34753216,85.44333511,83.73947607,79.91393071,82.55704047,79.25323151,81.7918062,84.53913806,89.02506964,91.94641795,93.58079559,94.83271259,91.21592438,92.8853557,91.56395731,95.04146975,92.71133924,93.99799693,91.45942224,87.77315264,82.69600325,86.34753216,85.96507152,82.24406122,80.08794717,78.41882883,75.18450127,70.69856968,65.23864668,62.5263685,60.26603236,56.3710056,47.95530656,42.98237927,40.37432318,39.40064474,32.7585991,31.5761635,30.84585772,28.68977497,25.45563519,23.85596695,24.89925198
57,,18.01365211,14.25791287,13.42610911,13.14508734,11.51065222,12.86688095,10.25873914,10.9217578,10.60648929,10.43259856,12.17138064,12.41481514,14.32745664,14.01447837,9.563238824,8.867707215,13.42329372,18.63960865,19.64808723,24.69051144,28.72445706,33.6626908,36.23599813,47.01622166,60.19604959,79.94842118,87.07744021,96.25834478,107.4210278,112.3591989,117.6450889,115.6629975,103.6652885,84.53887347,105.8213958,116.4279164,112.3591989,103.1438667,93.89348098,81.75680962,85.16483001,89.75528229,90.03351997,86.31252132,82.62626326,81.40909077,84.19115461,81.0961125,81.13085308,80.64417188,79.1487617,78.20982689,79.00948637,85.82552713,85.4083271,84.12167343,80.1224371,81.8262908,80.15717769,81.5483661,84.29537637,88.60759097,92.32858963,93.51102153,94.72819402,90.41597942,89.65074755,91.80685485,91.52861717,92.71104907,93.99770274,91.45913599,91.94613018,85.61708361,86.55601842,86.45148367,82.20906322,79.84419942,78.62702693,75.2888007,70.24609481,65.82965845,62.66513516,59.91781191,56.64906686,48.0944318,43.0520389,40.06121855,39.88720263,32.93219952,31.26305511,31.15873945,28.51579445,25.62944625,23.78634851,25.00348971
58,,18.08319588,14.25791287,13.35374995,13.14508734,11.58019599,12.90165284,10.25873914,10.84992379,10.60648929,10.43259856,12.24092441,12.38004325,14.32745664,14.01447837,9.563238824,8.834787944,13.42329372,18.63960865,19.68285912,24.65573955,28.65491329,33.69743139,36.27073872,46.87725931,60.23079018,79.84419942,87.25145613,96.04958828,107.4210278,112.3939395,117.5756077,115.6977381,103.8045638,84.53887347,105.6824335,116.3236946,112.4634207,103.1786073,93.99770274,81.58310668,85.33884592,89.65074755,90.17248232,86.27778073,82.55678208,81.47857194,84.10957189,81.13085308,81.0961125,80.81787481,78.97474578,78.24456748,79.07928053,85.86026772,85.33884592,84.01713869,80.15717769,82.00030672,80.15717769,81.40909077,84.26063578,88.5381098,92.50260554,93.3717462,94.72819402,89.19880693,89.67628827,91.80685485,91.52861717,92.71104907,93.99770274,91.45913599,91.94613018,86.97321845,86.55601842,86.45148367,82.13926907,79.77471824,78.76630226,75.2888007,70.21135423,65.93419319,62.35215689,59.95286547,56.96204513,47.98989706,43.19100125,40.02647796,39.95699679,32.89745893,31.22828322,31.12393627,28.55056633,25.66421813,23.75157663,24.96871782
59,,18.04831102,14.25782363,13.38843803,13.21454839,11.44103683,12.86680041,10.29344659,10.88462754,10.64119457,10.43253326,12.13653279,12.41473743,14.32736696,14.04916232,9.528375997,8.867651707,13.4232097,18.67426364,19.61319258,24.72512856,28.72427726,33.7667012,36.09649686,47.12046145,60.23041316,79.87844,87.18552229,96.36890044,107.3582667,112.4627167,117.5515365,115.6839973,103.5641331,84.75717975,105.8207334,116.3924473,112.4279763,103.0734274,93.89289325,81.7215575,85.16429691,89.78946084,90.03295641,86.27724068,82.55626532,81.54785564,84.05166613,81.13034524,81.19982599,80.57387336,79.18300664,78.10511622,79.18300664,85.7207688,85.47727323,84.0864065,80.0871952,81.93031269,80.05245483,81.54785564,84.26010835,88.78105116,92.29327132,93.47569582,94.65780735,91.21506793,89.65018638,91.80628018,91.52804424,92.71046874,93.99711436,91.4585635,91.94555464,84.92080134,86.4856829,86.38146179,82.31276975,79.87844,78.48757328,75.3230698,70.38492956,65.62080416,62.80401736,59.84795611,56.64871226,47.98959667,43.15599052,40.1651889,39.7132511,32.93199338,31.26285941,31.12374144,28.55038762,25.66405749,23.75142795,24.96856153
60,,17.94424553,14.15369881,13.52773639,13.17998297,11.44121587,12.83222955,10.39792431,10.85002566,10.64136109,10.50227224,11.96283035,12.44970392,14.43190781,13.94506554,9.49565495,9.0782735,13.38864755,18.63978367,19.57872729,24.82983212,28.79427119,33.87145236,35.85387533,47.57314371,60.1966148,79.98422575,87.07825782,96.91995193,107.5265721,112.4297357,117.7156754,115.3160484,103.1097813,84.78316662,106.2048525,116.8114726,111.908309,103.1795761,93.6508632,81.37511424,85.54809269,89.47788475,90.17332899,86.38281358,82.45302152,81.68809545,84.08772237,80.92316937,81.09687394,80.88811548,78.73230091,78.34952489,79.08002304,86.20879602,85.40912904,83.74000025,80.01896666,82.27931695,79.42774516,81.862113,84.57440815,88.88666324,91.9469935,93.6508632,94.65928866,91.28629017,92.88593713,91.66875321,92.95541896,92.71191958,93.99858532,91.45999474,89.96457053,82.48807542,86.24384992,86.17405511,82.45302152,79.8102082,78.55828336,75.25445372,70.69901223,65.20431413,62.63098264,60.12713297,56.58011693,47.99034766,42.91316649,40.27035317,39.53985503,32.82828599,31.43708452,30.88082302,28.72472677,25.52537026,23.71702743,25.00372448
61,,18.08155473,14.22181886,13.42207548,13.10912562,11.57914502,12.86571321,10.2578081,10.88370783,10.64029542,10.39785922,12.20504475,12.41368843,14.33867588,14.01320648,9.562370908,8.866902422,13.42207548,18.56834825,19.68107279,24.65350191,28.72185016,33.69437316,36.23270952,46.94247981,60.15584903,80.01095325,87.1042749,96.17982099,107.3950264,112.3886632,117.6368571,115.70317,103.7087929,84.56613485,105.7505907,116.3478751,112.4567333,103.1671148,93.91435011,81.67584998,85.29636352,89.77523166,90.06008637,86.23521312,82.66954219,81.3705301,84.23538618,81.03271808,81.22801527,80.60211554,79.18300664,78.16799149,79.10131425,85.7921291,85.33110096,84.17063955,80.08042812,81.89557232,80.19392619,81.36696501,84.41444205,88.51361926,92.43917631,93.43306002,94.70501327,89.99949904,89.6664632,91.81720009,91.53950412,92.71685274,93.99417256,91.45083558,91.95936957,86.24762906,86.4839648,86.378488,82.28498275,79.88794115,78.6045871,75.31670526,70.2397196,65.85842148,62.52049822,59.91237404,56.78429703,48.06555817,43.08286912,40.09232021,39.88358265,32.92921074,31.26021781,31.17679112,28.51320648,25.59235151,23.78418977,24.96645177
62,,17.97907401,14.18851543,13.49300641,13.21479655,11.37167574,12.86704204,10.39795685,10.85005962,10.60871389,10.46750149,12.06721605,12.41497056,14.4667253,13.94510918,9.493782609,8.867818232,13.49300641,18.70938665,19.57878857,24.76036519,28.89867828,33.80207632,35.88872857,47.39927451,60.26659823,79.91468106,87.18306641,96.60727308,107.6658727,112.2216415,117.8900619,115.3514633,103.2146401,84.818173,106.0662208,116.6033921,112.0823644,103.145158,93.65115631,81.54938702,85.44413737,89.58238787,90.1388702,86.41782496,82.31431549,81.65361009,84.19220862,80.95816367,81.09712776,80.74940455,78.87151142,78.34977011,79.11501156,86.07010175,85.37465533,83.80974439,80.12344018,82.10555637,79.6714939,81.86236921,84.36622672,88.92168247,91.9820223,93.68589734,94.65958492,91.35605793,92.67746873,91.63429909,91.70378114,92.71220975,93.99887952,91.460281,91.39079895,82.41853856,86.31360189,86.17432482,82.45327958,79.81045799,78.45430617,75.39396633,70.52521541,65.37853631,62.73540173,60.05783911,56.47575796,48.09503391,43.01752387,40.23573818,39.50523776,32.89787078,31.33295984,30.95046431,28.69004435,25.62976711,23.68232934,24.96903041
63,,17.97896147,14.08411031,13.38860564,13.17994172,11.47595216,12.86696149,10.43266387,10.8152196,10.57178358,10.50223937,11.99756501,12.41489285,14.71007076,13.73635797,9.458951078,9.111198746,13.49292195,18.63972533,19.50909051,24.86452651,28.82895318,34.08010416,35.78396853,47.81649343,60.3704434,80.05345702,87.00850367,97.19788801,107.456441,112.9368823,117.5625759,115.3854821,102.5906022,84.89403192,106.5772585,116.9156424,111.5949785,102.9704954,93.92880952,80.85312151,85.75658276,89.65130873,90.03408355,86.20852621,82.80079747,81.51382277,83.91344219,80.99239771,81.09662013,81.23589633,78.07104025,79.07977553,78.52329668,86.38254321,85.65236034,83.49623954,79.94892163,82.52255805,79.14925714,81.9660792,84.60888426,89.16462447,91.87722412,93.6853109,94.55476998,91.35548607,92.88564641,91.32074527,95.63298686,95.70246848,92.39864918,93.05935044,84.1222,83.00924231,86.03482218,86.3130616,82.03556081,80.19242024,78.41907427,75.08051416,70.69879096,65.23885086,62.35254719,60.3704434,56.23221881,48.02493826,42.87829138,40.40919035,39.40076805,32.72396083,31.61100313,30.95027057,28.58551715,25.42094276,23.78649741,24.96887412
64,,27.71112161,24.65141895,21.9741713,24.12986948,22.91294157,21.45265312,15.82003148,14.98555858,16.68923888,16.20248649,19.0535631,19.33172073,10.63939643,7.649225358,6.849549547,6.39753166,14.70740095,19.43601811,19.15786048,22.70434682,18.74063968,20.68771181,24.12986948,30.56219822,39.21963156,49.7548245,54.91273756,65.73616462,73.07870588,78.78605656,83.10094272,82.33549438,86.05906856,81.70910458,85.04995459,82.61392465,78.85558583,85.04995459,83.70678026,78.09191813,80.10839667,80.07366217,86.95797751,84.29062777,82.47284607,80.66477452,81.6382793,81.43465593,80.57488208,82.36832965,82.82050399,77.36155485,84.97623347,83.48108534,86.20151157,86.12718391,84.92186449,84.55879362,86.14956021,83.16816192,86.05394174,90.29593168,94.4681397,95.91151368,94.31422321,100.4264032,100.300903,99.07388268,100.5239144,103.5184031,104.9898212,109.966175,100.1174474,92.34008974,92.26112975,89.04423798,87.51435536,85.94973824,85.91500374,82.9941765,79.0306884,76.6315045,78.09191813,74.16285161,66.68742392,61.92410355,54.62266129,52.08422647,50.24173335,46.97324818,42.20992781,42.20992781,37.16841852,36.64677517,34.66503112,34.14338777
65,,27.99459165,24.58658053,22.04791146,24.13447635,22.91731611,21.52629372,15.99691399,15.02319205,16.58810789,16.17080743,19.16151809,19.16151809,10.95441087,7.685489474,6.781312401,6.259663355,14.57111917,19.23106295,19.33541154,22.74345396,18.63990035,20.72643393,23.9606142,30.49845699,39.08815484,49.41659938,54.80679549,65.48296433,72.68157718,78.3152742,83.04476285,82.24509086,85.86161136,82.03633109,84.67947394,83.04476285,78.76753488,84.36649077,84.12298987,78.24579194,79.91493118,80.08894982,86.66159634,84.54019643,82.31457312,80.85388068,81.89736656,81.20160498,80.64543389,82.27983199,83.32300489,77.1328238,84.7489562,83.42754127,86.27913091,86.03563,85.0966805,84.33143666,86.07037114,83.53176466,86.10511227,89.40896259,94.38195214,95.98160911,94.34689802,99.59812961,100.6416155,98.83319875,100.4675969,103.6321697,104.0844303,110.1353339,101.302323,92.08653359,92.74724105,89.16546168,87.46126833,85.96614774,85.86161136,83.49702353,79.25422371,76.54191158,78.3152742,74.07278737,67.29138107,62.04014948,54.73731323,51.85098245,50.77275544,46.8779929,42.35695104,42.25272765,37.07097832,36.5842895,34.70639049,34.28918393
66,,28.06039136,24.6180398,22.04494459,24.16599645,22.8794645,21.55816479,15.99476137,14.98640271,16.62064347,16.13386366,19.15893963,19.19370738,10.91816904,7.71922303,6.745632125,6.293588777,14.53435936,19.22847513,19.36757743,22.6708267,18.63739207,20.80802703,23.9225909,30.39004973,39.15236787,49.41288768,54.86884173,65.41948658,72.74126973,78.31540433,83.05950837,82.30072974,85.95873349,82.12534828,84.60411796,83.21258649,78.78923542,84.25061571,84.14640634,78.30473574,79.99285392,80.11290913,86.6151983,84.49408385,82.30349649,80.93878011,81.92108253,81.20905618,80.53005955,82.26876003,83.38126547,77.12244445,84.70281553,83.50932902,86.26752079,86.05878911,85.01575658,84.32008862,86.12826202,83.52052424,86.02405265,89.3969313,94.40398812,95.86417107,94.36925166,99.54999077,100.5930233,98.90206192,100.419341,103.583488,104.0353749,110.1899865,101.2886912,92.14361491,92.76949701,89.11872671,87.51928499,85.91984328,85.85005742,83.52052424,79.3130318,76.46182589,78.23526282,74.25207483,67.28232603,62.03180107,54.76468398,51.84400514,50.66171385,46.97589415,42.42103715,42.1080961,37.17051219,36.54463009,34.70172024,34.21478396
67,,27.78604404,24.72574764,21.90889031,24.2388695,22.7087526,21.56113363,15.89264644,14.98846653,16.62293235,16.24040312,19.16157807,19.26592698,10.71100609,7.652170646,6.816106164,6.330436634,14.74502746,19.26592698,19.26592698,22.67394876,18.70950376,20.7264988,24.09977935,30.70721898,39.05353594,49.62551447,54.98098621,65.58770598,72.82108261,78.69798595,83.04502277,82.31483075,85.93167556,81.68886246,85.0622056,82.52359118,79.1155068,84.50571979,83.94923397,78.14181312,79.94992254,80.1934242,86.90536924,84.36675482,82.41905447,80.78465126,81.7236037,81.23691335,80.57589083,82.31483075,83.11481823,77.3070844,84.81870393,83.49728486,86.31414219,86.00115804,85.13168808,84.47097854,86.03589928,83.21904196,86.20960548,90.03521072,94.41698878,95.98190952,94.27771083,100.1896684,100.3984288,98.97247304,100.2938921,103.632494,104.7454656,109.9269182,100.3984288,92.29558223,92.29558223,89.06151703,87.63556126,85.93167556,85.79239762,83.2537832,79.01097009,76.85513529,78.07201765,74.10776044,66.97860753,61.86663745,54.5982066,52.05959218,50.39044772,46.9476221,42.32234237,42.14863617,37.24511353,36.48018028,34.7759816,34.18475454
68,,27.6758915,24.47717572,21.93906225,24.23378769,22.84305258,21.52184797,15.68069168,15.12438512,16.7933048,16.13270249,19.05326499,19.19232599,10.50016898,7.822963213,6.779911882,6.293135819,14.88102838,19.29665302,19.5748063,22.42583831,18.70558121,20.68738813,24.26858423,30.56172005,39.39300064,49.92802874,54.89967832,65.80933568,73.06108646,79.16332615,82.90813372,82.62272283,86.16232983,81.511181,85.40593873,82.244843,78.93145067,85.33134633,83.28186078,78.23627205,80.28124922,80.09647047,87.04024787,84.41708458,82.36065635,80.4824987,81.78496623,81.31670258,80.61474678,82.70195657,82.45973169,77.55325609,85.08416444,83.67867779,86.34386888,86.09057981,84.74179506,84.67364362,86.06121893,83.19289327,85.91365952,90.73406929,94.61003827,96.0565029,94.42762835,100.5889311,99.9949933,99.20424403,100.7793183,103.3177522,105.3195518,109.8099493,99.2299075,92.3919983,92.01100376,89.00779793,87.6866559,85.74370144,85.73967682,83.05074135,78.75126732,76.76924136,77.84724569,74.16169126,66.54744471,61.71441803,54.48255792,52.39633009,50.17116644,46.79884345,42.17453344,42.24400135,36.85491845,37.06332219,34.31683627,34.24705544
69,,27.94477568,24.53856693,22.03604877,24.08673728,22.90498564,21.51471168,15.95355326,15.0846164,16.5791828,16.23161431,19.11645468,19.08170096,10.91376322,7.716108084,6.742910053,6.291049118,14.70229418,19.11645468,19.29025457,22.73121704,18.66462503,20.75003597,23.98247612,30.58634,39.06712379,49.32056632,54.77730717,65.55221191,72.67719393,78.34258222,83.03480377,82.16611716,85.81541426,81.9574697,84.66863531,82.89591401,78.75987713,84.45998786,83.97324808,78.2384149,79.83721119,80.08058108,86.61496881,84.56415518,82.20083959,80.81037794,81.85330239,81.19295041,80.56732087,82.20083959,83.20872878,77.19580328,84.70335775,83.3128961,86.23270916,86.12822903,84.98145008,84.28606285,85.91989439,83.62571087,86.02406171,89.53446906,94.33117074,95.92996703,94.08780085,100.0181598,100.6054076,99.07941966,100.6806929,104.2776979,104.9094434,112.157621,102.1599071,92.16470625,92.62789432,89.04804209,87.41421055,85.98933927,85.78069182,83.3826538,79.0726919,76.63961862,78.13424759,74.20654534,67.22045308,61.86787955,54.63841741,51.96197424,50.5718254,47.0263828,42.16054905,42.22999393,37.0510326,36.49516076,34.79188433,34.27073493
70,,21.14350099,16.93565147,15.54464649,13.631999,13.42333573,13.11035648,10.74561047,11.92798347,11.7888955,10.39785922,12.86692122,11.64977622,10.81518575,7.476729993,4.730437886,4.277393509,9.424149479,13.66677099,14.98823198,16.41400895,13.59719571,12.31050671,18.50054771,26.0120497,30.15032393,39.05292479,49.13774217,63.95198898,65.656161,67.88175644,75.39325843,81.7918062,88.74714406,85.26931864,87.11245344,81.09636631,77.51463178,74.87152202,73.20240368,66.80354293,69.72489124,75.60201559,76.47115896,78.94025226,79.74072637,78.41882883,77.72307596,76.29745548,78.73180808,79.9486714,78.28984437,77.20165253,79.70548653,84.12246329,89.68608181,89.86175404,89.5919217,90.17332899,89.89452599,87.87768771,91.6354463,98.31022503,104.117868,105.2781004,104.4969851,106.5542421,110.8811404,116.8802228,120.2941747,125.6633068,128.7583562,132.731866,134.629723,120.8881739,115.5588244,113.0549905,102.2399925,100.5057982,92.50289506,86.1040343,80.05320647,76.64517542,70.52455322,68.78595349,63.29128979,56.3710056,51.81559263,45.93846828,44.16481487,40.27010109,36.13157648,38.67046415,34.32349535,29.00275422,26.0120497,27.12487872
71,,21.21337694,16.90114396,15.51011721,13.66698487,13.38877326,13.1130652,10.74577863,11.9304479,11.82385252,10.39802194,12.86957964,11.64995853,10.78055117,7.478274752,4.730437886,4.277460447,9.424296959,13.66698487,15.05801161,16.37949328,13.56263595,12.3454719,18.50083723,25.97768423,30.22037214,39.05353594,49.17325237,63.98773102,65.62244722,67.84807749,75.42917951,81.79308618,88.74853289,85.27065304,87.21971831,80.95867044,77.51584482,74.9772304,73.09932552,66.83964257,69.76072362,75.53340323,76.47235568,79.01097009,79.74147509,78.52427975,77.5853273,76.26390823,78.76778141,79.94992254,78.24603684,77.27234316,79.70673385,84.1579944,89.6524311,89.79170905,89.61768986,90.20891692,89.89593277,87.84432169,91.70435517,98.20753979,104.1889798,105.2668972,104.4672227,106.5886293,110.8311294,116.9518474,120.2553951,125.6108668,128.6712258,132.8095022,134.5831834,120.8466221,115.5606329,113.0915009,102.171797,100.4679113,92.50434266,86.10538176,80.12394172,76.61163362,70.56039812,68.71754746,63.36176273,56.33714652,51.67712555,45.93918718,44.2349885,40.27073129,36.09740067,38.70581055,34.25423702,29.07275317,25.97768423,27.09053066
72,,20.92658524,17.0680399,15.5732771,13.62662529,13.38328599,13.1051884,10.91519729,11.78424833,11.78424833,10.42851869,12.79233253,11.67994218,10.84568071,7.612815828,4.658079816,4.310465655,9.246643056,13.69614186,14.98232364,16.40753858,13.73090015,12.13186249,18.56701183,25.82800435,30.00841835,39.08889279,49.05973746,64.11167735,65.58256838,67.8473807,75.61718434,82.05195025,88.55926362,85.42493632,87.1630999,81.27970326,77.51980727,75.07964801,73.64892697,66.86266472,69.61360201,75.55135555,76.44239949,79.11780901,79.53633889,78.07774736,78.00529352,76.44101415,78.49209726,79.82471236,78.3528764,77.14469872,79.63933975,83.91482812,89.62942798,90.05304085,89.30758184,90.20667259,89.85908971,87.77359246,91.66677095,98.06279643,104.2580273,105.2267174,104.6327698,106.1275951,111.0638351,116.6685439,120.0324744,125.5432518,128.7528829,133.354698,134.6659095,121.3940366,115.4438173,113.0798784,102.5125455,100.4267354,92.57061157,86.17427324,79.91715576,76.85836389,70.32311755,68.93247319,63.44028833,56.20987623,52.10802288,45.8509054,44.18213218,40.42786169,36.04787946,38.48127245,34.41414609,28.99132138,25.93227922,27.39228372
73,,21.07339806,16.93522744,15.61379954,13.59685526,13.42299964,13.11002823,10.81491497,11.82337145,11.8929137,10.39759888,12.72751457,11.68425566,10.84968609,7.580856165,4.729342322,4.242515289,9.319600148,13.77074218,14.95308559,16.41359798,13.63165768,12.20588511,18.53485563,25.97662729,30.08002679,39.08668682,48.99755256,64.05492022,65.61977729,67.70604473,75.49559023,81.85955095,88.53617011,85.33697632,87.00605287,81.26834795,77.47795116,74.94538422,73.33953017,66.76713049,69.75788531,75.56506989,76.4692443,78.9730156,79.52947878,78.4168654,77.86040223,76.36502482,78.52108488,80.0164623,78.38181261,77.12992695,79.63369826,84.01529804,89.75331593,89.99680769,89.47508435,90.14955565,89.89227524,87.84074763,91.80484355,98.09901164,104.1500009,105.123655,104.7064641,106.3093882,111.1233615,116.81586,120.111543,125.5789629,128.8747426,132.8412359,134.4387484,121.2588962,115.3929751,113.2261719,102.3069123,100.5333033,92.53531882,86.20609794,79.91192984,76.78221571,70.24455586,68.95793038,63.4289774,56.30011455,51.95325459,45.93731809,44.12896926,40.47753178,35.99171252,38.5997033,34.28789614,29.10634143,25.94185617,27.26328407
74,,20.93916305,17.11002469,15.57985734,13.632383,13.42371385,13.07595281,10.88503635,11.82400055,11.82400055,10.39815212,12.76296475,11.68487736,10.85026338,7.616032501,4.660048012,4.312286972,9.250550077,13.77147489,14.91910823,16.44927559,13.70192895,12.17176159,18.53584183,25.87369054,30.08162729,39.01928319,49.0349013,64.05832846,65.51873077,67.70964723,75.53434888,81.79411019,88.50613926,85.41100028,87.01149929,81.27267207,77.37753559,75.01291076,73.27394906,66.84047937,69.6223173,75.70837024,76.26486302,79.15123896,79.56845205,78.17753309,78.14279142,76.4385714,78.42103781,79.88144012,78.42103781,77.16908554,79.63793541,83.98502665,89.61881183,90.03633791,89.51458681,90.10582127,89.9317999,87.81067978,91.70550327,98.10423129,104.1902842,105.2334734,104.5727556,106.241921,111.0760217,116.7792902,120.1874173,125.334193,128.8121164,132.8809612,134.3066219,121.3351445,115.4578546,113.1974548,102.5558605,100.2951477,92.64446747,86.28048113,79.88144012,76.85609748,70.35283145,68.89211614,63.53657735,56.23362681,52.06024394,45.93976232,44.13131727,40.44494383,36.09785259,38.46279041,34.49817058,29.03834417,25.87369054,27.33428064
75,,17.63142987,11.82385252,11.64995853,11.51086837,10.815355,10.25893179,10.46756702,9.841598723,10.39802194,10.15458287,9.911175099,10.71100609,14.7798,8.867873742,7.16386285,6.120592792,11.30220184,17.28367318,18.15308055,18.88336646,15.96219151,17.87486894,32.48086884,40.20093582,44.0612823,52.02485094,80.6456863,99.14029798,102.9132535,106.6667919,117.3839121,127.8777215,128.7014369,132.1686487,118.1121858,102.6588003,95.25140452,97.47703479,84.60994351,70.52565688,75.29021455,76.05514781,79.49797343,76.33339071,75.98566533,77.06358273,77.55058606,75.25516033,73.89900002,74.14250168,71.91687141,72.47335722,75.01197164,79.94992254,81.48010203,83.01028153,79.74147509,79.94992254,77.09832397,81.86288165,80.08920048,85.58363719,87.11381669,94.93842037,98.72897138,105.5451401,112.3265677,114.6216804,114.1349901,119.3164426,125.054694,130.7231499,129.0189512,110.1009374,94.38224754,90.00046948,88.60925494,77.23760192,70.21267273,68.71754746,63.39681695,58.00629098,57.34558145,55.36345284,48.19955869,44.16550602,36.44512605,32.41138636,31.40263846,29.07275317,25.66470008,26.18635076,22.15232938,21.66545124,21.8045727,20.55263611
76,,17.31866254,12.0326384,11.30234334,11.68487736,10.85026338,10.0156181,10.67636721,9.702630039,10.64159424,10.0156181,10.05039108,10.57204829,14.74521207,9.007107959,6.955283395,6.155442393,11.47623951,17.42301276,18.25762674,18.91837584,15.71894924,18.50106885,32.89848858,39.99298907,43.88781256,53.62518427,81.62040181,99.73896795,102.9730736,107.9113993,118.1354675,129.487019,130.133552,130.6202484,114.6969066,102.2428725,94.8701256,97.09578374,84.26327304,70.45705647,75.04765243,76.36908805,78.94247592,76.92558083,75.63888689,77.41227727,76.78630114,75.91713328,74.03920489,73.41322875,72.36972654,72.36972654,75.22136081,80.40319123,81.44638045,83.15060047,79.01195927,80.15968651,77.23856889,81.20287573,80.40319123,85.82821337,87.60191674,95.28733869,99.11299182,107.3549066,111.5984714,114.449407,115.2775952,120.1147716,125.8239591,131.0030329,127.5949058,107.7721196,93.54868999,90.03633791,87.74088344,77.55155696,69.93530537,68.61386975,63.15410593,57.83330882,57.20733268,55.32940429,47.95665741,43.54008282,36.41084065,32.51601716,31.02059148,29.00357119,25.87369054,26.22145158,22.08306077,21.42228037,22.22215267,20.10078216
77,,17.66653417,11.82407457,11.61540412,11.54585773,10.74598043,10.29389763,10.50256808,9.807010351,10.39821721,10.25912444,9.876588033,10.60688766,14.81485075,8.902813467,7.094451,6.155480925,11.33718728,17.24922457,18.11864826,18.95329876,15.92771808,18.08387507,32.34219825,40.16694888,44.09685163,52.19985039,80.82091024,99.25257982,102.9042344,106.8338242,117.5452818,127.9434364,130.6908629,130.1691085,117.7884751,102.4519639,95.1837095,97.37463967,84.54204864,70.52698131,75.32637035,76.12605986,79.39524067,76.40430799,75.88255362,77.13451372,77.51730052,75.18708979,74.03966836,73.96987158,72.02244764,72.50946012,75.04812222,79.81245638,81.69039653,83.11637908,79.39524067,80.02122072,76.96080426,82.03812844,80.1254464,85.62029928,87.2199913,94.87071947,98.73082545,105.8253703,112.2591933,114.7631135,114.0325948,119.6664152,124.9528949,131.0301,128.779077,109.7205312,94.27948131,90.00215963,88.4719514,77.30853618,70.17924939,68.89254739,63.25872694,57.72913217,57.52068082,55.29500875,48.30468953,43.88808729,36.44581047,32.41199503,31.47302495,28.96897956,25.73472843,26.18684253,22.18751858,21.59631173,21.80498218,20.51824888
78,,17.38840306,11.96320478,11.30244947,11.75456497,10.85036526,10.05048545,10.64169416,9.667947843,10.57214756,10.08525875,10.12003205,10.50260096,14.81489712,8.937645932,6.920575403,6.225046792,11.47634727,17.31882516,18.25779817,18.98813138,15.68432353,18.32737607,32.93353949,39.92388059,43.99276365,53.24321279,81.3081772,99.84413048,102.9045565,107.6689056,117.9281247,129.0912619,130.2042579,130.3432259,115.5979067,102.4175425,94.94050041,97.20123444,84.26406425,70.66648305,75.15258311,76.19578213,79.01270117,76.75228014,75.81330713,77.30877815,76.82176414,75.91784612,73.9006191,73.48340209,72.26618007,72.57917107,75.04835711,80.33446219,81.5516842,83.18612323,78.97795917,80.19518119,77.03052914,81.48188721,80.40394619,85.86376128,87.49851329,95.14926541,98.87041546,107.0429236,111.7030467,114.5547077,115.1806897,119.6320478,125.8223839,131.0737469,127.7350719,108.3643716,93.68853639,90.24563534,87.6722233,77.58702715,69.83173604,68.78853702,63.18944094,57.69457086,57.31209585,55.46889182,47.92236571,43.57523365,36.44592454,32.41209648,31.33384247,28.82994573,25.87393348,26.22169779,22.18758803,21.35293492,22.29190793,20.1009709
79,,19.47419651,14.08402215,13.38852183,13.21463111,11.40630526,13.31897806,10.71080495,10.29351102,11.33676149,12.2756963,13.31897806,13.11031545,13.7015001,6.676859326,5.494521315,6.572543668,11.7888586,15.99666365,17.94407704,19.02213069,17.21380485,16.65739208,25.55990248,32.13254004,40.13069973,51.99922366,69.65240181,78.82620715,82.00261657,85.67568921,94.24900313,103.8887775,98.60587898,97.85525475,96.54201044,88.99005042,86.97321845,81.61810272,75.91475724,66.52540914,66.24717146,71.22008319,78.31404866,75.32354129,74.69758475,74.24533115,74.28007173,75.21900654,74.94076886,71.22008319,74.21059056,72.22849918,73.8628717,83.80869516,85.61708361,81.65258786,82.69574443,81.89608495,81.16559367,83.70416042,88.60759097,96.39730713,97.37098253,97.57973904,103.874045,111.6985018,114.4805656,119.2447208,123.0004601,136.2845098,140.2837461,140.5377997,127.5909124,97.61447963,92.25910845,99.52708983,90.6942171,80.60943129,73.58463402,78.24456748,70.07239187,66.52540914,63.81282648,62.17845395,52.47612758,47.98989706,41.83486641,42.87802298,38.63528955,35.81848512,33.59289665,32.4802589,29.28086983,26.39449033,25.76853379,24.20364244
80,,19.54447432,14.01500474,13.38902469,13.21512743,11.33718728,13.45857108,10.64166085,10.36344402,11.16332132,12.34570374,13.28467382,13.14558105,13.7715611,6.781460975,5.459923192,6.572790525,11.65017731,15.82339851,17.97952419,19.23148429,17.24922457,16.58847133,25.35219203,31.99446634,39.78447507,51.95634415,69.10131174,79.42998257,81.69039653,85.44627683,94.07102996,103.6743739,98.92156709,97.62517372,96.4356696,88.95865089,87.35895887,81.86441898,76.09131797,66.31914341,66.45811098,71.22275813,77.89977433,75.67410227,74.66564841,73.69162345,74.76987408,75.18708979,74.94358355,71.46595138,73.83090401,72.37176518,73.8656459,83.51009216,85.69219694,81.69039653,82.38586036,81.89916087,81.30792272,83.84658481,88.26318705,95.983712,97.93113593,97.40938156,104.0516559,111.4591908,114.5196073,118.9709514,122.4485836,135.9071546,140.5325212,140.4630374,128.7083841,97.6876297,92.50607983,99.32206361,91.14958106,80.50792021,73.93512969,78.4562706,69.93574315,66.31914341,63.98893267,62.14604741,52.33881796,48.16572196,42.18416959,42.67086908,38.70653742,35.8548853,33.52467457,32.79446884,29.28196958,26.36070848,25.69995524,24.34367557
81,,19.44027643,14.25853764,13.21521016,13.04134311,11.8936954,13.18043675,10.43305571,10.32873548,11.5111566,12.10236716,13.63255367,13.07611652,13.42388191,6.607605079,5.599082308,6.677151898,11.85892199,15.9625912,18.22308191,18.74474565,17.00588738,16.90156715,26.08265492,31.89044029,40.61947374,52.61739547,69.72772827,79.08274569,81.79513423,86.69877964,93.72357174,104.1915887,98.17525673,97.75772542,96.63963682,88.7854972,86.9075453,81.6909079,75.15281834,66.14553501,66.56306632,71.46639875,78.59573016,75.29209977,74.77034213,73.93559251,74.35312382,75.18756045,74.87456846,71.84918794,73.72713985,72.37063259,73.86610829,83.5688598,85.75980369,81.72565001,82.62988385,82.10812621,81.37791591,83.46463347,89.1332313,96.61029681,97.40999133,97.44473344,104.1221044,112.5381459,114.5898084,119.2152039,123.1100762,136.7774971,140.9158771,140.3944325,125.3708173,97.27102289,92.4716038,99.18371691,90.76767544,80.26491642,73.37909276,78.59573016,69.8319546,66.00656657,64.02438834,62.49417052,51.9914115,47.78354726,41.69741813,42.87990185,38.49801407,36.27232807,32.79467413,32.62065059,29.52556675,26.18700645,25.73488953,23.82216421
82,,19.43985052,14.11910336,13.35404252,13.21492063,11.44135911,13.31926987,10.67626696,10.32850919,11.30223722,12.2411926,13.38881516,13.11060268,13.70180029,6.677005609,5.459837749,6.607460313,11.78911688,15.96224147,17.90969753,19.09209274,17.17940933,16.65775702,25.45611323,32.20272673,40.13157895,51.88604837,69.51743953,78.94173469,81.93262056,85.65370074,94.10429916,103.9458035,98.34681256,97.96434473,96.4689018,88.95725875,87.11408934,81.58489409,75.9511618,66.52686664,66.28336421,71.11710652,78.35050578,75.42941559,74.55994291,74.31644048,74.35149482,75.18591317,74.87292804,71.22164355,74.24695778,72.16059893,74.00345536,83.63651159,85.79266613,81.58489409,82.59333216,81.93262056,81.16737193,83.70599429,88.54004958,96.61596684,97.47733988,97.44259853,104.1545646,111.4921879,114.5178151,119.1778507,122.8291352,136.2874956,140.3563023,140.4955807,127.8021558,97.47733988,92.40009515,99.49452902,90.83516951,80.50666032,73.62098753,78.31576443,70.14340979,66.35284691,64.02298563,62.11002053,52.51201863,47.88672442,41.97474836,42.80947969,38.67119035,35.88906555,33.55889128,32.4809705,29.28151134,26.36029596,25.76909835,24.27374931
83,,19.40465273,14.25791287,13.17985922,13.07554357,11.89317426,13.14508734,10.43259856,10.32828291,11.51065222,12.10183687,13.66672822,13.14508734,13.38852183,6.537771783,5.598836973,6.711631211,11.85840237,15.92711988,18.22228343,18.74392431,17.00514223,16.90082658,26.11628395,32.09779945,40.51315917,52.54560876,69.79415419,79.04453994,81.79155021,86.76446194,93.8239998,104.0130074,98.27517675,97.71870139,96.63358587,88.74686631,86.87606617,81.65258786,75.14952537,66.1773773,66.49035557,71.63728322,78.48806457,75.2888007,74.80180651,73.98121772,74.34986589,75.08004419,75.05704922,71.72607028,73.72852443,72.33272094,74.07162821,83.49571689,85.75604596,81.76653426,82.50460175,82.23222643,81.38581257,83.32456964,89.19880693,96.69188654,97.44046371,97.40572312,104.2217639,112.5548771,114.4110844,119.4236966,123.3311931,136.6972305,140.92911,140.5791791,125.1761561,97.26676077,92.71104907,98.79691153,90.83317945,80.26240427,73.48041225,78.55754575,69.82889478,66.03841495,63.91704824,62.42163807,52.02387398,47.85093471,41.69559108,42.77380121,38.46158661,36.47949523,32.61922125,32.68870242,29.41995737,26.2206309,25.76853379,23.8211204
84,,19.47523271,14.08477155,13.35446049,13.11101304,11.58081216,13.31968675,10.53750618,10.32883247,11.44171722,12.17202827,13.38923423,13.28488172,13.4587817,6.711988332,5.460008639,6.816340839,11.7199071,15.96274108,18.11893181,18.81446913,17.14517331,16.79740465,26.0481261,31.89073973,40.16757748,52.54840466,69.76312544,78.73575091,81.86570014,86.56062399,93.75950722,104.1578246,98.24566346,97.75864335,96.6459464,88.68179058,87.1515584,81.65693252,75.36229162,66.25069641,66.5289489,71.08459001,78.73575091,75.4317765,74.80578665,73.83205944,74.31876655,75.15352401,75.0492967,71.18881732,74.28402411,72.40605457,73.55380696,83.77841211,85.65638165,81.79590227,82.7001446,82.03941232,81.16991242,83.81315455,88.71653302,96.40243635,97.48039087,97.65441605,104.2273094,111.9479552,114.5213995,119.112096,123.18103,136.744039,140.6736903,140.1522407,126.6587166,97.09791107,92.43772966,99.04536548,90.94255291,80.43969527,73.62329183,78.38770055,69.79786788,66.32018129,63.88570677,62.4600149,52.096127,48.1317333,41.55883992,42.81081961,38.56786043,36.30741109,32.93395181,32.58621445,29.35197531,26.32634729,25.76990491,24.03106162
85,,19.54496371,13.98058161,13.42413401,13.18068428,11.40701929,13.42413401,10.60715325,10.36370352,11.16360085,12.38081824,13.35458589,13.11113615,13.70235781,6.781630781,5.460059908,6.572955107,11.68524309,15.85856879,17.94520033,19.19719178,17.24965648,16.5888867,25.3876009,32.09980876,39.7507285,51.95764513,69.13778479,79.43197148,81.62295652,85.69192872,93.96884419,103.8458047,98.76835341,97.62059025,96.54231262,88.9608784,87.2916608,81.76192757,75.988995,66.39028955,66.42503232,71.18948578,77.97121046,75.78022542,74.52823397,73.90223825,74.73700355,75.05000141,75.01525865,71.36351259,74.0415223,72.33724894,73.83275272,83.46620093,85.76141425,81.65769928,82.49246458,81.83141309,81.27521589,83.91816984,88.16116886,96.19457199,97.86410259,97.27284963,104.0195185,111.6012658,114.487732,118.9391876,122.6256765,136.1888128,140.2239201,140.6081663,128.5378931,97.62059025,92.47334041,99.11609404,91.36063301,80.47519335,73.7632672,78.42349237,70.21574943,66.18151998,63.95579218,62.25183182,52.4446698,47.99290121,42.11574035,42.74173607,38.6377081,35.85578311,33.66479807,32.65600596,29.24789744,26.36136855,25.73537283,24.30951107
86,,19.44070237,14.15449623,13.28504805,13.07640302,11.82440765,13.25027387,10.46805847,10.32896178,11.40705499,12.17218066,13.49372437,13.14595136,13.42417603,6.712072365,5.564430812,6.712072365,11.82440765,15.96294094,18.15393283,18.77993051,17.07583962,16.83238912,26.01367805,31.96062475,40.55087796,52.34029234,69.86822749,78.91045103,81.76218348,86.59645059,93.79542396,104.2633572,98.24689349,97.58615293,96.78612789,88.648158,87.08316379,81.62321199,75.29374941,66.11224138,66.7034962,71.05073711,78.91045103,75.32849228,74.80672322,73.76349808,74.42423863,75.11972206,75.05023631,71.22476447,74.25021127,72.33747535,73.65895646,83.81420389,85.69219694,81.65795487,82.73592288,81.97095371,81.3796989,83.6749194,88.82218536,96.40364331,97.65563867,97.44686845,104.1938715,112.2623556,114.6618048,119.0437885,123.252058,136.7110082,140.8494789,140.2929669,126.0343047,96.96015525,92.54342859,99.29011863,90.80440702,80.19718927,73.58947072,78.49322358,69.58997152,66.4599831,63.95599236,62.42574102,51.99255063,47.95830855,41.69833172,42.74186986,38.49885755,36.34260853,32.83013553,32.58662243,29.45666531,26.32667689,25.66590504,23.99658831
87,,17.28448465,12.06785815,11.33750665,10.78105731,10.4332843,10.32896178,8.93786973,8.694419231,8.93786973,9.389965257,9.702964099,10.12028545,17.9452565,11.75655201,9.4595136,8.869567123,12.31127735,16.76284078,19.09292936,21.42301793,23.96181414,32.27362359,37.49037529,48.48007762,59.01780963,77.48474131,88.71764374,101.0638831,110.9058186,119.461329,127.9470406,125.130051,116.7138252,113.6880654,114.1056058,107.1845754,104.4026417,90.73492128,78.84096529,72.85924442,72.26798961,81.3796989,74.77198034,75.95448997,78.80622242,75.22395067,73.76349808,74.52846724,70.87670976,74.84146609,72.96347304,69.38151429,74.4589815,77.69319854,75.64149113,78.9451939,77.27597108,78.4584807,76.37171742,74.87620896,77.27597108,82.73592288,89.3786973,92.47362985,90.17840934,95.70815988,95.49938965,99.91611631,101.4463676,112.157814,109.0625685,111.1145889,106.8020908,89.03064259,81.06670005,82.45766691,77.86722589,74.31969702,72.09396225,67.01649504,62.00851357,59.92175029,57.31353094,56.58330464,51.67955179,46.46280009,39.99436602,37.1078907,33.21262011,32.03011049,31.16078751,28.51766878,26.15280603,24.8660052,21.90991893,22.36201446
88,,17.42366717,12.1026702,11.51144484,10.85067092,10.32899411,10.22467127,8.937897705,8.798769285,9.076994826,9.216091947,9.87689717,9.946445731,17.87576411,11.9304479,9.321759056,9.007446266,12.34609016,16.55421626,18.81476358,21.59698769,23.57930946,32.34321056,37.35120771,48.16722954,58.49622366,77.41518487,87.50097812,100.9249145,110.3847081,118.7659043,127.4604133,125.6869564,117.3749331,113.7231642,114.105963,107.3936818,104.7507113,91.36120492,79.15421188,72.82472949,72.40718773,81.41469659,74.84170034,75.81544279,78.49346926,75.64172788,73.90270088,74.31992964,71.08570248,74.45921456,72.99844439,69.52070337,74.80695736,76.96321313,76.02421367,78.18046944,78.2499554,77.83272664,76.30247051,75.64172788,76.96321313,82.17998116,89.23969213,92.61320421,90.03971968,95.46494558,95.77794541,98.90794362,101.794428,111.1844226,110.0717083,110.593166,107.9501955,89.34392107,81.31046765,82.17998116,77.97169856,74.5634435,72.33770177,67.0167048,62.42593642,59.57419504,57.69619611,56.61822473,51.67971354,46.6717164,40.1682061,37.14274983,33.45623793,32.1000097,31.09130518,28.51775804,26.04853375,25.35298555,21.94476179,22.08389021
89,,17.73672251,12.033128,11.61580404,10.81593049,10.32902644,10.18992889,9.042248848,8.62492488,9.111797626,9.216120793,9.876928085,9.981251252,17.91059445,11.92880484,9.285700871,9.008715143,12.24180564,16.58904247,18.67572491,21.59705529,23.54460887,32.3433118,37.38606771,48.02809495,58.25289213,77.34594101,87.1882512,100.5774865,110.3503105,118.5230744,127.2870969,125.7220928,117.8272736,113.8628055,113.8628055,107.5680464,104.8900115,91.29200471,79.43271735,72.96392979,72.37267127,81.41495142,75.01596304,75.64196464,78.56320112,75.60722155,73.93767528,74.25067608,71.50315505,73.8681891,73.38115986,69.34720553,74.59841997,77.06768329,76.05919471,78.07617188,78.45897185,77.51996945,76.7199394,75.4679362,76.89396785,82.1104392,89.17048528,92.50926482,89.76174379,95.4305013,96.0565029,98.90825321,101.934032,110.6282552,110.1067959,110.5935121,108.3677634,89.69225761,81.24123598,82.14518229,77.97194261,74.52893379,72.47721354,67.2256861,62.39138872,59.53963842,57.87040515,56.58365885,51.61038912,46.74134866,40.2728741,37.35132462,33.31705729,32.06505409,31.16098257,28.55262169,26.25729292,25.31829051,21.84050731,21.94483048
90,,16.97137957,12.17210447,11.19833986,10.78098982,10.25934922,10.71144191,8.763912711,8.55523769,8.833460619,9.529002291,9.633355452,10.32889712,18.2233671,11.47656279,9.598581498,8.590011643,12.65897112,16.76273584,19.16235774,21.42288383,24.23985577,32.55167579,37.45539794,49.31453683,59.22589611,78.14646025,89.49525115,101.7118474,111.4268902,120.1955621,128.4040565,124.8447963,115.9634245,113.4788978,114.1743768,106.8107831,104.2000682,89.30833949,79.18821129,72.30227987,72.65001941,81.10093523,74.7057682,76.58000826,78.11025002,75.501734,73.38024113,74.91048289,70.84152342,74.63222866,73.0325016,69.58953589,74.42377274,77.34933046,76.61475092,78.45798956,76.96249045,78.45798956,76.9277478,74.42377274,77.55374156,82.63117699,90.3518711,92.47305097,89.79536264,95.98581498,95.6728181,99.78151723,101.8629574,112.7515392,108.9229151,111.4651217,105.8280202,88.36934884,80.57916943,82.35292276,78.52747487,73.38460527,71.98928299,67.19010179,61.5561579,59.74766191,57.45245577,56.65243574,51.29674608,45.94105643,40.27236989,37.10765841,32.62116109,32.65590375,30.46501947,28.48271631,26.18741627,24.83107558,21.87500782,22.29232657
91,,17.31866254,12.17176159,11.37188929,10.78068613,10.43292509,10.22428725,8.937562011,8.763665841,9.041880933,9.285323051,9.772175987,10.11993703,17.94463867,11.68487736,9.49565495,8.798438816,12.41520371,16.69268641,19.05749904,21.31796145,23.96098917,32.23777077,37.2803215,48.40892517,58.80701469,77.58629863,88.26263455,100.8516405,110.6935503,119.0744317,127.8380975,125.334193,116.9880532,113.7188929,114.2753857,107.0419185,104.6769807,90.97530211,78.80350922,73.10024069,72.16127649,81.48112212,74.63012635,76.05609998,78.8382509,75.11713578,73.69116216,74.52590133,71.01599424,74.59538468,73.03044435,69.65737196,74.31713829,77.37753559,75.90274691,78.66422953,77.65578199,78.24701644,76.40382972,75.18661913,76.99506418,82.59410769,89.20159874,92.67920914,89.9317999,95.6701231,95.6701231,99.49546324,101.828527,111.4932348,109.4763397,111.1769525,107.3896482,89.09737372,81.09865071,82.48988266,77.82980335,74.49115965,72.23075984,66.87522105,62.35410844,59.81546224,57.4508374,56.5118732,51.67777253,46.53099677,40.13195577,37.1413548,33.24621832,32.13354575,31.09013743,28.55145993,26.01278243,25.10859121,21.9091646,22.22215267
92,,17.77155252,12.03316567,11.61584039,10.81596434,10.32905877,10.15515498,9.077051648,8.624951876,9.111826146,9.21614964,9.876959,9.946507996,17.94542501,11.92884218,9.286979878,8.973935964,12.20706946,16.62386889,18.67578337,21.63189739,23.54468257,32.27392664,37.45598412,47.96521456,58.25307446,77.3461831,87.04923831,100.6125445,110.3853991,118.453646,127.2527521,125.6877432,117.8626986,113.8979051,113.8284187,107.6378695,104.9598262,91.29229045,79.43296597,72.96415817,72.3728978,81.41520625,74.98145464,75.746431,78.45921743,75.7116878,73.90316351,74.28565169,71.43389246,73.86842031,73.38138954,69.38216578,74.63339666,76.89420853,76.16366237,78.11147245,78.38941804,77.58969849,76.65069314,75.53765881,76.82440913,82.07595301,89.27499397,92.43975498,89.76202475,95.4655432,96.05680356,98.94330599,101.7950652,110.7331441,110.0376541,110.6286015,108.2986162,89.83151114,81.20643406,82.11069621,78.00692986,74.45968068,72.58166999,67.12135392,62.5308698,59.53982478,57.90532948,56.54909276,51.57580747,46.77623816,40.27300015,37.31669833,33.38696097,32.06515445,31.12627431,28.55271106,26.2573751,25.28359526,21.91012467,21.91012467
93,,17.28367318,12.06729159,11.37174692,10.78055117,10.43279448,10.32847686,8.937450118,8.694011048,8.937450118,9.389524421,9.702508568,10.11981033,17.94441402,11.75430744,9.424296959,8.867873742,12.31069936,16.72724996,19.12680553,21.42201218,23.96068919,32.30684966,37.3840785,48.54728408,58.98072307,77.43651397,88.73594969,101.1107214,110.9433218,119.287282,128.0247795,125.4485608,116.7419312,113.7195275,114.0973342,107.1491618,104.5842124,90.71125149,78.73304017,73.06427129,72.12531885,81.44536079,74.76846998,75.98566533,78.80252265,75.25516033,73.65549835,74.49022707,70.90843649,74.83795246,72.96004757,69.30846153,74.59445079,77.68955102,75.56814447,78.97622885,77.20286068,78.4895385,76.40287319,74.90743494,77.20286068,82.69729738,89.40924242,92.39980595,90.17417568,95.73840785,95.52964742,99.87668425,101.4631993,112.0135835,109.240015,111.0631797,106.7970767,89.09625827,81.02815292,82.59307366,77.79408773,74.31620788,72.09057761,66.87438381,62.24910408,59.71048966,57.45011815,56.58064819,51.67712555,46.46061877,39.95774714,37.17563105,33.21106086,31.99386551,31.12452074,28.62064756,26.11677439,24.89964163,21.83934524,22.39576845
94,,20.83482551,16.10435632,15.05824726,13.07599374,13.80629108,12.90435882,10.71117371,11.13046418,11.37391843,9.843478043,12.24134585,11.2695809,9.773919685,6.850985915,4.416619718,3.791306144,8.52174403,13.49566747,13.80629108,15.5799061,12.80002129,11.23480172,16.76525463,23.47829354,27.36913928,37.18272999,44.40970266,58.84194053,60.47636933,63.91924883,70.52676056,76.26510172,81.56547,81.23818466,81.58591549,76.29984351,74.31737089,70.59655712,70.78267239,63.22378717,65.93646322,73.62190923,74.94334898,78.80375587,77.89953052,75.30459173,74.74799965,73.90015649,74.70015649,77.77388212,74.76964006,74.94334898,77.65602504,83.11611894,88.19342723,88.71486698,87.35868545,88.47167449,87.67167449,85.72425665,90.9217265,97.75680751,101.6519562,104.1558685,104.1558685,105.5120501,110.8676056,117.2319249,119.3877934,126.3086072,131.2813772,135.9067293,132.7073552,122.0309859,113.5455399,114.6234742,103.0776213,99.70453834,91.2885759,85.20250391,77.69076682,75.25633803,68.57934272,70.05234094,60.65039124,55.15555556,51.36494523,46.25289515,43.36651017,39.78435055,35.68700617,38.35868545,33.42034429,29.53046543,26.04763693,27.85602504
95,,20.86686115,16.06746462,15.05890712,13.07656674,13.84167068,12.86788779,10.71164308,11.12900096,11.3724232,9.842184008,12.27665688,11.23332478,9.772634795,6.851286128,4.416813256,3.790807735,8.520623752,13.52866792,13.80689608,15.54581421,12.79833858,11.26809938,16.76305065,23.50998166,27.37033861,37.1430986,44.48113532,58.8097757,60.44427612,64.02659271,70.46036446,76.38319319,81.519691,81.20668824,81.55474731,76.37267361,74.21639759,70.634394,70.8632598,63.29604427,65.90460928,73.62513537,74.91188972,78.80720908,77.83345749,75.25963579,74.8076598,73.93813813,74.59888696,77.8682008,74.8076598,74.84240311,77.72891457,83.08470481,88.1972919,88.78855412,87.32777023,88.47555135,87.6755163,85.72801312,90.87503052,97.79583456,101.7606405,104.0211465,104.195176,105.5861603,110.8377206,117.3065486,119.3582817,126.3789487,131.3569296,135.8779414,132.7826571,121.9668467,113.5157722,114.5937537,103.0821382,99.67385112,91.25783289,85.20623752,77.65942796,75.22489248,68.72163412,69.93858886,60.61830565,55.1927158,51.33245275,46.32440858,43.26386759,39.82083722,35.68231472,38.29056672,33.49129539,29.56135793,25.97922914,27.82247109
96,,21.03744179,16.16928922,15.12608908,12.9354126,13.90904311,12.8311051,10.81430574,11.09245907,11.37064368,9.91021356,12.27473587,11.12725953,9.840643934,6.954521556,4.346583797,3.824983726,8.414982975,13.31793601,14.08292023,15.36950453,12.97018176,11.23156702,16.69085799,23.36722623,27.12267162,37.31097592,44.1264834,58.74084067,60.48753917,63.92292082,70.39292995,76.60328896,81.26671887,81.37133908,81.60557743,76.56532879,74.45896393,70.48639814,70.79703069,63.25140203,65.47681638,73.92656852,74.90016774,78.89909118,77.61253818,75.49133744,74.76121626,73.85709278,74.58721396,77.43853588,75.07417005,74.90016774,77.82127835,82.79380101,88.32244254,88.47444364,87.32421698,88.87887437,87.38740994,85.74933654,90.75659707,97.85032046,101.0521803,104.3711793,104.4108118,105.3326279,110.4149376,117.2191073,119.4450187,126.0576218,131.0014096,135.8045419,133.3334377,122.8573218,113.7423889,114.6452982,103.3094863,99.87199549,91.45198037,85.15816684,78.27318362,74.86542987,68.67582995,70.24059887,60.57408242,55.18407942,51.35915828,46.21294627,43.5353137,39.77986831,35.81568274,38.35436383,33.48605478,29.4176556,26.11424065,27.67900956
97,,20.97092241,16.10435632,15.19784657,12.9720492,13.80672322,12.939138,10.78105731,11.06087452,11.33750665,9.947846884,12.20695483,11.23480172,9.808698864,6.885974522,4.416757958,3.791306144,8.382627315,13.42417603,14.01539954,15.47603994,12.86957964,11.20002254,16.76525463,23.373956,27.19612507,37.28160506,44.34799214,58.80903941,60.5130051,63.81702088,70.52896804,76.30223168,81.51867038,81.20567154,81.48392751,76.45221072,74.25021127,70.66825253,70.91176563,63.08679458,65.76449967,73.76349808,75.15446493,78.73673667,77.72794141,75.32849228,74.77198034,73.79824095,74.77198034,77.65845566,74.59795299,75.08497919,77.90196876,82.9446931,88.30041629,88.57867226,87.15264954,88.78744249,87.60493286,85.69219694,90.87389277,97.82966603,101.2726533,104.2286144,104.2981001,105.5153526,110.5233341,117.2703371,119.3567874,126.2427619,130.8682588,135.8067545,133.1634793,122.3825472,113.5838367,114.4880904,103.2201321,99.84663057,91.49989045,85.06619926,78.07568312,74.98075057,68.65097499,70.18122633,60.65228959,55.15728192,51.22758146,46.3238286,43.47209615,39.82033866,35.71661085,38.3248302,33.4609509,29.46090708,26.15280603,27.71780024
98,,20.79747592,16.17197159,15.05904853,13.04191459,13.84180066,12.86800863,10.74651859,11.12910546,11.37252999,9.842276428,12.24199723,11.26820519,9.772726561,6.851350463,4.417393972,3.790843331,8.520703762,13.45924509,13.84180066,15.51118526,12.83323369,11.23343026,16.79798299,23.44065255,27.40540185,37.07364711,44.44680938,58.84507157,60.51433097,63.85316277,70.63505726,76.19935959,81.52045649,81.31199469,81.62500039,76.19935959,74.32132539,70.60031363,70.80877543,63.22715137,66.00945903,73.62582673,74.91259316,78.77320546,77.90367563,75.33014276,74.66938773,73.93883243,74.73887499,77.69490082,74.84310589,74.94733679,77.66015719,83.12054163,88.16337646,88.75464422,87.32859025,88.47638215,87.67633959,85.69407449,90.98042775,97.76200925,101.5528213,104.1961544,104.1961544,105.5176645,110.8040177,117.3076502,119.3594025,126.2455279,131.2536191,135.9834483,132.783904,122.0027357,113.5168381,114.664317,103.0831061,99.70984372,91.39766435,85.13755035,77.72964446,75.22559886,68.61773553,70.07853313,60.61887487,55.15849044,51.40242204,46.18586904,43.40356138,39.82121114,35.68264978,38.36072655,33.42212262,29.52686058,26.01424802,27.85750729
99,,14.15418611,11.19816462,9.076767544,10.15483713,8.868095788,8.902869198,9.2854393,8.555103804,8.937673906,9.424532938,9.354986119,10.08529032,20.86614272,17.52755112,11.92846881,12.10236716,17.00588738,23.16140684,29.00393431,33.97715784,34.11612629,45.76631392,52.47842703,62.7373653,78.83923793,101.2964325,114.8292439,124.237329,132.2707168,139.634196,138.5025432,135.0565317,130.2428927,121.3023626,126.815151,124.6055519,113.8624491,103.263925,92.854393,87.95074758,83.84710968,87.91600547,86.00331146,83.15164149,85.37732749,82.00389988,78.69995649,84.02082023,81.06492393,78.42201961,74.52683437,75.50055243,77.37850434,81.86493144,75.74406019,79.08274569,74.42260804,77.37850434,74.6661158,70.77093056,76.68303615,76.40478627,74.94405268,79.4652219,81.13440815,80.09120586,83.88185179,81.13440815,82.0458323,83.49937558,85.31024639,82.53754097,71.01443832,63.74613846,60.99869482,60.19868731,58.49475895,59.85095322,58.56424317,56.75577548,49.07025731,49.97449115,46.21858734,47.22704752,41.90618378,36.16810173,32.06415084,30.74276128,26.49999844,25.59579589,22.39632923,22.15288406,21.1791347,20.90091613,17.28410595,17.8405431
100,,14.05012974,11.26792304,9.042163942,10.32892945,8.763940142,8.972615817,9.216034254,8.485716343,9.00738988,9.459483992,9.285613679,10.12025378,20.76218109,17.56265435,11.86088955,12.24169069,16.93665862,22.91839207,29.03925306,33.76902636,34.29079379,45.5934596,52.30538575,62.84308478,78.24946556,100.9940812,114.1399914,124.747176,131.8944273,139.8405589,138.5889609,134.6585663,129.9635983,121.8603967,126.6946487,124.7819187,113.7224523,103.7412634,92.89087956,88.24894535,83.25743135,88.26539715,86.03966935,82.94443349,85.37893086,82.42266605,78.86095883,83.84868431,80.96221803,78.56246342,74.70226078,75.39774203,76.99747411,81.97069714,75.39774203,79.04948809,75.02253803,77.27572921,74.5977195,71.01577196,76.64973348,76.47570667,74.49349121,79.84094431,81.20541737,79.7797121,84.02239813,81.10554054,82.04018267,83.6746575,85.3441881,82.10966819,71.46774088,63.74733561,60.89561208,60.13033231,58.73936981,59.81733445,58.60008576,56.79158411,49.27963542,49.73191733,46.39316913,47.19319167,42.04594183,36.20352373,32.20403705,30.70856456,26.29182043,25.87450038,22.36194447,22.25762228,21.00563083,20.90130864,17.35397867,17.9799744
101,,14.15485066,11.19869038,9.077193707,10.15531391,8.868512154,8.904346302,9.285875261,8.555505474,8.938093539,9.424975429,9.390200387,10.05098879,20.8671224,17.52837406,11.92902887,12.1043751,17.04146086,23.12771925,29.07484616,33.90895262,34.11772807,45.80320644,52.4461472,62.77536763,78.84293951,101.309933,114.7344764,124.228908,132.2628505,139.5662353,138.4184398,134.9406226,130.2107787,121.2378162,126.8371927,124.5766585,113.9344314,103.187973,92.89349635,87.95487696,83.81630264,87.95487696,85.97260566,83.19028928,85.31184855,82.07723753,78.63416405,84.05982184,81.06873001,78.4257016,74.53033348,75.46935352,77.38213733,81.90351882,75.74761645,79.12120245,74.39135851,77.34739359,74.70436519,70.73950958,76.68663649,76.4431173,74.94757138,79.43420913,81.13821749,80.12970997,83.85104638,81.17296123,82.04249379,83.5380397,85.27679181,82.52953218,70.98302878,63.78387515,61.00155877,60.2015137,58.4627616,59.85376328,58.6364803,56.68895274,49.07256121,49.97683751,46.22075735,47.26400861,41.87340758,36.2045436,32.03091254,30.74420468,26.50124264,25.63177268,22.36257442,22.15392416,21.21490413,20.8671224,17.28491746,17.84138074
102,,14.04942615,11.26735877,9.111255778,10.25886757,8.79827359,8.937394173,9.215572742,8.554836044,8.937394173,9.493782609,9.285148682,10.08497466,20.7959137,17.52700254,11.92809547,12.17153302,16.93581048,22.9520167,29.00302654,33.83681735,34.28907661,45.52138138,52.47678455,62.73540173,78.28028807,101.0237647,114.2402864,124.7859393,131.9419914,139.8616905,138.7827138,134.81019,130.0604849,121.7308102,126.7767881,124.8838476,113.5881031,103.8925792,92.71220975,88.26097707,83.25326206,88.29571809,86.03536073,83.04450294,85.30891131,82.41853856,78.76728835,83.87922643,80.95816367,78.48904719,74.69851991,75.35922531,77.16763639,81.86236921,75.46344838,79.04552952,74.97676107,77.23711844,74.62965919,70.90799263,76.71537713,76.47187699,74.59398386,79.74097594,81.09712776,79.81045799,84.05324453,81.11362939,82.04814374,83.5427466,85.52759728,82.20210831,71.50203604,63.5353842,61.0315267,60.05783911,58.80591036,59.81433897,58.56241021,56.68451708,49.24242661,49.76416792,46.42558692,47.22556939,41.97435424,36.27119281,32.09820129,30.74179908,26.32527613,25.80362872,22.39562826,22.22173536,21.10889589,20.7959137,17.38791325,17.94430169
103,,14.15493928,11.19876049,9.077250532,10.15537749,8.833792413,8.938149493,9.285933392,8.520783774,8.938149493,9.459809691,9.320708652,10.12060223,20.83247778,17.49370853,11.92910354,12.1377864,17.04156755,23.12786403,28.93589583,34.01370978,34.11794166,45.66451734,52.48121948,62.77576061,78.63465632,101.3105672,114.6306498,124.3339176,132.2984224,139.5671091,138.3845624,134.8719795,130.2115938,121.2733191,126.7684988,124.6816702,113.7961688,103.5016276,92.72004507,88.02491549,83.8515713,87.81645173,86.18160761,83.12132215,85.2425817,82.21704019,78.7392012,83.92105922,81.20821335,78.07812696,74.80906473,75.50456993,77.31313384,81.79948667,75.85232252,78.80868912,74.77432077,77.27838988,74.67008889,70.6704645,76.86114937,76.40885188,74.84380869,79.46945036,81.20821335,80.02597972,83.88631526,81.17346939,82.00826343,83.57330662,85.31238262,82.4602479,71.08770502,63.74953049,60.93245274,60.23663453,58.5326155,59.95868286,58.49787154,56.75879554,49.00338049,50.01189433,46.2210467,47.29904845,41.94315763,36.17002629,32.06585702,30.64007137,26.60573432,25.63193314,22.32793915,22.25838863,21.14548642,20.79767122,17.38938275,17.87626768
104,,14.04968999,11.23279739,9.076653907,10.22428725,8.798438816,8.937562011,9.285323051,8.520223724,8.902757738,9.493960895,9.354868999,10.0156181,20.90065446,17.45778573,11.92831947,12.17176159,16.9709015,23.12634389,28.96879822,33.90693613,34.15044084,45.48749456,52.61673672,62.77163452,78.38598314,101.2341119,114.4508399,124.4302835,132.3021495,139.4227518,138.5919982,134.9659698,130.0481446,121.4069078,126.7601666,124.8127549,113.6146679,103.7032748,92.60972579,88.3321179,83.63729691,87.74088344,86.17756146,83.22008382,85.27172059,82.24637795,78.66422953,84.01976833,80.99442568,78.24701644,74.80414772,75.46486552,77.20406886,81.86390653,75.64409554,78.9772176,74.87363107,77.21301058,74.59538468,70.87426956,76.71753814,76.52074829,74.77900207,79.63968024,81.11413724,79.84394423,83.94286734,81.23592937,82.17527578,83.39298183,85.55003429,82.38412379,71.21623441,63.59719574,61.04623861,60.25341979,58.68022402,59.81546224,58.667735,56.6508399,49.0349013,49.9738655,46.21800871,47.40016463,41.90565914,36.2023906,32.02900773,30.74237639,26.39531645,25.76934032,22.39604884,22.1873797,21.17886955,20.76153126,17.49255871,17.87509272
105,,14.05056952,11.16395028,9.146772422,10.2249273,8.798989611,8.938121516,9.251129175,8.555532254,8.903315064,9.494555232,9.355454628,10.0162451,20.90196287,17.46090082,11.9290662,12.17393346,16.9719639,23.09301649,29.00538686,33.90905875,34.15257871,45.49034215,52.55054291,62.81030797,78.39089023,101.1709617,114.4565718,124.5075607,132.2632645,139.3926399,138.5234177,134.941045,130.1416986,121.412228,126.6986143,124.7858245,113.6565242,103.7445106,92.58077945,88.33764762,83.60778888,87.85092071,86.14659401,83.22529352,85.31211559,82.18203899,78.73895474,83.99028424,80.99949606,78.25191482,74.80883057,75.46958974,77.24340415,81.79923063,75.57382129,78.98216169,74.98286283,77.17391645,74.63479831,70.8787064,76.75636423,76.44335657,74.80883057,79.60817701,81.13847146,79.78220927,83.95554039,81.20795916,82.14698214,83.36426892,85.52057869,82.3210144,71.26151477,63.57529869,61.03649356,60.23644599,58.63666384,59.85395063,58.63666384,56.61964248,49.07271481,50.01173779,46.22090203,47.3683881,41.9082825,36.23940078,32.0310128,30.74430091,26.36219368,25.80572867,22.39745087,22.18876866,21.18019538,20.76283097,17.45887862,17.91098688
106,,15.40359881,13.28255359,10.95290252,11.92649038,10.98767016,10.57042716,8.762322015,9.596839305,10.39655766,10.39655766,9.735909873,10.98767016,17.21170396,15.78607417,13.38688781,10.70949773,16.0642466,19.12411203,23.01849476,25.97865994,32.99765295,41.75997496,46.4193397,55.2430212,69.65501909,86.84410027,100.8876231,109.0556967,115.3518231,114.5756371,109.5291529,106.1392512,97.10918355,97.51712382,112.2259921,113.645847,106.8727187,103.9128052,85.69513188,79.40349361,82.52901554,85.36316695,83.4609763,82.55109801,83.99764598,83.03592664,81.29749014,80.12469406,80.80801127,78.1655453,77.08746675,72.81082773,77.74808324,77.78313253,80.59959318,77.88734157,80.14739477,77.26847375,75.55773919,73.67986231,71.87875563,79.56048358,80.21686747,82.58144265,85.09162037,88.74158921,86.37145987,89.02534827,92.66963766,98.19524637,95.84173166,92.87372868,79.27804725,75.97496479,71.69801283,69.72401835,70.89845095,70.96792364,65.61320607,67.42106087,59.52808637,59.07620091,54.55578157,56.67688938,46.00219058,41.51682053,38.63105781,35.8141136,31.2940072,29.79884212,26.94761383,27.71259584,24.20068847,22.42738226,21.24515725,22.70555469
107,,15.75480705,13.32031213,10.78142851,12.03346699,10.95533666,10.64232704,8.764269326,9.529390038,10.43364353,10.46841889,9.703298182,11.05966276,17.07642756,15.82438908,13.45941361,10.74665314,15.75480705,19.33704563,22.98880365,25.91024762,32.8312659,41.80431265,46.46439985,54.84617142,69.62711164,86.5994322,100.4065995,108.9968355,114.6310086,111.1531587,109.3793332,106.0060286,96.99823776,97.41547958,112.1269317,113.5530035,106.7710241,103.8497053,89.97273686,79.3654669,82.18255347,85.5906022,83.67780042,82.39101788,83.95606597,83.2605586,81.00000313,80.4782161,80.44347203,78.2524047,77.62638546,72.47925529,77.86990694,77.69587359,80.54770423,78.11342843,80.19995054,77.13934249,75.33108592,73.76603783,71.99221232,79.64341944,80.09571834,82.53030716,85.06912817,88.61646618,86.73840847,89.06876508,92.33783754,98.49379771,95.53742186,92.82488051,79.74796465,76.1308255,71.74869084,69.76640092,70.77491791,70.91420719,65.83625215,67.43604431,59.5413157,59.26305015,54.4289296,56.82877435,45.83838061,41.6302793,38.77844866,35.64835247,31.57922743,29.87501526,26.77972574,27.47529572,24.484301,22.53669255,21.18032797,22.46714182
108,,15.51137946,13.32031213,10.95533666,11.92914088,10.95533666,10.53800093,8.833820063,9.529390038,10.39886816,10.46841889,9.738073551,10.99011203,17.21552903,15.72003168,13.45941361,10.71187778,15.89393982,19.23268822,23.02361032,25.97979836,33.00498624,41.76925557,46.32542358,55.26372625,69.55762351,86.7036644,100.650121,109.0315795,114.9787623,113.4137142,109.3793332,106.0060286,96.99823776,97.41547958,112.1269317,113.5530035,106.7710241,103.8497053,86.98192995,79.33040982,82.59979529,85.20810445,83.64305635,82.46050601,84.02555411,83.05178118,81.24352461,80.26943868,80.61750538,78.28714876,77.2438877,72.75720783,77.73061766,77.80041881,80.5824483,77.90465101,80.30449576,77.20914364,75.43531813,73.83552597,72.02695639,79.53918724,80.09571834,82.53030716,85.17336038,88.68595432,86.56468813,88.96421987,92.58135903,98.2850203,95.88517555,92.89436864,79.22617762,76.09608143,71.7834349,69.69691279,70.87915012,70.91420719,65.69727588,67.47110139,59.5413157,59.05458575,54.5331618,56.82877435,45.87343769,41.59553523,38.74370459,35.64835247,31.50973929,29.77068915,26.88405185,27.78830533,24.10174065,22.57146792,21.1455526,22.67579403
109,,15.47652435,13.25068862,10.95530237,11.9638788,10.88575185,10.60751847,8.729466633,9.564166771,10.53796795,10.25973457,9.80759359,11.05962815,17.31980093,15.68697487,13.42610911,10.60871389,16.06776637,19.23262802,23.09308877,26.08404282,32.97013898,41.76912483,46.67303118,55.29829723,69.69669463,86.98165769,101.1712783,108.9617503,115.5349318,118.4562414,109.3789909,106.0056968,96.99793414,97.41517466,112.1265807,113.5526481,106.7706899,101.6235758,83.01677726,79.46945036,82.18229623,85.7643671,83.39927382,82.42550394,83.8515713,83.08626518,81.31275823,80.44322023,80.75622887,78.14792788,77.06961312,72.82678102,77.66088644,77.76511832,80.61725304,77.93915112,80.37373232,77.31313384,75.40033805,73.55703017,72.02673094,79.50419432,80.3042444,82.63428071,85.0688619,88.85970953,86.18160761,88.99868536,92.96356579,98.52823338,95.25885814,93.34606235,78.84343308,75.92212345,71.64423438,69.76618255,70.98347314,70.91398523,65.87079003,67.19262552,59.33266558,59.12388882,54.67227995,56.68930762,46.0470139,41.38662827,38.60429448,35.96124953,31.1269563,29.84014649,26.77964192,27.78821835,24.24076625,22.43229623,21.28458745,22.46707149
110,,15.51137946,13.28550546,10.92056129,11.92914088,10.95533666,10.5727763,8.764269326,9.564196708,10.50322556,10.29454205,9.77284892,11.09443813,17.28507977,15.68525631,13.42610911,10.64349307,16.0330413,19.23268822,23.09316105,26.01457373,32.93549811,41.83905671,46.67317727,55.22866918,69.76640092,86.84264067,101.171595,108.8231151,115.5005493,116.9961093,109.3793332,106.0060286,96.99823776,97.41547958,112.1269317,113.5530035,106.7710241,103.1541979,83.12158233,79.3654669,82.39101788,85.62565928,83.39953487,82.46050601,83.95606597,83.12158233,81.27826868,80.19995054,80.89545792,78.07837135,77.10459842,72.79226491,77.76536173,77.76536173,80.61750538,77.97413915,80.33923982,77.2438877,75.4700622,73.62674855,71.92272419,79.57393131,80.09571834,82.73877156,85.20810445,88.75575546,86.07764517,89.17299729,92.89436864,98.35450843,95.57216593,93.1726342,78.94791207,75.92236109,71.5749705,69.80114499,70.91420719,70.95250467,65.83625215,67.40130024,59.19356202,59.19356202,54.70719515,56.654741,46.04715803,41.31726968,38.67421646,35.92661802,31.1618604,29.80546452,26.88405185,27.78830533,24.20606675,22.46714182,21.28465408,22.43236645
111,,21.98022405,16.27650018,14.71145208,12.83339437,13.73764786,13.73764786,11.685682,10.60755167,11.65090663,10.74665314,11.79003941,12.798619,9.425063932,5.87763202,3.895643681,3.721747787,7.477455482,12.38128328,12.6942929,13.73764786,11.37267238,10.5727763,13.66809712,19.85870746,24.17129138,32.8312659,37.63064239,47.92521574,51.95959672,55.40270253,62.18468194,67.15809177,70.84440605,70.70542978,72.96598524,69.52287944,67.92308728,65.34952219,64.09748372,58.84580833,61.7671271,69.97517834,73.62674855,73.73129376,75.74832775,74.18327965,73.07021745,70.63594164,73.03547338,74.60052147,75.22654071,72.06170046,78.39138097,83.3647908,90.07728207,86.94718589,87.85147068,88.44274585,89.83376059,88.19922436,93.2768664,99.57180284,101.9716476,107.1882659,107.223323,108.7883711,113.1705057,119.6739066,122.4909931,130.7685325,136.6462271,143.3236613,138.9762707,130.0379681,117.5873845,116.7178437,108.5448496,100.650121,92.51187089,85.31264966,80.61750538,77.06985436,70.87915012,70.0099224,62.18468194,55.33321439,52.37683854,45.87343769,46.39491172,42.01277705,37.90890794,38.32614976,33.52677328,32.23999073,28.34477383,29.42290417
112,,21.87562406,16.34584626,14.64171803,12.86800863,13.73747586,13.73747586,11.68553569,10.57264393,11.68553569,10.71174366,11.85944166,12.72890889,9.424945928,5.912333364,3.860393198,3.721293465,7.477361863,12.38112826,12.69413396,13.77225079,11.33775506,10.60741886,13.66792599,19.85845882,24.13621382,32.93632286,37.60272493,47.8913711,52.00492151,55.40200887,62.11429752,67.26969359,70.88802557,70.74238815,73.00027232,69.3878126,67.92223686,65.35586387,64.06193757,58.84765032,61.87089767,70.00904586,73.4868522,73.76511426,75.85232252,74.1128636,72.99981533,70.70454453,72.99981533,74.67265995,75.16387541,72.20347578,78.39039949,83.32900342,90.04141065,87.05032819,87.78414249,88.44163852,89.79789222,88.23286372,93.2105876,99.60529981,102.0800336,107.1521802,107.2567241,108.6824651,113.2385761,119.6724082,122.4894595,130.8363825,136.6792599,143.3218669,138.9745307,129.8973654,117.6553995,116.7163824,108.4740033,100.6488608,92.44091235,85.38106879,80.58522293,76.99940216,70.94806296,69.93924559,62.18390337,55.36726524,52.37618277,45.80306307,46.46381811,41.97750741,37.83894605,38.46495745,33.45686625,32.23958708,28.30961272,29.49208565
113,,21.9107419,16.34610208,14.64194718,12.93776097,13.59855765,13.80724181,11.6509431,10.53803392,11.79007631,10.67713583,11.89440274,12.69433263,9.355542479,5.947201372,3.860453615,3.686576227,7.512254365,12.34651525,12.69433263,13.80724181,11.40748346,10.53803392,13.6681399,19.8935764,24.13659156,32.9356012,37.70024853,47.99485411,51.78572546,55.50710847,62.18487658,67.33202286,70.8446278,70.8446278,72.93146946,69.4536087,67.71452181,65.48870345,64.06294017,58.81124835,61.80206462,70.14911825,73.34871259,73.93998961,75.71382067,74.14876768,73.07044617,70.46212885,73.27922423,74.63549916,75.15728783,71.99243766,78.49617188,83.29556339,90.18179656,87.05169057,87.81700148,88.51251103,89.7992976,88.16475626,93.13818166,99.81563676,101.9372226,107.1538572,107.2931469,108.7887116,113.379325,119.5353045,122.6306663,130.803686,136.7508874,143.6718647,138.6984393,129.7604217,117.483207,116.7876974,108.2321787,100.6851802,92.47710327,85.27785951,80.7914786,76.89637471,70.94917334,69.94034018,61.97609851,55.40287594,52.41174666,45.87358128,46.42980111,41.76938631,37.9090266,38.46555944,33.45738987,32.20534747,28.34486256,29.42299626
114,,16.86457678,12.44849611,10.46645323,11.54441242,10.74463524,10.29260904,9.701476189,9.318987667,9.805782706,9.736245028,9.979658195,10.18830252,13.45688633,8.414903971,5.841759535,5.250626684,9.458063022,15.89095541,16.37775045,16.76027026,15.09117823,13.70029949,26.63559065,34.63333114,37.86705222,45.96903664,70.23993941,88.73908975,90.82522008,94.99810665,104.5314705,115.1223757,116.387941,117.0162025,112.5945909,95.31374206,88.63456417,87.80023722,73.68239871,66.91205699,67.52790739,72.16986005,74.95930276,74.06977363,72.97352291,71.76778524,74.66004012,73.81603128,73.16468611,68.78961354,66.94868568,70.69569327,72.87292991,78.15502221,81.93326779,80.73462564,79.10428603,77.14610378,77.77315173,78.87651638,82.02751992,86.87908062,89.52495773,92.96956222,98.43207866,106.4348343,113.0456567,117.812363,119.5174422,125.3626229,129.224964,134.0611887,130.1644016,117.4296988,98.60618776,93.31746728,87.64608255,76.72073652,71.40585431,65.92751468,62.71165218,58.42637195,56.82130439,53.2741197,47.40046135,44.26501929,36.33703554,33.65974106,30.35623195,28.61760223,26.39217748,24.51447241,22.94971819,22.6019985,19.75067206,19.82020974
115,,21.83544977,17.31535664,15.2291887,13.97747542,13.76884611,13.21252214,11.16112053,12.06513916,11.6131142,10.81342588,13.03869046,12.55189916,10.91772489,7.718909007,5.00685313,4.5896258,9.735544276,14.67286473,15.02055939,16.75906397,13.38638511,13.24728848,19.67971786,28.51124351,32.72109333,41.62198223,51.43703722,68.28504307,69.05058731,73.05309319,79.42239624,86.00031323,93.10007831,90.97697729,90.59420517,83.25074393,79.75216317,77.58217064,74.99812157,69.43926345,70.79392896,75.11243392,79.41114781,77.53675343,78.7110372,77.74692247,78.35418434,76.07869768,78.02970557,79.65778159,76.31977519,77.33069213,77.95388688,83.1694632,86.68114482,86.71587986,87.45305693,86.24357999,86.25572834,86.3682165,89.15388059,93.87688637,97.29474953,97.24906481,95.74534064,94.87517619,98.18136257,99.26045419,100.4090838,99.121065,100.4090838,100.6872357,103.0644924,103.7182143,106.7870499,99.77214825,94.47493929,92.80077106,86.57693969,83.41292144,79.65778159,75.20700208,69.08768877,66.47974415,63.80264237,55.28410762,50.27725449,45.30513641,44.54002666,38.52491848,35.77803368,37.02974697,33.41386022,27.85062054,26.80753657,26.66843993
116,,21.98036165,17.45909721,15.19846499,13.94641868,13.80728503,13.21603746,11.16409006,11.99876673,11.68575516,10.78149601,13.21603746,12.3465539,11.02495641,7.826097845,4.973409666,4.660879528,9.459898522,14.60721742,15.26801616,16.58961365,13.6334071,13.07693512,19.68495385,28.17104205,32.93570429,41.38701691,51.40338741,67.71473377,69.14081452,72.89695346,79.26141788,85.69568388,93.13847319,90.59932327,90.87759056,83.29582411,79.7484639,77.62687142,74.98380165,69.52331467,71.05362827,74.91400007,79.22667359,77.59212713,78.4616733,78.07886014,78.60065044,75.81829052,77.69635999,79.92218532,76.47905796,77.1398254,78.183406,83.0523011,86.56523005,86.84318433,87.15619591,86.32170704,86.32170704,86.4259399,89.06932267,93.55571763,97.45083371,97.13782213,95.64256582,95.08603123,97.729101,99.12043746,100.1984493,99.43344904,99.98967062,100.9287054,102.8418321,103.5025996,106.5979711,100.5114609,94.6337295,92.8602059,86.70420719,83.26107983,80.09621976,75.40104608,69.00152437,66.56723332,63.81961769,55.50728221,50.1513411,45.52565599,44.44764412,38.5699127,35.68331993,37.24837782,33.52698316,27.99713281,26.81466897,26.5016574
117,,21.84125931,17.35473915,15.20003506,13.98119426,13.77250945,13.18126187,11.19886565,12.06959592,11.61620398,10.8163029,13.04215953,12.52046313,10.99018083,7.720962698,4.973409666,4.625622502,9.633807755,14.71154418,15.05933134,16.728716,13.45949787,13.25081305,19.65017826,28.37972687,32.72723858,41.6652842,51.36864313,68.13229121,68.96678008,73.00118631,79.43545232,85.79991674,93.06867161,90.87759056,90.5298347,83.26107983,79.71371961,77.6616157,74.8445115,69.52331467,70.94939542,75.05329022,79.26141788,77.52263856,78.67013901,77.90513871,78.28763886,76.16604638,77.83565014,79.88744104,76.27059225,77.27911555,78.11391743,83.12210269,86.70420719,86.73895147,87.4344632,86.1476726,86.35645133,86.39119561,89.03426538,93.83398492,97.27711228,97.242368,95.57276424,94.84250822,98.04211258,99.18992604,100.2679379,99.18992604,100.1984493,100.7549839,103.0155535,103.6415767,106.7022039,100.0247279,94.59898522,92.79040432,86.73895147,83.40005697,79.67897533,75.19226736,69.21030309,66.49743174,63.71538483,55.43779364,50.32537554,45.282446,44.65642284,38.43093556,35.92684293,36.90062195,33.59647173,27.82325488,26.77989339,26.71031091
118,,21.94544868,17.2503044,15.23314521,13.98110674,13.77242323,13.25073009,11.1292448,12.06827366,11.65090663,10.78142851,13.11162862,12.45083401,11.02488739,7.651332325,4.973378532,4.625593544,9.703298182,14.67667671,15.0244617,16.76341794,13.38986287,13.25073009,19.78915672,28.62297678,32.55300035,41.69976743,51.47255375,68.16660876,69.17512575,72.96872603,79.43495504,85.97341296,93.10837038,90.87872841,90.52926796,83.08652525,79.85219686,77.49007725,74.94827516,69.31583774,70.98369533,75.01807631,79.3654669,77.66210189,78.70537601,77.73061766,78.21815029,76.27918771,77.86990694,79.78270872,76.23537071,77.31337584,78.21766063,83.16465642,86.6694629,86.84264067,87.36688891,86.42837467,86.11238923,86.35591072,89.21109223,93.98031629,97.23014499,97.17712905,95.71355236,94.84993051,98.07808485,99.22498091,100.3371114,99.05125597,100.4065995,100.684865,103.0149086,103.8844494,106.6667919,99.57180284,94.49416081,92.82488051,86.49488699,83.57356822,79.50444317,75.22654071,68.96634834,66.60156067,63.71498596,55.22866918,50.35980456,45.35165066,44.48210994,38.53492718,35.71784061,37.10916836,33.31799586,27.92740681,26.84927648,26.57104223
119,,21.87418624,17.49239446,15.16237668,13.91043618,13.84089088,13.18014798,11.12837398,12.10210201,11.61522234,10.81538885,13.14537533,12.34551054,11.09357003,7.755082878,4.972989384,4.660004257,9.459099104,14.74507361,15.16237668,16.58821173,13.59745105,13.18014798,19.61374505,28.27297937,32.82869698,41.52279784,51.33020344,67.77535971,69.11385827,73.07893476,79.38457876,85.78762404,93.16553072,90.72961562,90.78180537,83.26134044,79.67323944,77.7247788,74.83818669,69.69145926,70.94339977,74.97746507,79.25471982,77.44629175,78.59400821,77.96803796,78.52452551,75.91642045,77.75927688,79.91543142,76.36837098,77.16836096,78.10731634,83.14981972,86.52286043,86.87089989,87.21862637,86.20987531,86.41863639,86.38389504,89.09653713,93.65203566,97.26889178,97.18230055,95.67072197,94.98207997,97.86856962,99.1167145,100.2567298,99.42993886,100.1578033,100.9059622,103.0147464,103.4145624,106.5539086,100.4334844,94.59099104,92.85235866,86.69688016,83.28878512,79.9852271,75.39467425,69.13497171,66.49181231,63.81422455,55.36362612,50.18184436,45.55686314,44.40914668,38.60139466,35.68030447,37.21048876,33.55889128,27.8556763,26.84717562,26.63850844
120,,16.5201659,12.52054151,11.65105251,11.26848736,10.50335707,9.564316457,9.877329995,7.721011034,8.555692934,8.729603255,8.833930668,11.02502543,16.97228265,10.88592222,7.68623523,7.86011425,12.20752798,14.15516081,15.05942562,17.42443071,17.84177166,20.86757962,31.44033179,38.53540966,47.1260662,60.20283277,79.01838955,91.81720009,91.08693951,99.12105799,111.9893575,118.4233508,116.162767,113.1021207,102.3206824,95.1561155,90.80867047,80.44447922,76.51428124,73.21042335,73.00164332,75.22748259,74.04523046,74.60145551,75.92331168,75.19273809,74.11471946,75.92331168,75.64504265,74.04523046,72.16714923,73.6624149,77.59261288,80.34024572,81.69653338,81.1399953,78.25338446,82.60082949,80.54871273,77.55786838,79.12293607,90.46091243,94.00829486,91.81720009,92.47797167,93.34752328,98.28625088,101.2423507,101.7988888,104.8247907,102.5989514,114.1457078,96.89521872,90.9479615,91.36520855,90.53040144,84.93090226,81.76602238,72.93215432,73.07113233,63.92425072,62.35918303,57.28147742,57.28147742,52.06448079,44.23914234,38.32662963,35.71828782,33.87495109,31.64911182,28.31032162,27.19740199,24.86717271,24.31072854,22.78043665,19.33728774
121,,16.51453139,12.51627115,11.6470787,11.26464404,10.46497947,9.561054371,9.873961149,7.718377641,8.622334034,8.69186192,8.865681636,10.9865012,17.00125789,10.84744543,7.648818464,7.857433413,12.20336437,14.15033293,15.05428933,17.48801567,17.80092245,20.92999024,31.46465405,38.38333584,47.1794583,60.2520777,79.13068239,91.7511515,91.09060529,99.12198358,111.9869038,118.417693,116.1102139,113.0946343,102.3503009,95.09368898,90.77769851,80.3128442,76.5232302,73.15072094,72.98382428,75.20182487,74.01997597,74.65863818,75.92949109,75.12207337,74.16501778,76.03658937,75.50102506,74.07811996,72.28767419,73.48639216,77.74405618,80.54069118,81.54649149,81.0428737,78.33177261,82.63134987,80.69771593,77.46149365,79.2760541,90.82566796,93.71832698,92.01322985,92.57011131,93.33558842,98.24259736,101.40943,101.7921686,105.029191,102.5576457,114.4924903,96.68655735,91.03884389,91.31728462,90.76040316,84.9137742,81.7121756,73.04668659,73.07939252,63.85696041,62.51726006,57.29941292,57.20840702,52.08145589,44.08719244,38.27882497,35.74083809,33.89813007,31.60358466,28.30066587,27.18812581,24.8586913,24.26767297,22.77266697,19.3306924
122,,16.5201659,12.48576571,11.68582831,11.23371156,10.50335707,9.564316457,9.877329995,7.721011034,8.590468738,8.694827451,8.833930668,11.02502543,17.00705846,10.85114641,7.68623523,7.86011425,12.20752798,14.15516081,15.05942562,17.42443071,17.87654746,20.86757962,31.51013381,38.43117615,47.1260662,60.23757728,79.12293607,91.81720009,91.05219501,99.19054699,112.024102,118.3886063,116.1280225,113.0326317,102.3554269,95.19086,90.77392597,80.40973472,76.54933876,73.21042335,73.00164332,75.19273809,74.04523046,74.63620002,75.92331168,75.12324908,74.18420847,76.02754519,75.50575162,74.01017294,72.23663823,73.59292589,77.66210189,80.40973472,81.62704437,81.1052508,78.28812896,82.60082949,80.54871273,77.45332186,79.29665858,90.56514594,93.79982784,91.88700211,92.47797167,93.34752328,98.18201737,101.3121528,101.8336333,104.8595352,102.5294624,114.2499413,96.7906722,90.87815948,91.36520855,90.59989045,84.93090226,81.76602238,72.96689882,73.00164332,63.92425072,62.46372956,57.17724392,57.31622193,52.06448079,44.20439784,38.29188512,35.71828782,33.87495109,31.61436732,28.37990453,27.16262618,24.86717271,24.27595273,22.78043665,19.37206354
123,,22.01513724,15.78968126,14.95500459,12.45091196,13.94641868,13.32039552,11.16409006,10.99018083,11.09450759,10.46848443,11.99876673,12.06834921,9.599032168,6.051546747,3.651812181,3.825690112,7.616604638,12.38136079,13.04215953,14.29420584,11.75533763,9.87726816,14.29420584,19.75450502,24.48445428,33.52698316,38.70920285,49.62986381,52.69017801,56.09856109,62.63764813,67.40383201,71.43612842,72.13164015,72.37516316,69.07132595,68.27126835,64.51512941,63.68032754,58.70719958,62.04578107,70.84484955,71.64490715,74.70553436,75.64456909,73.34894218,71.92317444,70.7406167,73.87073248,75.08803451,74.35777849,70.91465113,76.58360383,81.87005637,89.31309179,85.79991674,87.01721877,87.71273049,88.4780438,86.80844004,91.8166253,98.11620787,101.4871459,105.4173931,105.4154133,106.5979711,111.7103892,118.3183766,121.6552752,129.2895648,134.6745844,140.577823,135.4687652,126.2131546,114.3187146,114.840505,104.7199016,98.66813573,90.21682312,84.06113742,78.84417345,74.25323263,69.31453594,69.80158196,60.65475762,53.83799147,51.71639899,46.42994644,44.58662126,40.62201661,37.42241226,37.00485481,32.69218128,31.1272486,26.91899573,28.44927804
124,,22.04887759,15.78893994,14.95430246,12.41555344,13.98053785,13.28496488,11.23311382,10.85056903,11.16356591,10.46799294,12.03297735,12.0677826,9.529002291,6.15561579,3.616866776,3.825510498,7.616247042,12.34597423,13.04154721,14.29353474,11.65043256,9.981126288,14.25876078,19.78835151,24.34420893,33.56015174,38.70738547,49.59247806,52.72244688,56.02644198,62.59937651,67.36381506,71.43277453,72.07365712,72.41573702,68.96354212,68.4907522,64.52906314,63.71239342,58.67269324,61.97338275,70.87626607,71.53731549,74.84099758,75.71050292,73.20652786,71.95454033,70.73729546,74.11077586,74.66330994,74.56904512,70.87626607,76.51020996,81.97044057,89.30833949,85.65691786,87.08261866,87.54098258,88.5936463,86.80436443,91.74282924,98.24627847,101.3415046,105.4104641,105.237426,106.6691291,111.7250771,118.1387953,121.5851861,129.0985429,134.6589878,140.4498357,135.6678947,126.3465126,114.4526311,114.7656279,104.8886983,98.87227223,90.21258748,84.16141875,79.04924067,74.14551851,69.24179635,69.70019803,60.89542148,53.8354638,51.85325454,46.21931066,44.86278217,40.51556846,37.35085699,37.00311745,32.6906464,31.29968826,26.88295795,28.48271631
125,,22.15073483,15.85673243,14.81350617,12.51846474,13.87462132,13.42257955,11.16230815,10.8145765,11.19707819,10.53638492,11.96208157,12.03162164,9.632270098,6.15492226,3.616459277,3.825079492,7.615388949,12.30981322,13.0748479,14.2571543,11.61434992,10.01477179,14.22235297,19.8556621,24.23712476,33.41741569,38.70302446,49.6566811,52.40354523,56.23796116,62.61912072,67.44850041,71.49487521,71.965298,72.50355997,68.90978456,68.43437821,64.60904835,63.53120853,58.80204552,61.75765504,70.7640645,71.84221727,74.4153877,75.98019579,73.30505554,72.01591097,70.69103781,74.17190356,74.65887184,74.45012644,70.97280989,76.39737363,81.94045181,89.45177287,85.61252848,87.13617992,87.45524649,88.3593926,86.91010585,91.95850602,98.16573195,101.2606094,105.2245813,105.4433785,106.5459052,111.5532911,118.2386155,121.3943692,128.9760608,134.6777121,140.3404484,135.8813155,126.6105005,114.6481685,114.6134298,105.3286202,98.82639393,90.06346862,84.18667535,79.24876693,74.13716482,69.23399514,69.61643424,60.99277685,53.79465962,51.84741243,46.35285483,44.89246639,40.54081987,37.24243259,37.13821637,32.75675371,31.29616184,26.67127763,28.58381738
126,,15.37253539,11.92936492,10.53819885,10.85121434,10.01649592,9.599152354,9.147001468,8.277507019,8.173178954,8.034074867,8.242730998,10.71207896,17.21585236,11.61634943,8.138402932,8.068850889,12.24238042,14.32916084,15.12907194,17.80710733,17.42453979,22.15454827,32.62310117,41.45702454,48.96939647,62.49886532,82.11429448,96.93057003,96.44351792,104.4776867,118.0415872,124.7542046,123.2238718,118.702363,109.937929,99.99092255,94.25240944,82.07954976,78.42791097,75.68026093,73.62813133,73.45440773,74.60192254,74.14992816,75.40199015,74.01063627,73.24562639,74.25416232,73.80216795,70.98502847,71.01977319,73.48915245,74.91493804,79.78420712,77.76682224,78.35810851,75.85398453,80.06247789,77.90611413,75.57571375,76.20174475,87.29657905,87.50536039,86.8793294,89.17467204,93.10458161,97.20884081,98.39110034,102.2170888,103.0515881,103.434093,111.3292829,96.16524714,93.76567034,89.66141114,88.40934915,82.4620547,79.54068106,71.57631474,69.90669008,61.73354243,60.65551705,55.89079515,55.47323248,50.5695317,41.63106115,37.59660441,34.29272583,32.79713779,29.87557634,27.54536377,25.70204681,23.05881874,23.33705822,20.83293424,19.16349738
127,,15.44348931,11.92932758,10.57294177,10.71204542,10.15556822,9.52953918,9.251331877,8.207929284,8.173153371,8.103601545,8.207929284,10.71204542,17.21579847,11.61631306,8.103601545,8.103601545,12.27711801,14.22475694,15.05947276,17.8418275,17.49403707,22.01534397,32.69248828,41.31791632,49.00430082,62.39412284,81.83576754,96.89552201,96.37372681,104.4773597,117.7629478,124.7885587,123.1887415,118.9802613,110.0070741,99.85163112,94.53038432,82.11403745,78.53189931,75.57547719,73.76719232,73.31488634,74.84521432,73.83668155,75.47124336,74.0104046,73.41943319,74.04546223,73.83668155,71.19327394,71.01955089,73.24539712,74.98450578,79.54043209,78.07959333,78.32311863,75.88849171,80.02748267,77.90587027,75.43649874,76.30605307,87.05278051,87.92233484,86.63553216,88.96561223,93.27832625,97.20853653,98.35604775,101.8686967,103.36428,103.3295354,111.3984237,96.37372681,93.52185154,89.83516656,88.3743278,82.60108804,79.47094286,71.54134609,70.14999656,61.80283842,60.62058258,55.89062021,55.43831423,50.63886263,41.45689477,37.73577819,34.46634155,32.7275459,29.91029004,27.51050164,25.66719044,23.19785022,23.26740204,20.83286903,19.12866149
128,,15.44160409,11.99854139,10.39873796,10.85087469,10.19008836,9.459720862,9.355396062,8.138148196,8.242472995,8.103373262,8.207698062,10.60741886,17.28486336,11.58121089,8.103373262,8.033823396,12.34632203,14.25916246,14.98949866,17.77177502,17.59786906,21.97994885,32.65682368,41.07323394,49.17663851,62.0098722,81.79871855,96.85925165,96.50998645,104.1279709,117.8028548,124.7717796,123.1478496,119.1557313,110.1419599,99.95304915,94.70175252,82.14723926,78.6036029,75.53860456,73.52159583,73.38230829,74.94733679,73.83460153,75.57334819,73.73106298,73.6624149,74.04407162,73.69623669,71.15652476,70.9828066,73.31282103,75.01713706,79.29690679,78.39604332,78.07739379,75.99541732,80.09471552,77.6674503,75.68476213,76.16890739,86.96161239,88.09385192,86.53477744,89.07378365,93.06692375,97.13964648,98.64234555,101.4571647,103.4353881,103.4100301,111.4207445,96.61093368,93.52009515,89.90212312,88.09357618,83.01599772,79.36571532,71.64356163,69.93924559,62.07935947,60.47958733,55.99327664,55.19323407,50.91569817,41.56027081,37.90843331,34.32639608,32.72662395,29.83986628,27.57927652,25.66646739,23.26674659,23.16242179,20.97138189,19.09334769
129,,15.40721496,12.03361765,10.39899836,10.85114641,10.19034353,9.459957743,9.320854527,8.10357618,8.312262305,8.068800376,8.242679396,10.60768448,17.21574458,11.65105251,8.10357618,8.034024572,12.34663119,14.25951952,14.98987401,17.77222005,17.59830973,21.94572345,32.69238595,41.07426246,49.17786994,61.94193599,81.73127788,96.92996322,96.47765866,104.1640191,117.7625792,124.7183661,123.0838094,119.1539244,110.1340288,99.99029658,94.73886846,82.14852492,78.6861483,75.47100712,73.52343689,73.31465686,75.08850458,73.76696142,75.57524063,73.80170592,73.59292589,74.07997496,73.59292589,71.1583066,71.08881759,73.27991236,75.01901557,79.26191408,78.42741999,78.14915095,75.88825417,80.13146569,77.66210189,75.58115511,76.27106972,86.91353001,88.16558416,86.42648095,89.13936928,92.93027623,97.20823226,98.66875342,101.4511308,103.398701,103.468503,111.2938415,96.68643869,93.4868143,89.90437436,88.09578214,83.05282103,79.4359496,71.64535566,69.87150794,62.01142499,60.62039283,55.95993427,55.22936067,50.81242664,41.66554503,37.83989358,34.29251115,32.76218796,29.87538931,27.54519133,25.70188591,23.30210502,23.1630018,20.97190703,19.09382581
130,,15.30207329,12.03297735,10.39844503,10.92011694,10.0506742,9.598581498,9.076909594,8.242240807,8.1726929,8.068371039,8.277014761,10.71144191,17.14528063,11.61565861,8.137918946,8.068371039,12.34597423,14.22395553,15.30207329,17.7712744,17.3191504,22.18800471,32.6906464,41.45455911,49.00153994,62.4711602,82.51622579,97.08048848,96.5885676,104.4166093,118.4464438,124.6765733,123.3532034,118.5232033,109.9049056,99.91952857,94.12079587,82.00518323,78.4232469,75.71050292,73.76303632,73.34641677,74.45851539,74.18026116,75.36724543,74.04129055,73.20652786,74.14551851,73.93674959,71.18926295,70.77203811,73.69323802,74.9802812,79.75145947,77.60232911,78.49273221,75.71050292,80.23142989,77.79725314,75.46699135,76.58024796,86.9783907,87.43966343,87.18715962,89.06514091,93.10079315,97.15120229,98.42029979,102.0960127,103.3704278,103.360271,111.6780918,95.8240857,93.76009415,89.65607903,88.50863245,82.31818011,79.53595082,71.25906126,70.28532796,61.5561579,60.51262629,55.67870244,55.53941883,50.63600967,41.66332803,37.62911121,34.04717489,32.86467267,29.8390257,27.47417776,25.77006623,23.05744745,23.47476619,20.6925682,19.16235774
131,,15.37239104,11.99880429,10.39896581,10.88588814,10.05117755,9.63383791,9.077364184,8.243479295,8.13832651,8.068775119,8.27742929,10.71197836,17.180915,11.58146465,8.173102205,8.033999424,12.34659255,14.22466789,15.33761535,17.73738872,17.32001778,22.18911593,32.72734102,41.49169265,49.07348283,62.46353404,82.56582654,97.10338179,96.58190287,104.4072168,118.3517175,124.7803736,123.2740512,118.3882357,109.8674079,99.89669454,93.97325621,82.14826779,78.39211709,75.67955026,73.80147492,73.38391616,74.39275564,74.18397626,75.36653771,73.97519688,73.34917177,73.97519688,74.07974308,71.15808386,70.74083812,73.69692872,75.08826954,79.71396912,77.48813682,78.56615207,75.74903905,80.20070365,77.80114938,75.54025968,76.51404174,87.053053,87.29575931,87.29575931,89.06960147,93.20825352,97.10338179,98.32068763,102.1115827,103.4759526,103.2275634,111.8497164,95.74709837,93.66024365,89.62582479,88.51306514,82.46128035,79.43570096,71.26263006,70.21904619,61.52449636,60.4461681,55.85521291,55.57725776,50.49925503,41.66541462,37.63099576,34.01413565,32.8663186,29.8405201,27.51032941,25.77135685,23.02382652,23.47594185,20.65882883,19.16331743
132,,15.40731142,11.8945889,10.53819885,10.85121434,10.01649592,9.599152354,9.147001468,8.277507019,8.173178954,8.034074867,8.277507019,10.67730293,17.21585236,11.61634943,8.139141759,8.068850889,12.24238042,14.32916084,15.12907194,17.84188335,17.38976377,22.15454827,32.65784589,41.42227982,49.00445421,62.4641206,82.35782054,96.86076758,96.4087732,104.5124314,118.076332,124.7542046,123.2586165,118.6328735,109.9031843,100.060725,94.14817528,82.01006032,78.46265569,75.74975037,73.66287605,73.34986055,74.56717782,74.14992816,75.36724543,74.11518344,73.28037111,74.14992816,73.80216795,71.08926263,70.95028375,73.62813133,74.81070388,79.85369656,77.66258807,78.49740041,75.74975037,80.13196733,77.83662469,75.57571375,76.23680248,87.26183433,87.57484983,86.98356356,89.00063542,93.20912878,97.17378307,98.28686618,102.2865782,103.0515881,103.3993483,111.3987724,96.16524714,93.66112316,89.73121359,88.44440688,82.35782054,79.57542578,71.57631474,69.90669008,61.76828715,60.55096988,55.89079515,55.47323248,50.5695317,41.77004003,37.49237025,34.22292338,32.83188251,29.87557634,27.54536377,25.70204681,23.05881874,23.37183424,20.76335089,19.16349738
133,,16.1724778,11.85981288,10.39906346,10.92076639,10.99031843,9.703480419,9.18177749,9.042673403,9.773032463,9.216553512,9.494792987,9.87739183,13.73790586,8.347090364,6.15654074,5.495673733,9.216553512,15.96379037,16.52026932,16.58982136,14.98996785,14.7465044,28.13661874,35.75325614,38.8486664,46.152257,71.6805489,90.7050048,94.80895099,97.8348718,106.7035399,116.4765098,119.6066647,123.4670849,115.7462446,95.7827422,89.2789062,87.85312061,74.46294366,65.14196818,69.17642492,71.19349679,74.25416232,73.14139223,71.50651229,71.81952778,72.86312145,72.06305384,71.36753341,68.58513865,67.57660272,68.86340943,71.88933024,75.92378699,81.00152439,79.40170218,76.93232292,75.99327643,74.81070388,77.52360919,80.16671205,84.06218992,85.83573573,91.36578052,96.13050242,103.2256247,109.9726737,114.1116777,113.6246256,120.0239144,127.4320522,130.3186811,127.2583286,113.2768653,95.99152354,90.28744213,86.35753256,75.68026093,68.79391999,64.27241113,62.29008398,56.16875291,55.1949617,52.34307751,46.29154889,42.36132631,34.88369909,31.82334657,29.52778482,27.99748336,25.04123979,24.17174534,21.98063686,21.21550178,19.65042429,19.47651288
134,,15.85876734,11.4419679,10.67683505,11.30283861,10.57251156,9.529151421,9.146600644,9.181375142,9.737829708,9.077051648,9.70305521,9.807378704,14.08508014,7.89459352,5.981808336,5.216706783,10.32905877,15.85876734,16.58909439,16.58909439,14.64153471,15.26753827,29.10916563,35.64745983,39.36873801,47.33275532,74.1119357,91.25754726,94.83953964,99.08259178,108.3681026,117.282084,119.7150209,124.5508813,112.2718437,94.49356926,88.37073183,87.43172649,72.99890136,64.82611186,70.14714214,71.50337885,74.87714642,72.26889441,71.60993871,71.64311314,73.52090545,71.22543327,70.96561095,68.61730598,67.5388983,69.07154215,72.85992857,75.92331168,81.10804347,79.15470739,76.55221418,76.69023718,74.54363309,78.25534406,80.0057604,83.83362136,86.6496359,91.85539483,96.62693071,104.144922,111.6552298,113.2750955,115.1809168,120.9928803,128.8197999,129.9801168,126.18947,109.9468769,94.63550682,89.93602224,85.3514011,75.81591739,67.3996125,64.2001083,61.90486624,56.06206199,54.49705309,52.96678738,45.42000144,42.15101084,34.6389681,31.1958546,29.6656202,27.82238401,24.7619152,24.13591163,21.91012467,21.21457211,19.23220663,19.8234357
135,,16.10193682,11.85910758,10.39844503,10.98966484,10.92011694,9.737677313,9.146457501,9.076909594,9.737677313,9.250810662,9.494228337,9.841999174,13.77186283,8.346593968,6.120841836,5.494848071,9.216005409,15.96284101,16.51928687,16.58883478,14.98907641,14.78040139,28.10017152,35.78587257,38.81161344,46.14951235,71.78051407,90.69961063,94.83805541,97.79399797,106.7543242,116.4699475,119.5880162,123.5581589,115.7046186,95.6728181,89.34308214,87.81315338,74.49325805,65.13809422,69.06808308,71.22431861,74.21662989,73.24127052,71.50225984,71.81525672,72.82404567,71.98928299,71.36328922,68.61580259,67.60732663,68.89405682,71.85031237,75.88421619,81.03779107,79.43296597,76.85826249,76.05824246,74.80625493,77.48425626,80.2069801,84.02213514,85.7988425,91.43057539,96.25552592,103.2212512,110.0195092,114.142404,113.6762201,120.0436542,127.5594373,130.308335,127.3161138,113.3357336,95.89147869,90.3518711,86.35239693,75.67718147,68.7550862,64.26858888,62.25163697,56.20046824,55.15693664,52.40945,46.184568,42.35880711,34.88162458,31.85619671,29.52602882,27.96104441,25.0397506,24.17030786,21.97932969,21.21424011,19.64925569,19.54490253
136,,16.2017767,11.89056921,10.32602063,10.95184007,11.0213686,9.630672662,9.178674577,9.074381769,9.804494009,9.213438846,9.387291485,9.943582378,13.76802751,8.309505258,6.188665784,5.493317813,9.178674577,15.95839552,16.44515788,16.58421496,15.08919491,14.63722812,28.12711018,35.65873269,39.00615049,46.12030212,71.6678153,90.60669286,94.97513436,97.91333168,106.7827733,116.5164347,119.7082098,123.5699718,115.9397545,95.78731056,89.52187628,87.7980413,74.76169742,65.12833687,69.24346432,70.97005486,74.32209311,73.33333333,71.42329333,71.79862689,72.98291072,72.0465911,71.34341528,68.45776188,67.51903273,68.84013756,71.93450174,75.89812911,80.93523152,79.4790679,77.017271,75.96759507,74.63666726,77.67107556,80.0006884,84.03378173,85.84947059,91.47383605,95.95908393,103.1560074,110.0997791,114.2884893,113.4129589,119.9486202,127.540653,130.100976,127.2847885,113.5352347,95.95908393,90.39453585,86.46633508,75.61995238,68.84013756,64.24213381,62.23430054,56.32374891,55.10684302,52.39485451,46.10192721,42.52098842,34.69824552,32.02098998,29.5525704,27.95325755,24.96324875,24.30266505,21.90368013,21.24309643,19.60901931,19.46993094
137,,15.99736461,11.61547683,10.46782912,11.40680507,10.64172747,9.528853166,9.076767544,9.146314363,9.84184515,9.146314363,9.737524922,9.563657875,14.08463929,8.137791591,6.01639452,5.320863733,9.737524922,16.06691143,16.55380176,16.51902835,14.71062326,15.19751359,28.86480937,35.12458646,39.29802158,46.70528988,73.48616215,90.49027525,95.22172977,98.08760276,107.3210288,117.3958777,119.7311368,123.3296501,114.2768164,95.36400003,89.0401182,87.23200451,74.07487394,64.82408286,69.62602196,71.3325654,74.70155934,72.75789105,71.46639875,71.61330107,73.20538221,71.74464862,71.25794608,68.47576034,67.47300216,68.93246733,72.19759995,75.88777909,81.23894747,79.33686646,76.5090126,76.54406771,74.77034213,78.01938416,80.02354776,83.88395219,86.1910501,91.91030514,96.18451578,103.6691589,110.7222267,113.4556192,114.818097,120.4217411,128.08107,129.9701852,127.1593538,111.7381384,95.04920434,90.2459178,85.79642555,75.95282585,68.3364789,64.02438834,61.90292867,55.95608096,54.84308147,52.7566769,45.76631392,42.25391788,34.8810787,31.33394054,29.62991828,28.06495836,24.65681994,24.16992961,21.97898572,21.21390811,19.57940137,19.57940137
138,,16.20730455,11.89462613,10.33044916,10.9555767,10.9555767,9.633958532,9.18180623,9.1470301,9.773063054,9.216582361,9.425270446,9.912198878,13.772725,8.278258474,6.260329544,5.46086325,9.216582361,15.85951194,16.52032103,16.62464942,15.09434317,14.64222217,27.99757099,35.71862323,38.91827766,46.0829118,71.50673611,90.53125157,94.84399259,97.73063054,106.5996394,116.3726399,119.7112736,123.328492,115.9901337,95.81778685,89.41847799,87.7488481,74.77619322,65.10742725,69.0026043,71.08948515,74.32388441,73.35009015,71.43724646,71.54179396,73.14162117,72.02853458,71.57653879,68.34182651,67.54206941,68.96785947,71.9243001,75.85422197,80.8624856,79.64516452,77.00205339,75.81947714,74.74144839,77.83686833,79.74971202,84.16668753,85.80125958,91.33132168,96.02656884,103.191203,109.9035283,114.285759,113.4509441,119.8853108,127.3629614,130.2148545,127.3629614,113.6249812,96.0960585,90.39227225,86.28831322,75.85422197,68.86362498,64.13363299,62.25553413,56.34296589,55.2298793,52.20426203,46.32643862,42.53549607,34.71008414,31.9624255,29.63223694,27.8932426,24.97176591,24.41528522,21.94592953,21.18079206,19.61570967,19.54612611
139,,15.89389007,11.51176912,10.67706899,11.26831101,10.53796795,9.52936021,9.042475272,9.390259171,9.77281833,9.112025792,9.633717291,9.77281833,14.0506135,7.929541755,6.051489921,5.251596344,10.01627645,15.99821585,16.62423313,16.45035683,14.71140603,15.30264805,28.90112057,35.68298485,39.1955678,47.09027169,73.91195465,91.09720479,94.82349479,98.7223478,108.0372656,117.1969756,119.7737,124.2506872,113.1244286,95.02516842,88.31257865,87.41476792,73.14459759,65.03834476,70.07984925,71.40384266,74.74215026,72.55192275,71.5400025,71.50606464,73.35123816,71.65051401,71.12244898,68.51414799,67.19262552,69.17490923,72.68749217,75.99399005,81.17677256,79.05220984,76.65237261,76.65357227,74.80906473,77.73037436,80.19969951,83.99054714,86.21716117,91.920308,96.37191686,103.9883561,111.4658195,113.2750925,114.9096338,120.8213347,128.3723041,130.107362,126.4961733,110.4920496,94.66758483,90.11174408,85.72962314,75.57405784,67.81864279,64.09728309,61.97571053,56.13277826,54.53299111,52.72442719,45.90803806,42.08213347,34.84819081,31.05740578,29.63149493,28.03167647,24.6233567,24.20599099,22.01493051,21.21503694,19.26743458,19.71954426
140,,16.27685681,11.61638579,10.39909601,11.19904092,10.78166475,9.599182401,9.1470301,9.1470301,9.773063054,9.1470301,9.703510793,9.633958532,13.98141308,8.242756799,6.052171899,5.321746535,9.599182401,15.99861647,16.55509716,16.62464942,14.81610282,15.05956704,28.51927555,35.37086192,39.05756999,46.88298192,72.58507788,90.87901287,95.15700906,97.69588571,107.295162,117.1029073,119.6070391,123.3632368,114.70301,95.57426003,89.27918566,87.26210748,74.15016026,64.75966595,69.6636951,71.22877748,74.5326664,72.96758401,71.22877748,71.9243001,72.89809436,71.99378975,71.12422998,68.86362498,67.47257976,68.72464567,72.34155106,75.68049782,81.24530475,79.36720589,76.51499975,76.44551009,74.77619322,77.90635799,80.16696299,83.81892623,86.07953123,91.74857264,96.16554815,103.6084539,110.4253268,113.659726,114.2510142,120.2678169,127.9542495,130.0758752,126.9106526,112.5469525,95.22649872,90.07925577,86.18376571,75.68049782,68.72464567,63.95959583,62.01200731,56.1341839,54.84737317,52.72574748,45.94393249,42.15298993,34.71008414,31.64940902,29.45832499,28.10193069,24.69352557,24.2761807,21.9111534,21.42422497,19.6504858,19.30269319
141,,15.82478535,11.61642215,10.57304106,11.44254095,10.50348858,9.599212448,8.973177534,9.286194991,9.773919685,9.112282492,9.773093645,9.599212448,14.01623309,8.173230121,5.982107922,5.321746535,9.842646124,16.03344279,16.52037274,16.55514898,14.71182048,15.23352667,28.83238228,35.37097264,39.30121983,46.88312867,73.62859227,90.80980746,94.94852428,98.32222643,107.4692226,117.3120565,120.0246658,123.363623,114.0078442,95.29628667,88.61868526,87.36661544,73.76788503,64.93359335,69.76814797,71.40272513,74.70693741,72.75902977,71.22900044,71.71574259,73.17659506,71.78523246,71.12445261,68.41184333,67.437733,69.17685799,72.23754269,75.81971447,81.48877363,78.9151441,76.82825671,76.79351177,74.74168234,77.59358439,80.16721393,83.92342341,86.21878042,91.81834971,96.20059411,103.8870508,110.8776696,113.2775745,114.8426618,120.5464659,128.2329226,129.9717345,126.9461078,111.3299799,94.77479959,90.32306532,85.73203828,75.81971447,68.09882587,64.13383374,61.87322167,56.09961468,54.63907522,52.86520529,45.87458643,41.97908417,34.91897543,31.26696946,29.52796967,28.10201865,24.7283791,24.06756795,22.08513449,21.25041084,19.37230609,19.75487603
142,,16.24014898,11.61500423,10.39785922,11.19770899,10.81518575,9.59804075,9.145942224,9.145942224,9.737128728,9.180714219,9.702356734,9.632812745,13.97975024,8.24177647,6.052171899,5.320647241,9.530434129,16.03479796,16.55312823,16.65744421,14.77956871,15.09254796,28.44633971,35.43613658,39.05292479,46.84266533,72.50696379,90.90294513,95.14569184,97.68426653,107.2476605,117.0542393,119.6275547,123.348565,114.6546274,95.63268755,89.2338268,87.3212106,74.10660073,64.78670464,69.69015054,71.22030609,74.45432068,72.95890582,71.22030609,71.98522738,72.85468373,71.9865792,71.15051172,68.78595349,67.4992958,68.7164721,72.27568116,75.77571907,81.1658477,79.40269635,76.4431173,76.50589966,74.73489828,77.83954849,80.22129408,83.90391124,86.07684913,91.77011681,96.16150546,103.6856976,110.4403623,113.731994,114.3197194,120.4254479,128.0297121,130.2846752,127.0240388,112.619064,95.29345825,90.01906467,86.2168913,75.67433912,68.68593285,64.02178336,61.9698914,56.16224844,54.87559075,52.7194767,45.90372758,42.14797659,34.74069669,31.6109042,29.48959344,28.09858846,24.69058871,24.27329348,21.90854746,21.35213295,19.68292072,19.33516948
143,,16.24218236,11.61645851,10.39916111,11.26866372,10.6774032,9.634018844,9.112311015,9.147087363,9.807900585,9.112311015,9.738347889,9.599242495,14.01741776,8.208032053,6.051679344,5.356089774,9.599242495,16.03349297,16.52042445,16.6247535,14.81619557,15.05966131,28.5194541,35.37108336,39.05781451,46.91802047,72.79431559,90.74060162,95.19234983,97.80073246,107.3653238,117.0688954,119.5730429,123.3987542,114.5994929,95.64466147,89.17550944,87.22790872,74.11587943,64.79481641,69.69887626,71.19416534,74.60262309,72.93329577,71.19416534,72.02898551,72.79431559,72.0984756,71.05518515,68.82931105,67.47300216,68.794566,72.27251385,75.68097161,81.24581338,79.33264469,76.58528187,76.37649858,74.81140639,77.94159076,80.13271982,83.78470592,86.14956021,91.81863712,96.13140514,103.5743575,110.4607631,113.6256926,114.3907096,120.3380599,127.9203055,130.0068864,126.9812502,112.4083639,95.19234983,90.11456475,86.11481516,75.7504617,68.6552728,63.8557611,62.22117883,55.99555514,54.77822644,52.72607757,45.94422011,42.22274392,34.71030144,31.58011707,29.49328575,28.10210661,24.69368016,24.27633268,21.87651423,21.42435909,19.65060882,19.33759038
144,,16.76299818,12.10274596,10.18996078,10.92028784,10.01605699,10.22473528,9.355278932,8.659726374,9.390053429,9.390053429,9.807378704,10.08560599,12.41574775,7.859819022,5.42535377,5.634032058,9.494376923,15.47618526,15.71963804,15.85876734,14.05030565,11.85929318,26.11824581,33.03921599,36.65595157,43.33321857,69.31236639,85.62485523,86.77668359,91.32173183,99.12727501,112.2814711,112.1343106,113.2580694,109.6816308,92.96152895,85.37999981,84.51048086,70.66891611,65.20860004,65.27839943,70.56437351,72.16443862,73.62490493,69.97342615,69.66042437,71.15563388,72.85992857,70.7384025,68.75616222,65.904403,69.24287999,72.85992857,76.75492274,80.85868909,78.00692986,77.45041269,76.37243456,75.81591739,78.28518844,80.82394589,88.51001762,89.41427977,93.10050174,96.54352133,106.0033742,111.7184321,115.8815962,119.7534536,126.5836183,128.0924269,135.2129212,127.1782406,117.3420265,99.46507996,95.53502959,88.33598863,77.10266771,71.19037707,65.8346036,61.69609405,58.87907802,55.81854661,53.21030277,47.57627071,42.67247181,35.40394445,32.8999302,30.50027075,28.44838757,25.45746775,25.80524403,23.0230338,22.32744994,20.06688848,18.78010686
145,,16.59008101,12.0686892,10.15575895,10.92093731,10.05142925,10.15575895,9.355835326,8.695017967,9.460165024,9.286282194,9.842738553,10.12098238,12.48603929,7.755956778,5.356123305,5.703920267,9.564526025,15.37277599,15.72057295,15.99881678,13.94681157,12.0686892,26.0850226,33.07592623,36.76236744,43.3010505,69.8035484,85.73284335,86.84563086,91.2629747,99.15797513,112.4438128,112.0613019,112.861382,109.6961198,92.61929207,85.31558716,84.68954637,70.56857025,65.10824245,65.35177232,70.46433446,72.16873051,73.52504789,70.15131406,69.62950906,71.50763144,72.62073197,70.67311906,68.79499668,65.83851904,69.24699813,73.03798816,76.72474238,80.8287528,78.08105976,77.28129265,76.55101606,75.71619067,78.39408016,80.8287528,88.61951745,89.31504877,93.03654826,96.86228355,106.1834049,111.7830268,116.2000576,119.7127725,126.4602401,128.0948327,135.2248112,126.9122416,117.2436676,99.15797513,95.61020196,88.23700652,76.75948765,71.40339565,65.76902851,61.66501809,58.88257979,55.78712109,52.93519226,47.40506091,42.77955852,35.37130479,33.04118096,30.46730815,28.48485607,25.35465211,25.84158664,22.78093581,22.39836228,20.27677263,18.78122378
146,,16.69441071,12.0686892,10.15575895,10.92093731,10.08620582,10.15575895,9.390611892,8.695017967,9.425388458,9.32105876,9.842738553,10.08620582,12.38170959,7.860286476,5.390899871,5.669143701,9.49494159,15.44232912,15.75534952,15.89448708,14.01636471,11.8599985,26.25893673,32.97137741,36.76236744,43.33579576,69.42103747,85.69809809,86.84563086,91.2629747,99.05342632,112.3743223,112.1307924,112.861382,109.8006686,92.79301839,85.35033243,84.58499756,70.6383738,65.17773298,65.42126285,70.36009866,72.13367223,73.55979316,70.1165688,69.62950906,71.22966933,72.82951657,70.84684538,68.51672155,66.04730364,69.31648866,73.03798816,76.65525186,80.79400754,77.90733344,77.42027371,76.48121252,75.6814454,78.49862897,80.68977175,88.68900798,89.31504877,93.14109707,96.75804775,105.9749333,111.678791,116.0263313,119.8173213,126.5297307,128.0253421,135.1553207,127.0167904,117.3826487,99.33170145,95.64526025,88.34124232,76.86403646,71.19461104,65.83851904,61.73450862,58.81308926,55.96116043,52.96993752,47.47486446,42.81430378,35.33655953,32.97137741,30.50208472,28.41530294,25.42420524,25.91113977,22.85048894,22.32877784,20.06808194,18.92033005
147,,16.76399514,12.13824233,10.15575895,10.95571387,10.05142925,10.22534338,9.286282194,8.625464835,9.49494159,9.355835326,9.738408855,10.15575895,12.41648616,7.895063042,5.425676437,5.599590569,9.460165024,15.54669012,15.65101982,15.89448708,14.01636471,11.89477506,26.11979917,33.00612268,36.72762217,43.1968147,69.14276234,85.69809809,86.71370703,91.19317115,99.08848461,112.2353413,111.9223209,113.2091477,109.8006686,92.96705773,85.41982296,84.4460165,70.91664893,65.10824245,65.21247825,70.49907972,72.23822104,73.66402895,70.13149656,69.59476379,71.09037525,72.86426184,70.67311906,68.86448721,65.94306785,69.17750761,73.07273342,76.55101606,80.89824333,77.97682397,77.38552844,76.55101606,75.85517172,78.08105976,80.89824333,88.55002692,89.41959758,92.93231247,96.6190667,105.939875,111.678791,115.8175467,119.782576,126.5644759,128.0600874,132.2686466,124.5126272,117.0696283,98.60142487,95.36698511,88.37598758,77.17705686,71.22966933,65.8732643,61.59552756,59.05661913,55.71763056,53.21346739,47.57910025,42.6750097,35.51028585,32.86714162,30.36297845,28.69354677,25.35465211,25.80677877,23.12873277,22.22444815,20.13763507,18.74644722
148,,17.80716307,12.13809035,10.78166475,10.32954375,9.63480297,9.738286923,8.66089205,8.208700116,8.660132969,8.938373316,9.043494321,10.22521536,17.04199429,11.4076977,8.10436258,8.695671229,11.65116192,15.06088704,17.21590625,20.41562328,22.32849827,32.06665999,35.96215005,45.21335203,56.06469425,73.0718185,81.97557219,92.16582361,98.32899774,108.7587608,118.217104,115.6464033,106.9821455,101.5614044,104.2760862,101.2433014,94.53304744,83.6796339,73.83714379,67.2985426,67.75371959,74.49792157,72.03056379,71.99446582,74.39671445,71.96152269,69.52440276,69.28087595,69.1071518,71.12422998,68.51586368,65.14217208,70.91576101,75.436971,73.0718185,74.22057921,75.15869935,74.32388441,73.10687635,74.01086793,74.98497521,81.31479441,88.72791929,90.05240355,87.7212424,95.22888338,93.49003331,97.7794544,101.6328013,112.2753582,110.1818,111.7816272,105.9749333,92.58338759,79.05418941,81.73281289,78.11513998,74.08067061,69.31562077,65.90749737,62.46431612,59.68191266,57.49079732,55.50815095,50.77815896,45.35264436,40.37912556,38.15326539,33.49276306,31.1625432,31.64940902,28.27581134,26.43248861,25.84126308,21.98070566,21.77204888
149,,17.77272073,12.1730951,10.88622889,10.29496097,9.599362686,9.668916254,8.729849186,8.277688393,8.625518835,8.938541191,9.077648326,10.19063061,16.97276079,11.51227361,8.06902769,8.625518835,11.68615753,15.05984987,17.21622958,20.20734601,22.43327928,31.99777128,35.8933345,45.17945572,56.03100173,72.96895444,81.97711181,91.92433624,98.25427432,108.792798,118.0094282,115.8530172,107.0883913,101.5234798,104.340681,101.1409665,94.74153744,83.68120551,73.90802151,67.33455203,67.68231987,74.53406622,72.27341877,71.78635598,74.42982978,72.02988737,69.59519949,69.21268617,68.9344093,71.23011525,68.55189598,65.00441362,70.98658386,75.36889685,73.10824939,74.01225796,75.54262425,74.08206194,73.2819768,73.90802151,75.12536545,81.17702666,88.62007225,90.11569306,87.57676873,95.15879624,93.5241935,97.55873865,101.7670112,112.2009854,110.2881058,111.5749407,106.1840697,92.82865782,78.77739728,82.18589772,77.97731214,74.11680742,69.42147208,65.80418573,62.77851164,59.30020722,57.59611351,55.47444799,51.05738952,45.10996475,40.58866984,37.94519605,33.63237402,31.26745882,31.545767,28.34592727,26.46779313,25.8765252,21.84201136,21.87678814
150,,17.91177179,12.13828032,10.67750347,10.32970542,9.668885988,9.703662663,8.695045185,8.173332457,8.625491835,8.938513211,9.042843236,10.26015207,17.11184567,11.37309957,8.034225757,8.695045185,11.72089762,15.05980273,17.18139902,20.45071948,22.25929439,32.20645638,36.06694901,45.1793143,56.06557172,73.21225667,81.9768552,92.13252073,98.46275202,108.7924574,118.3494942,115.5743786,106.9517528,101.392115,104.4101582,101.2101406,94.53245562,83.47247134,73.80355404,67.40383201,67.89089327,74.49908754,71.96017116,71.89068041,74.39485142,72.02966191,69.3865094,69.3865094,69.1082334,71.12534315,68.4126999,65.24742775,71.02110703,75.4034063,72.89923529,74.25555691,75.19462104,74.60332366,72.79499917,74.22081154,74.81210892,81.5595977,88.68928559,89.97611647,87.75022146,95.29747986,93.48915537,97.83670927,101.524751,112.1314944,110.5312912,111.928277,105.7664798,92.37605136,78.88138681,81.83756069,78.15110794,74.08183005,69.31670564,65.8734705,62.46529375,59.75233749,57.3524026,55.54376508,50.57048146,45.66637556,40.10148153,38.22335327,33.45854188,31.09344627,31.58041363,28.45016856,26.25901893,25.94599755,22.12018769,21.56369828
151,,17.9112672,12.06838698,10.67720267,10.39896581,9.599062214,9.807716386,8.590441849,8.173102205,8.66002454,8.938261403,9.007812793,10.25986303,17.21569069,11.30322779,8.033999424,8.66002454,11.75537443,15.09415418,17.25046639,20.34581627,22.25866732,32.24029348,36.06593297,45.31733213,55.9945035,73.34917177,81.80051084,92.34968914,98.54612394,108.8404899,118.2718407,115.7701616,106.8298441,101.3337216,104.4992752,101.2234484,94.50954365,83.41598417,73.81418254,67.30970919,67.96506441,74.63643364,71.82267521,71.85481044,74.5014196,71.8554852,69.56459131,69.21051973,69.17685799,71.05518515,68.45023071,65.14645439,71.05740938,75.5438066,72.86540225,74.14923187,75.33556627,74.49698882,72.79294845,74.2194176,74.84498005,81.59204447,88.75797803,89.86934856,87.95707945,95.15641335,93.48652168,97.8339531,101.739909,112.0595481,110.6000895,111.8844608,105.7635002,92.26921584,78.84442024,81.66153326,78.18365073,74.00994128,69.31475291,66.08039415,62.32424345,59.7506542,57.35078691,55.57725776,50.60380122,45.66508908,40.10035183,38.1180433,33.42285492,31.09257033,31.54477958,28.44936709,26.36260627,25.91049093,22.08478884,21.56309081
152,,17.80599262,12.13729252,10.81576122,10.3288648,9.6333253,9.702872989,8.694337591,8.207441165,8.624789902,8.972559649,9.042107339,10.18976942,17.07567928,11.40694788,8.10311963,8.694337591,11.6503961,15.02380334,17.21477466,20.30995984,22.39660963,32.09960782,35.95978629,45.10615256,55.95678153,73.13681364,81.93544147,92.05553799,98.27059192,108.783604,118.2082237,115.6344583,107.1054897,101.4801576,104.3462337,101.2717024,94.562169,83.63939116,73.93883243,67.22463403,67.81779369,74.46131213,72.05854275,72.04409476,74.31899916,72.07591354,69.55457553,69.1041235,69.12078245,71.11955505,68.58084528,65.05911676,71.03000059,75.30718492,73.17338842,74.0410588,75.29445643,74.3096085,73.3294911,73.8816016,75.05070613,81.24123598,88.74903327,90.07333494,87.73305198,95.04801432,93.47313582,97.79705899,101.7236684,112.1978246,110.1436075,111.6697725,106.1348445,92.78575743,78.77073989,82.00492656,78.11000554,74.07580135,69.27632217,65.93790787,62.59918058,59.5072176,57.52374156,55.57430053,50.88507911,45.24543574,40.41121402,38.14502741,33.59478924,31.2300426,31.61258619,28.27395279,26.43075122,25.83956456,21.94448705,21.80539167
153,,20.55482344,16.06821902,14.67704424,12.86849198,12.59025076,12.17290458,10.39912856,11.44254095,11.16429973,9.494852428,12.20768082,11.05993971,10.39912856,7.26895399,4.451796877,4.10400318,8.660160077,13.04240447,14.1205618,15.19875043,13.14673319,12.31200954,18.12023627,25.52832651,29.35408848,37.94460217,48.16994344,61.56637104,63.38199704,65.67630521,72.46143587,78.20151971,85.4353339,80.94977192,82.74887303,77.07540319,73.66702665,70.88181252,68.9743365,62.81227404,65.80315584,70.22014518,72.38060059,73.80262997,74.32411706,73.55910239,73.38506469,71.19394249,73.52665897,75.4024622,73.97635466,72.27228763,75.12418968,78.5673817,85.35059959,84.13220605,83.71464077,84.82773084,84.34067568,81.90633892,85.1407483,92.37489475,97.66144658,97.80042633,97.24419431,99.54048606,104.3043031,109.0407949,112.1304415,117.625074,121.2419907,123.8159332,126.9138307,114.3556066,109.4518751,106.4954252,97.13964648,94.32248937,86.94936317,81.14101123,75.88920434,71.61150777,66.84675604,63.71658147,60.37762426,52.93469517,48.27417825,43.05742931,41.59657684,37.70107459,34.18839269,36.27528007,31.89303567,26.98905378,24.62405038,25.38919026
154,,20.58985748,15.99886686,14.67722801,12.93820645,12.62609409,12.10350365,10.43478669,11.37391843,11.09485487,9.668885988,12.13915428,11.06007819,10.32970542,7.338598353,4.521731508,4.069570879,8.625491835,13.04350684,14.12073861,15.23371741,13.1468978,12.20783367,18.15523982,25.52864615,29.28490267,37.94507727,48.10105582,61.59572037,63.26506337,65.59550752,72.4469194,78.15110794,85.21130508,81.07253644,82.6723887,77.14224004,73.69900491,71.02110703,69.00368426,62.74325674,65.76923438,70.32557353,72.27319254,73.76880867,74.29030228,73.76880867,73.21225667,71.26463766,73.62951416,75.22936641,73.94253554,72.20370179,75.19462104,78.39432555,85.45483571,84.20275021,83.75074734,84.68981147,84.51577158,81.83756069,85.24605045,92.13252073,97.66266938,97.83670927,97.17560812,99.57554301,104.2708637,108.8966936,112.0963981,117.6265467,121.2435087,123.7129344,126.9126389,114.5310783,109.5922271,106.6360532,97.071372,94.35841574,87.08943334,80.93355495,76.02944905,71.57765904,66.95182914,63.75212463,60.41312561,52.79637646,48.51831332,43.02291003,41.63184304,37.52781977,34.36286064,36.06694901,32.17171101,26.98939171,24.65913537,25.38950815
155,,20.51979028,15.92891463,14.81596369,12.93788246,12.62486893,12.17275217,10.36422255,11.44239768,11.05980124,9.703419673,12.06842476,11.12938415,10.32944675,7.338414586,4.521292746,4.069175992,8.590468738,13.07701698,14.0856092,15.26811175,13.14656859,12.13797637,18.189561,25.39523161,29.31894514,37.97887159,48.03516142,61.49579111,63.36870442,65.48931841,72.51990121,78.21863996,85.0142757,81.1399953,82.6780823,77.21011034,73.57153815,71.08881759,69.14124736,62.77674309,65.76758745,70.21926598,72.30612724,73.74652879,74.33179522,73.80170592,73.10618984,71.30697204,73.52343689,75.33202911,73.97542844,72.34087174,74.94921355,78.46216449,85.45269583,84.23538618,83.79467304,84.59717865,84.52609039,81.76909376,85.2439158,92.16495813,97.73827896,97.74286859,97.13843024,99.57304953,104.178041,108.9764179,112.0588465,117.4495657,121.2708402,123.8982213,126.8747163,114.6671884,109.4852492,106.7028719,97.03419673,94.44329652,87.08725252,81.1052508,76.02754519,71.54112215,66.84591909,63.82001722,60.58564833,52.58627436,48.62605026,42.98708819,41.56131153,37.73566007,34.25745363,36.10079036,32.13616089,27.02349167,24.62374208,25.45842398
156,,18.12034971,13.45983491,12.90334899,12.72946671,10.60788371,12.72946671,9.877515502,9.529688327,10.01662133,11.9990672,11.79040846,12.62510604,13.25114487,7.164670124,4.834397078,6.573407748,10.3644172,14.81624195,17.18129146,18.74638854,16.69435845,16.31178612,25.3893492,30.25855404,38.25785914,51.26569401,66.25588085,76.75924738,78.0463145,83.24327201,90.17979597,99.75917952,95.72254118,93.54908401,91.50590511,85.62833953,82.81116478,78.15061868,71.75093671,61.42129596,62.95164789,66.11658721,74.01156294,72.20324977,69.90756537,69.83807506,70.46411389,71.33368183,71.05540757,69.83807506,68.51650708,68.34246828,70.08160416,79.50693181,79.22865755,78.63736388,76.68975707,77.87234442,76.72450222,79.22865755,82.42834203,90.56684686,91.88872786,92.79272793,98.35758712,104.1312303,109.1047958,112.5129512,114.2173419,127.8161574,133.9375651,134.563604,125.1035312,93.83633467,88.61924005,93.10574735,87.81947544,76.37673765,70.39462358,74.08136627,66.29062601,62.88215758,60.79525713,59.2649052,50.0483615,46.18789304,39.2664077,39.78821106,35.71895865,33.73660668,32.51927417,31.44092228,28.24130041,25.11110624,24.13727153,23.58078562
157,,18.15541031,13.42526857,12.97310495,12.69488894,10.57327273,12.72966594,9.877670097,9.564645782,10.0515551,11.964478,11.79059299,12.59052663,13.28612927,7.199559262,4.834472742,6.539143011,10.32980242,14.85125085,17.14678336,18.74668194,16.65984274,16.38159542,25.25063857,30.18944232,38.29320362,51.19700498,66.18711341,76.86499887,77.83881752,83.36870508,89.94221571,99.82001102,95.68120352,93.5942704,91.57714171,85.52512959,82.98618937,78.18658753,71.717314,61.35276588,62.98737886,66.18711341,73.80424711,72.41285403,69.80442241,69.97846393,70.46521674,71.23056119,71.09126537,69.73493101,68.44808805,68.51757945,70.04795533,79.3691934,79.29938898,78.70808604,76.55197456,78.04729171,76.65621165,79.26464328,82.36014074,90.63806877,91.71612451,92.68994315,98.39387224,104.13286,109.2107405,112.3757293,114.1496381,127.7834122,133.7308742,134.4962187,125.6967921,93.6985075,88.44689856,93.45528761,87.7857912,76.51691583,70.32623394,73.87373851,66.50013773,62.95263316,60.90075877,59.19634137,50.01439912,46.08406581,39.40631808,39.7540881,35.75426339,33.7718804,32.48503744,31.40666867,28.31129642,25.07672226,24.06809531,23.75507099
158,,18.50315371,13.42522655,12.90351056,12.6948492,10.88626297,12.41660276,10.19066251,9.495030755,10.32977008,11.61664032,11.79055609,12.31224078,13.70347299,7.443006276,4.799680716,6.538713161,9.947192963,14.92078944,16.79892946,18.32926925,17.28583726,15.92941324,25.18097444,29.70244002,37.35401374,50.43150267,65.45662279,76.72546288,77.35150956,83.52368787,89.03760975,99.0543565,96.51542422,93.59397743,91.26383172,86.4291863,83.36844412,79.1254128,71.57810715,61.70034276,62.46568482,66.25671044,73.59522952,71.64759833,70.18671842,69.90844067,70.43025058,72.20415382,70.18671842,70.84751068,67.92606389,68.3085784,70.04773606,78.84713505,79.61216409,78.1515972,77.45574633,77.31676396,77.38625515,78.56885731,81.69909067,90.53323525,91.75058301,92.7243986,97.48923982,104.0627299,108.6190976,111.8535677,112.8971875,126.6702143,133.5567277,134.2870111,128.5483543,95.92412314,88.06379416,93.45499507,88.09853975,77.80382828,69.97824488,73.90825286,66.74346173,63.16122267,61.73508835,58.60485499,51.16178611,45.9101936,39.99749581,40.20596936,35.58042352,33.77177469,32.62391811,31.12841782,28.55467735,25.25055953,24.17235065,23.9288811
159,,18.50321163,13.39049157,12.93832795,12.76444294,10.85152005,12.34705632,10.15588611,9.599422783,10.26024842,11.65145368,11.860147,12.38186462,13.46004558,7.443029575,4.869585906,6.504363832,10.15588611,14.74691984,16.76420504,18.67712794,16.90331305,16.17293341,25.18105326,29.772087,37.59766359,50.46640623,65.52631908,76.89974457,77.6300303,83.5080009,89.31616708,99.29819948,96.06371923,93.6637618,91.57714171,85.90764531,83.4385095,78.77789047,71.54358551,61.7700273,62.63960884,65.94389352,73.83899281,71.85660982,69.87391381,69.97846393,70.36097964,72.09982971,70.60451256,70.67400396,67.75223499,68.51757945,70.15219242,78.81263617,79.4734305,78.18658753,77.24751459,77.6995217,77.03872737,78.77789047,81.8035835,90.70756016,91.61188741,92.62045176,98.04610222,103.9240728,108.7584204,112.1321964,112.8975409,126.9488894,133.6613828,134.2874314,127.9574537,95.4376706,88.13387424,93.28124609,88.13387424,77.5605389,70.18693812,73.80424711,66.81316205,62.91788746,61.5962988,58.81382566,50.91872637,45.91033732,39.7193424,40.03236671,35.75426339,33.63258458,32.79806175,31.09373826,28.41565873,25.49407758,24.03331831,23.75507099
160,,18.53914927,13.46088829,12.939138,12.73046293,10.84941445,12.278271,10.33044916,9.530434129,10.22611162,11.68696235,11.75655201,12.20557951,13.80871139,7.478274752,4.834775422,6.539143011,9.843478043,14.92177033,16.76525463,18.43481174,17.18263608,16.06957714,24.97395475,29.6000551,37.35646937,50.35239699,65.02694616,76.90455917,77.16304776,83.45705827,88.86972364,99.13067705,96.39278181,93.64558753,91.35062561,86.71316412,83.20018532,79.09586657,72.03484805,61.58434681,62.2262431,66.36530973,73.47696275,71.86110868,70.08708882,69.7740449,70.43488061,72.45213559,69.98284519,70.88691602,68.00002504,68.36501568,69.98284519,78.74807478,79.56222655,78.37985015,77.25235096,77.16304776,77.63489062,78.48437999,81.63496575,90.30751801,91.86085824,92.62625061,97.28716144,104.3478669,108.347942,111.8609208,112.8348005,126.504489,133.2872115,134.3653348,128.9045967,96.24347303,88.17414007,93.32183419,88.15151193,77.77388212,70.36538486,73.66956337,67.11316137,62.92182667,61.96678831,58.60870763,51.26970611,45.77390716,40.03487309,40.45216063,35.37396226,34.01754298,32.65242891,31.13046418,28.38265862,25.28699866,24.23727647,23.95911444
161,,18.39888063,13.35571457,12.97310495,12.69488894,10.95585105,12.41664162,10.15588611,9.425506473,10.29502542,11.72100769,11.82536999,12.45141863,13.35571457,7.408716395,4.834472742,6.539143011,10.12110911,14.78169684,16.90331305,18.60754263,16.93809005,16.13815641,25.21586157,29.70253299,37.9454336,50.53589763,65.56106478,76.89974457,77.7342674,83.5080009,89.28142138,99.5069867,95.82018631,93.80305762,91.57714171,85.76866251,83.40345078,78.67334035,71.7868054,61.45700298,62.95263316,65.7351063,73.66495129,71.85660982,70.08270102,70.08270102,70.25642952,71.99559262,70.53470814,70.74349535,67.85678512,68.55232514,70.11744672,78.95161896,79.4039391,78.11709614,77.24751459,77.6300303,77.00398167,78.95161896,81.8383292,90.77705156,91.68137881,92.58570606,98.04610222,104.2023514,108.6541833,112.0279593,113.349548,126.8443393,133.7308742,134.4264142,127.2966594,95.4376706,88.23811134,93.03771317,88.23811134,77.31700599,70.22168382,73.73475572,66.84822077,63.05687026,61.45700298,58.84857136,50.84892194,46.01457441,39.51055518,39.92812962,35.96305061,33.59783888,32.79806175,31.05896126,28.38088173,25.32019257,24.17242631,23.75507099
162,,18.57276563,13.49482258,12.93832795,12.62530363,10.92107405,12.27750232,10.29502542,9.564645782,10.22547141,11.72100769,11.72100769,12.17317131,13.80784689,7.478274752,4.904365084,6.538733629,9.738530789,15.02516715,16.76420504,18.29451832,17.32066837,15.9642401,24.90283725,29.63297899,37.45868079,50.15338191,65.00482057,76.79519445,77.14296447,83.5427466,88.69011845,99.12478127,96.41148924,93.80393851,91.19459844,86.84671825,83.29921368,78.98636466,72.03033832,61.80477299,62.18760173,66.29166354,73.35192698,72.06508402,70.01320963,69.76967671,70.49996244,72.27387123,70.04795533,70.95228257,67.92627651,68.37828363,70.04795533,78.60384895,79.64715899,78.36031603,77.28226029,77.24751459,77.6300303,78.56910325,81.28208499,90.46402725,91.8551073,92.37691884,97.45479929,104.4111387,108.2021761,111.7496807,112.8627952,126.287782,133.3831042,134.2526857,129.2442967,96.30725215,88.09881552,93.17700899,88.48164425,77.7342674,70.53470814,73.5607142,67.19599078,62.95263316,61.7700273,58.70958856,51.37073348,45.77104149,39.99762102,40.48437383,35.40649338,34.08490472,32.62402023,31.09373826,28.48521273,25.21586157,24.31156562,23.928956
163,,18.60754263,13.46088829,12.93832795,12.62609409,10.92107405,12.31227932,10.32980242,9.495060476,10.26024842,11.68623069,11.72100769,12.17317131,13.8774009,7.443029575,4.869585906,6.539143011,9.738530789,15.02516715,16.76420504,18.36410362,17.25111437,16.03479796,24.93761425,29.59820199,37.38887637,50.29267774,64.97007488,76.79519445,77.17802319,83.612238,88.69011845,99.15921669,96.34199785,93.83780332,91.19431297,86.77722685,83.26446798,79.05616908,71.96084692,61.7700273,62.18760173,66.29166354,73.4217314,71.99559262,70.01320963,69.80442241,70.49996244,72.34336263,70.04795533,70.98702827,67.96102221,68.23930083,70.08270102,78.67334035,79.61241329,78.32557033,77.31700599,77.17802319,77.664776,78.56910325,81.35157639,90.49877294,91.78561591,92.48115594,97.38530789,104.3413342,108.3064132,111.7844264,112.8627952,126.3575865,133.3136128,134.2874314,129.1400596,96.23744772,88.16861994,93.17700899,88.41183983,77.7690131,70.46521674,73.5607142,67.12618636,63.02212456,61.7352816,58.77907996,51.33598778,45.77104149,39.99762102,40.44962813,35.44123908,33.98066762,32.69351163,31.09373826,28.41565873,25.28541557,24.27678862,23.894179
164,,17.3554997,12.7644829,12.1036552,12.79926001,12.31231786,11.89496123,11.44282749,10.19072631,10.92110823,10.85155401,12.38190338,11.58193594,14.95565997,9.982032348,6.260505911,6.573531207,13.1122853,16.45123222,18.36416111,18.25979847,14.81652022,18.46849244,29.77218019,37.00647649,43.12799917,57.3183749,74.46527454,91.33389469,95.50746096,100.7625535,109.7366741,119.6175229,122.9841954,115.5110346,104.7244908,94.60313088,96.86379956,90.84682733,81.17778898,73.28266497,73.45670704,77.52603588,78.70833242,78.15208647,76.16938425,79.9604336,76.09989263,71.26552997,73.21317336,73.94346137,73.31741078,70.70897099,74.95202887,78.25632389,77.38673962,77.38673962,77.49129007,77.90855279,75.92616359,73.94346137,75.92616359,83.96027083,83.5082623,88.13415012,89.07322601,93.28153808,95.75099464,99.68102722,100.9681872,105.8720415,109.8718787,109.3500656,95.85523206,88.82969233,78.11734066,78.11734066,73.80447814,71.92632637,67.02215906,65.1787531,61.97900852,56.41404482,52.1011823,52.58824966,48.83194611,40.2412799,36.3804259,35.61539208,30.88517293,28.03316816,26.74625857,26.60715012,24.65944413,22.98995502,22.32912732,20.27708999
165,,16.97233578,13.042282,11.9641035,12.72926748,12.31189393,11.89455167,11.47720941,10.36425499,10.74682134,10.81640446,12.38147705,11.75544802,14.78123415,9.877360912,6.190738526,6.713038905,13.00750609,16.83323213,18.43308063,18.25916976,14.46821964,19.51122783,29.73637917,36.90096847,43.99606854,57.49043741,75.68002404,91.46972837,96.30423759,101.6254844,109.7291172,121.6931581,122.6669463,114.2850435,102.6687618,94.56512893,96.93026663,91.0177354,80.13171651,72.75834653,73.97565999,77.66234498,78.50108621,78.11465096,76.47977613,80.23595034,75.21493206,72.02808366,72.9323826,74.18444067,72.82814877,71.15852933,74.63643364,78.42766548,76.82753526,77.87112566,77.31458585,78.4971547,75.22771806,74.11495145,76.34930926,83.95737994,83.22711707,89.27862674,88.27009397,94.53038432,95.15909411,100.1018072,101.4167037,106.6684613,109.7672977,109.175653,94.42999302,88.54836387,77.83638105,78.01010411,73.31488634,71.47154385,67.12408522,64.89823898,61.87264065,56.23837934,52.27342444,52.65592818,48.44776101,39.54406305,37.31821682,34.84884529,30.95366133,27.61482938,26.8844726,26.64100991,24.62381915,23.26740204,21.66755354,20.41549547
166,,17.38383263,12.5858778,12.37729284,12.62064196,12.48158532,11.82100369,11.43856663,10.22169584,10.84751331,10.81274915,12.44682116,11.57762327,14.84576728,10.08260791,6.362467223,6.501555156,13.07263863,16.34078265,18.07917843,18.46161549,14.9153269,18.21823507,29.87249066,36.71934656,42.90322984,57.10172234,73.92865079,91.16034046,95.5777282,100.5941637,109.3560527,119.74445,122.7040545,116.1943663,105.3439276,95.05259399,97.02319781,91.16684159,81.36543721,73.23829048,73.14482655,77.79238338,78.54107604,78.34584678,76.03420912,79.87169056,76.47355243,71.06501618,73.46569663,73.6060131,73.23439388,70.5661405,74.78565617,78.50157768,76.99144957,77.64218225,77.35054105,78.1743523,76.26138961,73.47763736,76.36526382,83.31068812,83.30827821,88.3866627,88.74853289,93.37382783,95.65514111,99.80950232,100.7582974,105.8664579,110.0588989,109.5064994,96.45129144,89.14522905,78.46707674,77.55641181,74.49115965,71.86481091,67.10140121,64.56339844,62.3810403,56.74068001,51.87338461,52.35995769,49.28750313,40.15651695,36.57558936,35.60213028,30.87367248,28.19655049,26.49295017,26.81651563,24.89364232,22.66848571,22.59895739,20.26953959
167,,17.49343475,12.55492433,12.27669531,12.76360393,12.41582547,11.75504327,11.44203953,10.259574,10.85080677,10.88558148,12.38105075,11.65068783,14.81549995,10.08566912,6.294849523,6.573078548,13.11138238,16.38051865,18.18899166,18.39767125,14.85027466,18.39767125,29.80490477,36.86495454,42.91625585,57.27968449,74.21662989,91.09549375,95.50088424,100.6573675,109.5210222,119.2727182,123.0529166,115.9160645,104.7566133,94.84072705,97.03298182,90.9111966,81.24199884,73.31236208,73.21156916,77.83370111,78.32091222,78.5001033,75.99137351,80.0247273,76.23942754,71.06697515,73.63251047,73.55818139,73.24654348,70.67754376,75.06080859,78.25436425,77.03703936,77.60281499,77.41881968,78.15697949,76.0970342,73.56739243,76.32182037,83.68985045,83.12756686,88.50269891,88.68118896,93.58178767,95.62367143,99.70974196,100.8004184,105.9372955,109.8777185,109.3485218,96.18421465,88.90669806,78.5001033,77.67255629,74.33458767,71.92137346,67.08703069,64.68754402,62.14877068,56.72458424,51.99336432,52.6193718,48.8285835,40.20345243,36.51720738,35.78665665,30.88304615,28.1007872,26.50099379,26.77922281,24.76207021,22.88404776,22.43194516,20.20614426
168,,17.4946942,12.62538267,12.20802474,12.79930007,12.38194214,11.79066681,11.44286331,10.26031265,10.81681076,10.8863652,12.45149658,11.58197219,14.8165666,10.12117247,6.295657455,6.538774565,13.11232635,16.38169798,18.22507841,18.36421859,14.85134382,18.43377303,29.84182782,36.83286275,42.91934565,57.31855432,74.25671911,91.12539207,95.54250584,100.7249689,109.5591964,119.2977569,122.9845803,115.9239597,104.6550137,94.84696145,97.0728913,90.84711171,81.17804308,73.3523862,73.28289437,77.70000814,78.43061147,78.5001033,75.9958931,79.92593798,76.23942754,71.26575305,73.42219106,73.66541247,73.42219106,70.43091197,75.1263061,78.25656886,77.14344742,77.42172778,77.52627856,78.11758519,76.06538493,73.76996325,76.10013084,83.75205815,83.09094665,88.44745228,88.79522447,93.42081374,95.71654845,99.64659334,100.8986984,105.8028811,109.8027308,109.3851538,96.13381247,88.82997039,78.39555252,77.83930483,74.22197319,72.03078926,66.91813111,64.83118493,62.15324514,56.65775585,51.96236172,52.69265202,48.83209897,40.171601,36.4152857,35.82397906,30.95482405,27.99844739,26.50290175,26.78115081,24.76385298,22.95524976,22.36397443,20.20759903
169,,17.42415801,12.58989608,12.3116627,12.72902842,12.41601978,11.7900025,11.44221861,10.22495931,10.88575185,10.85097659,12.41601978,11.58131964,14.85050707,10.05105171,6.36449856,6.5036309,13.11158758,16.41555027,18.1197258,18.39795918,14.92008889,18.36318392,29.73582071,36.86553149,42.98641543,57.14160511,74.11355953,90.94653812,95.46763491,100.7012557,109.3420167,119.4991481,122.9396069,115.9103436,105.0284297,94.92715058,96.99823776,91.08551396,81.10398147,73.48754226,73.17453362,77.80017528,78.42619256,78.53042444,75.85232252,79.88669087,76.40885188,71.0182171,73.76580694,73.48754226,73.31350945,70.53117566,74.94804057,78.35639164,77.03486916,77.66088644,77.41736572,78.07812696,76.16533116,73.48754226,76.33936397,83.39927382,83.46907475,88.30318017,88.65232021,93.41613507,95.78963844,99.58925938,100.8655162,105.8393246,109.8591285,109.5084339,96.24066037,89.04151184,78.3911356,77.59139852,74.53080005,71.78321022,67.12282459,64.65381245,62.28871917,56.68930762,52.13346688,52.34193064,49.03812445,40.13459371,36.65675473,35.64824089,30.91830475,28.13600225,26.50140854,26.84919244,24.797233,22.81485539,22.39752097,20.31078628
170,,17.18150658,12.93828745,11.99921744,12.76440299,12.31224078,11.86010987,11.44275586,10.29499319,10.81670919,10.92103986,12.38182587,11.65141721,14.81642746,9.912416071,6.225689825,6.782182712,12.97306434,16.69456748,18.25968416,18.39882303,14.53818102,18.99009281,29.94590957,36.65847589,43.71903025,57.24852488,75.22983738,91.54179644,96.02867294,100.8977509,109.9754277,120.8964988,122.7051477,114.6707777,103.8195107,94.6720298,96.69339995,91.05504515,80.55123409,73.04118903,73.7692705,77.66453289,78.53558673,78.01230182,76.16890739,79.99499163,75.8946683,71.64759833,73.00392844,73.7692705,73.6994663,70.67378273,74.67359492,78.43110249,77.03848622,77.80650735,77.35514165,78.18732177,75.36913277,73.94485017,76.48743747,83.85603341,83.61904345,88.51832954,88.75964503,93.81186724,95.47420944,99.82094841,101.4944529,106.297603,109.735987,109.2601927,94.88081636,88.75964503,77.63197436,78.18707702,73.6647207,71.68234392,67.19578045,64.9000673,62.11760287,56.2052181,52.06611053,52.83145258,48.3098305,40.06698699,36.97149923,35.19759598,30.95453336,27.8243,26.74609112,26.67653734,24.69406664,23.05939618,21.9464104,20.34651683
171,,16.99950253,13.00168639,11.99351098,12.68881192,12.2716251,11.92399028,11.50683474,10.35961792,10.67249239,10.84632545,12.37593745,11.75018851,14.77462087,9.907702031,6.187968725,6.674644966,13.00168639,16.79094041,18.35531276,18.28576077,14.56605875,19.18962383,29.89690786,36.78027139,44.10610083,57.39731907,75.67140848,91.61291535,96.24236804,101.567899,109.921433,121.651348,122.6961597,114.4118264,103.1690042,94.5021725,96.97292454,91.05424404,80.19246191,72.952741,73.89316801,77.83720814,78.28058266,78.23700689,76.61120805,80.15266936,75.33132172,71.91634336,72.91378884,74.11768019,72.93493735,71.20999126,74.60145551,78.47002439,76.8675023,77.86698217,77.3242673,78.30920915,75.29027167,74.15287381,76.05396976,84.22785365,83.32785124,89.15011024,88.51533596,94.46739992,95.33734106,99.89724858,101.7768477,106.5801633,109.7476012,109.3995621,94.48041377,88.47789289,77.8869725,77.90318794,73.64766116,71.23119233,67.2680114,64.6955575,62.05333258,56.07398856,52.18057863,52.80632757,48.35662684,39.66559976,37.23206212,34.90302456,30.97457269,27.5329535,26.8029235,26.8029235,24.5432502,23.29175232,21.6230989,20.44112172
172,,11.61667668,9.460283475,9.982001102,8.903788846,8.695126837,8.103855207,7.443029575,8.034301205,7.999524203,7.199559262,6.608287632,8.799457842,18.29451832,16.90437135,15.9294631,12.31227932,15.72076979,20.24224952,24.48545063,28.03308041,34.39792903,42.71028974,54.60521373,63.19616608,76.58672026,94.15082764,114.1496381,126.4618236,129.209551,140.3391305,146.0433726,96.68976786,132.8963514,137.4524203,125.5574963,122.6012947,115.1929482,106.115243,93.6985075,83.4732552,83.85577092,81.56036361,81.56036361,81.21228057,79.85594621,76.20389152,77.5257932,76.30844164,75.09109008,73.24768988,72.09982971,71.36954399,73.03890266,73.21294418,72.38105375,74.04778003,72.90243009,69.10953137,66.60468785,64.97007488,62.50062605,67.16124509,71.26619921,71.89135552,73.8049402,77.45598878,72.69545618,77.31700599,78.57476028,82.16318429,78.12467716,75.96304945,65.7003606,64.2059363,60.06629897,56.62265545,60.30945584,56.90093406,56.0317033,55.33581249,51.85779931,49.28380037,45.94508301,45.6668044,39.37157238,35.99779631,32.31099592,27.61569379,26.74617484,23.37249268,20.90307515,22.01603311,17.11200636,16.48595773,15.9294631,16.90331305
173,,11.58200845,9.495149643,10.08642683,8.764763148,8.72998582,8.103931309,7.443099471,8.034376653,7.999599325,7.199626872,6.573572361,8.799540476,18.32949875,16.86869446,15.96439002,12.27761761,15.75569475,20.27721694,24.45090324,28.24200763,34.2242089,42.88473397,54.46674242,63.37048967,76.58743947,94.15171179,114.1507101,126.7776258,129.1412723,140.4449995,147.3663452,97.59653912,130.8106467,137.2101759,125.5239294,122.4631489,115.3680731,105.9438546,93.45616523,83.64776921,83.78706634,81.70011363,81.52607047,81.10880514,79.99599325,75.99613098,77.66550534,76.27441221,75.09179524,73.10939363,72.17031187,71.40496023,73.07433458,73.35422314,72.23980392,74.01341635,72.86585843,69.14427739,66.50076222,65.00543102,62.50121298,67.16187578,71.26820702,72.03101474,73.8049402,77.28298603,72.8311124,77.35247808,78.39579792,82.29142211,78.18732177,76.06562303,65.42269635,64.24007938,60.03174096,56.83197636,60.13597904,56.83197636,55.99713267,55.47531624,51.82354028,49.28426318,45.87602243,45.7367253,39.26739101,36.06762641,32.24180729,27.54639846,26.74642601,23.44226682,20.90327145,22.12060314,16.93824911,16.52088987,15.96439002,16.86869446
174,,11.61678577,9.460372315,10.0516495,8.834317804,8.72998582,8.103931309,7.408322143,8.069153981,7.999599325,7.164849543,6.608349689,8.799540476,18.29469012,16.90347179,15.93046042,12.31305017,15.75569475,20.20766228,24.5204579,28.10289832,34.36350603,42.7804959,54.53623447,63.26961846,76.65693152,94.15171179,114.1159641,126.6718003,129.1062133,140.4449995,147.2968531,96.76016791,131.6104313,137.384219,125.4891833,122.4631489,115.333014,105.9421964,93.69938741,83.57827716,83.75232031,81.6653676,81.59587555,81.17829719,79.92618817,76.03087701,77.56126726,76.30915824,75.12654127,73.14413966,72.06576077,71.40496023,73.14413966,73.35261581,72.23980392,74.01341635,72.79636638,69.17902342,66.5705673,64.970685,62.50121298,67.19662181,71.26597613,71.96152269,73.77019417,77.42197013,72.69181528,77.35247808,78.465603,82.25667609,78.11782972,75.99613098,65.59673951,64.20533336,60.03174096,56.79691731,60.20547109,56.86672239,55.99713267,55.40582419,51.89303233,49.28426318,45.91076845,45.7367253,39.23264499,36.06762641,32.20706127,27.61595312,26.74642601,23.37271216,20.9728261,22.01623985,17.0425811,16.52088987,15.92961269,16.86869446
175,,11.6165676,9.425417962,9.981907364,8.938513211,8.695045185,8.103779107,7.44295968,8.034225757,7.999449082,7.199491653,6.608225576,8.695045185,18.3291545,16.97270767,15.92931351,12.27738702,15.75539884,20.24205943,24.45044402,28.03281716,34.43235139,42.64039791,54.56995558,63.19557263,76.55125569,94.08045275,114.2528023,126.3236316,129.108234,140.4876613,144.8761857,96.70308684,134.0673997,137.5112709,125.5759712,122.6537014,115.2070126,106.1182326,93.63986138,83.6461982,83.82023808,81.52607047,81.52453931,81.31606707,79.78820311,76.27297968,77.45623124,76.2387116,75.12583577,73.38598353,71.99491653,71.40361915,73.03821678,73.10802055,72.38150691,74.15132079,72.86448992,69.03939098,66.77778926,64.83017025,62.57031331,67.23010514,71.09059778,72.03552456,73.73706387,77.45671616,72.58666834,77.49808255,78.46412932,82.22038583,78.19490968,75.89348042,65.73448901,64.2049314,60.10010424,56.62212372,60.27414412,56.86565436,56.06557172,55.37003822,51.82256696,49.28333756,45.90990619,45.7358663,39.37120266,35.92796752,32.38018324,27.65021113,26.67637033,23.37227319,20.93765553,22.05060304,17.11184567,16.38144159,15.99886686,16.93793099
176,,16.69472426,11.51241775,10.64289336,9.842923415,9.599482881,9.599482881,8.451709436,7.999574284,8.416932217,8.486486656,9.182093645,9.52989714,16.97297331,11.75588959,8.938653111,8.660404054,11.37327757,15.30351028,17.63380308,20.5206253,22.99002698,32.17221454,36.51983648,46.53667729,56.93603621,74.91751758,84.27355992,97.87298646,106.1853992,114.2198446,123.4365903,120.3761324,112.758951,109.0721275,108.7941602,102.4985757,100.2050361,86.63878646,74.98732244,68.17087639,68.06568543,75.8565964,71.12645635,71.12645635,73.70015839,70.53514972,69.28521343,69.38759539,66.88338519,69.52657906,68.44851657,64.48341274,70.04839386,72.1002811,70.60495458,71.92767728,73.03981719,72.03078926,71.02221861,71.02244092,70.95650268,77.31749003,83.58350994,86.67353238,83.96053365,89.87891386,90.08235747,92.86485674,96.48490692,105.4924966,103.7513304,104.3534203,102.7768561,84.34305176,75.82185049,77.21325228,74.22197319,69.97890203,68.20498213,63.19656172,58.84893978,56.13594105,54.53606376,52.44943061,48.06706275,44.03246709,37.6673908,35.30247729,31.30262754,30.1548541,29.59838729,26.98981412,24.7986302,23.85955137,20.79884305,20.27715346
177,,16.72944911,11.54715883,10.64349307,9.842892604,9.599452832,9.599452832,8.451682981,7.96521456,8.452185673,8.486964851,9.113052679,9.600023791,16.9739297,11.72104438,8.939156785,8.695671229,11.37324197,15.30346237,17.63479671,20.5217816,22.95517791,32.13736802,36.58921377,46.39723536,56.97060379,74.88699115,84.20380451,97.9074259,106.1155752,114.1499955,123.4014581,120.4105014,112.8631485,109.0022945,108.8285654,102.5333137,100.1333488,86.84699011,74.88253726,68.27426024,67.99598076,75.75212153,71.12623371,71.12623371,73.76973233,70.50018312,69.38737819,69.35263239,66.88317583,69.49161562,68.44830231,64.44846508,70.0829204,72.23935166,70.46543731,71.99581798,73.03913129,71.99581798,71.02199629,71.0567421,70.88270003,77.35199381,83.61249973,86.56902364,84.02976245,89.73402241,90.18603093,92.65548749,96.55077427,105.3852872,103.9243981,104.3416608,102.8112802,84.37784657,75.85635895,77.24775639,74.18699505,70.04817459,68.17002282,63.26585551,58.77926395,56.13576533,54.57063885,52.44926643,48.03471031,44.10182087,37.66727289,35.33711259,31.19819823,30.25912234,29.52870911,27.02611412,24.79855257,23.85947668,20.79877795,20.24231288
178,,16.9719639,11.54650824,10.67703557,9.77278774,9.668462287,9.529330383,8.520757103,7.964292086,8.451206801,8.41643165,9.146772422,9.598911985,17.00673905,11.720384,8.973935964,8.694664158,11.33782604,15.30260015,17.45887862,20.44982331,22.95388458,32.27453276,36.41312003,46.25564588,56.86316244,74.42633521,84.19906035,97.83242196,105.9355642,113.8305564,123.3597616,120.5079488,113.0666683,108.8963527,108.8224339,102.7057568,100.4754586,86.94664158,74.87831827,68.47918969,68.20220675,75.23125033,71.43523402,70.56569874,74.01225796,70.6007556,69.70236716,69.03766214,67.19304616,69.18118898,68.78436604,64.44483397,69.73187512,72.51763115,70.14845953,71.99649408,73.19263246,72.0686935,70.739731,71.40205463,70.89645931,77.04355067,83.82286192,86.4497525,83.95811348,89.78478801,90.31090516,92.32274405,96.40476608,105.5728495,103.97452,104.3772741,102.9026663,84.79856003,75.99613098,76.93039649,74.63479831,69.71349674,68.30515743,63.15805948,58.70646455,56.37612252,54.88057193,52.02875914,48.44669949,43.85581615,37.80443907,35.40460935,31.26599078,30.08351044,29.84005309,26.95343385,24.69282993,23.92768271,20.93673802,19.96293989
179,,17.00870888,11.54784563,10.67753689,9.738469822,9.704361328,9.530434129,8.52174403,7.96521456,8.451603614,8.382627315,9.182611037,9.600023791,17.00753758,11.72174153,8.973935964,8.695671229,11.33835839,15.3043726,17.46090082,20.45078349,22.95654324,32.278271,36.38258975,46.26100349,56.83108688,74.43495574,84.27250474,97.80195702,105.9057928,113.843741,123.2960628,120.4788616,113.1400525,108.9317799,108.792798,102.7408237,100.4801763,86.95072402,74.95132502,68.48240501,68.09989169,75.26434738,71.43858814,70.63881602,74.01225796,70.60407054,69.62994497,69.03895876,67.23031559,69.14319521,68.83017285,64.41755049,69.69974896,72.48220468,70.18649872,72.02988737,73.14299487,72.13412382,70.63881602,71.40384266,70.9170929,77.10773603,83.7510095,86.42891575,83.95948239,89.73317974,90.21992951,92.34159504,96.37614018,105.488534,103.9234222,104.3478669,102.9148642,84.75956753,76.06443252,76.86451766,74.74285213,69.69974896,68.20412814,63.2652614,58.67416251,56.38265236,54.91789424,51.96171111,48.48371971,43.85787533,37.8409596,35.40871013,31.26745882,30.0153694,29.84350935,26.9546994,24.76354291,23.89402941,20.97394222,19.92910044
180,,16.97307957,11.5820447,10.64295999,9.738652726,9.70387529,9.564765542,8.486539786,7.999624366,8.451762349,8.382207475,9.18215113,9.599542979,17.00785701,11.72174153,8.973486508,8.695671229,11.33857134,15.30360609,17.46002629,20.34683528,23.02497965,32.27665435,36.34602141,46.25868653,56.86690039,74.36173543,84.30883366,97.73430163,106.0123333,113.6987416,123.2288862,120.5506167,113.2119827,108.9338258,108.7597821,102.7427534,100.5168096,86.91761097,75.0920303,68.44894509,68.06611156,75.23101484,71.43992988,70.70963501,73.94415576,70.67488887,69.63125274,69.07500157,67.19683215,69.1097477,68.79671946,64.48381644,69.5965066,72.58780442,70.11832467,72.10073249,73.00507106,72.24003005,70.57033744,71.50942215,70.88336568,77.14393038,83.68277719,86.46528517,83.96105929,89.73486508,90.18687786,92.30858323,96.37795029,105.4905152,103.9601202,104.3078946,102.9515432,84.79590559,76.03111501,76.83090215,74.88324047,69.63125274,68.20540913,63.26644963,58.67526451,56.41457459,54.95398485,51.89319477,48.51937645,43.85869905,37.84167032,35.37219057,31.26804608,29.9811557,29.94637826,26.95520566,24.76400801,23.82492331,21.04244663,19.92947474
181,,17.00785701,11.61682214,10.64295999,9.738652726,9.669097853,9.599542979,8.521317223,7.964815626,8.451762349,8.382207475,9.043041382,9.70387529,16.97307957,11.75655201,9.008263945,8.660458273,11.37334878,15.1296876,17.28610781,20.4511676,23.1640894,32.06786452,36.48531898,46.2239404,56.58861829,74.29193013,84.44813122,97.5953171,105.8730357,113.3857134,123.0895887,120.7594065,113.5597571,108.6902899,108.725036,103.1252739,100.2732736,87.19589307,75.33556627,68.3791398,67.92712703,75.26576097,71.50942215,70.46609904,74.22243786,70.57033744,69.87478871,68.7272272,67.33581669,69.1097477,68.69216803,64.55330871,69.63125274,72.55305829,70.15307081,72.17053778,73.00507106,72.17053778,70.50084518,71.47467602,71.02266324,77.03969198,83.85682089,86.08276467,83.99580542,89.76961122,90.11738559,92.2738371,96.09966819,105.8382896,103.9253741,104.412446,102.8122457,85.00469542,76.20484568,76.51787391,75.1962687,69.56176047,68.17066299,63.26644963,58.77981594,56.37982846,54.98873098,51.89319477,48.62361485,43.85869905,37.87641645,35.44168284,31.05935015,30.01593314,30.08548801,26.88565079,24.83356289,23.92925562,20.97289175,19.92947474
182,,17.3548478,11.65105251,10.88592222,10.64246029,9.529509351,9.564316457,8.486141326,9.286078723,7.68623523,8.173127788,8.381813913,9.425181939,15.19856014,10.22511934,7.547100712,7.825338446,11.6162767,13.87692308,15.30288755,16.90273104,19.68507708,27.54519133,31.64911182,41.83958056,51.71672275,64.68956882,76.34486018,83.36844412,89.4997339,97.30178211,105.8955766,104.7838366,96.36431948,97.44293009,96.86804466,92.52490342,86.36104677,76.35537689,68.51522028,64.72431333,65.14156037,70.63682604,71.85413569,69.69778543,70.35855701,69.28022537,69.70302175,69.07175835,69.87150794,70.35877724,67.0196416,63.43751467,70.70631505,74.70600203,76.0970342,76.23656385,76.58408326,76.27130846,74.08020684,74.53196651,77.52312388,85.67542099,92.94016735,94.07956929,89.66084983,98.44433382,95.94724911,98.90446729,103.3917887,114.2445201,117.7946573,114.7310219,109.5845805,96.14073422,83.7841814,86.15090855,80.10048206,74.98427107,70.21926598,68.89772283,64.20251976,61.66366695,58.04648251,56.65545035,52.06448079,45.97824556,41.73503404,39.47445027,34.11847562,31.40558729,30.22320995,28.37990453,25.80621332,25.73666171,22.11963377,22.95431567
183,,17.66869092,11.82551806,10.88643336,10.71251487,9.529956802,9.460401928,8.660458273,9.321292181,7.652170646,8.06917924,8.416984912,9.356069617,15.1296876,10.29515432,7.686596131,7.68698113,11.51248983,14.05149314,15.26882865,16.52094159,19.75555625,26.99133494,31.75483629,41.11093721,52.06692544,63.8925061,75.9268766,83.61328492,88.93476492,96.93451449,105.0732486,105.2469793,96.89976836,97.21279659,97.07349903,92.72584987,86.98710324,76.69191761,68.6574219,64.58805484,65.21411131,70.18781694,72.24003005,69.28347837,70.91842484,69.07500157,69.73580417,69.24873224,69.45752207,70.43135291,67.12702686,63.4057472,70.84861955,74.39648156,76.10060727,76.20484568,76.76140988,75.99636887,74.01364803,75.05728417,77.59625618,85.10893383,92.16928567,94.88230138,89.97808802,96.96926063,96.93451449,98.42985037,102.638515,113.3165758,118.1506292,114.6378263,110.5684593,96.51693483,84.03055156,86.36104677,80.2394666,75.33556627,70.0488324,69.00519627,64.86633694,61.24929569,58.43204157,56.31033619,52.10167157,46.18919427,42.01527578,39.61560133,34.32886746,31.33756965,30.2594065,28.62467915,25.87701121,25.70309272,21.98153133,22.8858386
184,,17.49212072,11.78893239,10.95430802,10.67609989,9.528495285,9.424178975,8.693902206,9.285090561,7.650613911,8.102713852,8.380921977,9.389406871,15.0925952,10.32834756,7.685417312,7.685417312,11.51072427,14.0145661,15.33603122,16.51840793,19.75252653,27.09019151,31.71522555,41.34813104,51.88523641,64.12458039,75.90102576,83.56921342,89.17887654,97.09062427,105.2170126,105.2849273,97.07592077,97.16268741,97.18497316,92.6964005,86.81581601,76.96870244,68.36129889,64.68268499,65.2398718,70.1462639,72.29911175,69.1755588,70.90754877,69.0300995,69.9335543,69.0305316,69.55348703,70.55951476,67.08199143,63.43076408,70.73353176,74.53453284,75.91523243,76.26414693,76.85441366,75.91523243,73.9057081,74.97629175,77.72331922,85.02639988,92.25968596,94.77835966,89.9648521,97.04938561,96.99550531,98.44618308,102.6510467,113.7020789,118.0245576,114.790887,110.2940992,96.64140916,83.87870138,86.3130616,80.26190186,75.21947739,69.86407269,69.0644082,64.85638902,61.34412489,58.49256202,56.23221881,51.98945883,46.25159229,41.83512827,39.67900748,34.21906738,31.43698613,30.1504183,28.65509266,25.8730427,25.80346719,21.90861603,22.98664513
185,,17.28610781,11.65159957,10.92121079,10.60818256,9.529956802,9.564765542,8.486539786,9.321292181,7.686596131,8.138734114,8.382207475,9.425624491,15.23405121,10.19082201,7.582612289,7.791318666,11.61682214,13.87757466,15.30360609,16.9035247,19.72077881,27.51170726,31.65059788,41.98052964,51.6496588,64.65786014,76.41363551,83.36974895,89.56082139,97.28228886,105.942528,104.7254742,96.27371189,97.52582483,96.72572466,92.5521192,86.2915545,76.37888938,68.51843736,64.69260627,65.17936518,70.67488887,71.82245039,69.6663119,70.43135291,69.28347837,69.5965066,69.14449383,69.80529644,70.39660677,67.05753459,63.47523947,70.60539661,74.88324047,75.99636887,76.27465097,76.58767921,76.23990484,74.11819946,74.57021223,77.52676391,85.66549803,92.86514744,94.18675265,89.56082139,98.42985037,95.89087836,98.91692231,103.4733613,114.2205597,117.7333625,114.8813623,109.4556439,96.13441432,83.71752332,86.15225693,79.92643836,75.05728417,70.32711451,68.8314656,64.20553434,61.66656232,58.0144619,56.72760283,51.96268703,45.98040443,41.73699368,39.47630376,34.22431603,31.26804608,30.29418394,28.38123709,25.77264759,25.73787016,22.08589495,23.02497965
186,,17.49480373,11.82551806,10.9217578,10.67773743,9.599542979,9.356069617,8.69523571,9.321292181,7.651787391,8.06917924,8.416984912,9.356069617,15.09491016,10.33044916,7.686596131,7.756539487,11.47771239,13.98193827,15.33838352,16.52094159,19.79033369,27.12912415,31.72009015,41.28498091,51.89319477,64.17078821,75.89181744,83.54379265,89.10880861,97.07349903,105.1427409,105.177487,96.93451449,97.00400676,97.21279659,92.6563576,86.74356727,76.83090215,68.34439366,64.72735241,65.31866274,70.18781694,72.20528392,69.17923997,70.88336568,69.07500157,69.94428097,69.00519627,69.6663119,70.53559131,67.09228072,63.4057472,70.77912728,74.50071996,75.99636887,76.41363551,76.72666375,75.85707131,74.04870719,74.88324047,77.66574845,85.17842609,92.2738371,94.70857071,89.87384962,97.317035,96.82996306,98.46490953,102.7080073,113.7334878,117.9074062,114.7073186,110.2901772,96.58674012,83.92631315,86.25680836,80.27421273,75.16152257,69.94428097,69.1097477,64.79684468,61.35353409,58.53627997,56.20609779,52.0321793,46.1541351,41.84154511,39.75458586,34.25906217,31.40706192,30.15504288,28.58990171,25.94656608,25.73787016,21.98153133,22.92061604
187,,17.35566268,11.65218317,10.92121079,10.64295999,9.634320416,9.529956802,8.486539786,9.286514744,7.651787391,8.138734114,8.382627315,9.460401928,15.16446503,10.22559945,7.617009954,7.790928442,11.51248983,13.98193827,15.26882865,16.72960621,19.85988856,27.47692982,31.54635948,41.56326301,51.71915107,64.51856257,76.48312778,83.09146685,89.49160925,97.21279659,105.4905152,104.9700115,96.65895552,97.00400676,97.00400676,92.72584987,86.5698366,76.48312778,68.48369123,64.65786014,65.21411131,70.50084518,71.99649408,69.52701434,70.50084518,69.17923997,69.90953484,68.76197333,69.7705503,70.60539661,67.12702686,63.47523947,70.77912728,74.57021223,75.99636887,76.37888938,76.51787391,76.27465097,73.9789019,74.7095098,77.59625618,85.4567082,92.6563576,94.25624491,89.73486508,97.94309147,96.34320416,98.77793777,102.9515432,114.0117699,117.8726601,114.7073186,109.9076567,96.37795029,83.50904652,86.43053903,80.20472047,75.05728417,70.15307081,69.00519627,64.27502661,61.70130846,58.25799787,56.31033619,52.3104614,45.98040443,41.77173981,39.58054216,34.0853315,31.44180805,30.12026545,28.58990171,25.77264759,25.73787016,22.08589495,23.05975709
188,,17.32093946,11.6168585,10.99080007,10.64299331,9.599573028,9.495209088,8.556121443,9.286543813,7.651811344,8.13875959,8.347456168,9.495209088,15.1645125,10.22611162,7.617033798,7.791318666,11.44297077,14.05153713,15.26887644,16.62532594,19.92953712,27.37265189,31.65069696,41.49390063,51.75405921,64.34503332,76.55317271,83.12678622,89.38737052,97.28259338,105.3866067,105.003772,96.62178871,97.14329538,96.83026617,92.90018437,86.57010759,76.51811344,68.37935385,64.62300326,65.35361345,70.43157338,72.0314657,69.45773949,70.57055835,69.10996403,69.97955919,68.83168106,69.73602246,70.57055835,67.12723699,63.44069192,70.74460259,74.53569942,76.10084549,76.17033798,76.72690392,76.20508422,74.08368523,74.67499742,77.56175284,85.35273697,92.76088637,94.11755499,89.87413095,97.83915933,96.51723695,98.67369522,102.9518655,113.907888,117.8032236,114.7774832,109.8385082,96.58704247,83.50930792,86.46555583,79.99649407,75.30105585,70.11854416,69.00541228,64.37977956,61.59726287,58.29292648,56.27576622,52.31062515,46.08478709,41.70237808,39.65047158,34.01594571,31.54645823,30.05080464,28.5899912,25.84231466,25.70317318,22.08596408,23.09460682
189,,17.3217528,11.75655201,10.85219945,10.60814935,9.59951293,9.529926971,8.486513221,9.286485674,7.68698113,8.173485965,8.31262658,9.460372315,15.23400352,10.15652196,7.652170646,7.756539487,11.58200845,13.91230854,15.33833551,16.83391713,19.72176657,27.51308524,31.61743529,41.5631329,51.92777835,64.62259869,76.30915824,83.23050388,89.49104899,97.31673037,105.5596771,104.8293845,96.55137873,97.31673037,96.93421106,92.58657551,86.49976053,76.30915824,68.44873083,64.69240377,65.2486532,70.57011654,71.96152269,69.5267967,70.43113244,69.35306657,69.73558588,69.04003932,69.70083985,70.57011654,66.95308661,63.5097868,70.8831438,74.53523278,75.99613098,76.34390426,76.44814234,76.44814234,73.87443225,74.67452991,77.70025136,85.52593274,92.62132154,94.15171179,89.80407624,98.116515,96.23835147,98.67307746,103.3337403,114.011413,117.76774,114.7767646,109.7683285,96.23835147,83.57827716,86.36077643,80.30902051,74.91775209,70.04861313,69.00498026,64.24007938,61.70111532,58.15357743,56.55369513,52.17131356,45.94551448,41.91090618,39.33719609,34.18946288,31.4069636,30.12017116,28.55503489,25.84215288,25.70301226,22.05101718,23.02490758
190,,17.5295263,11.6515631,10.95595393,10.64292668,9.634290258,9.321263002,8.695208492,9.286485674,7.651763439,8.138708637,8.382181237,9.390817658,15.09486291,10.32989942,7.616986111,7.790904054,11.47767646,13.9818945,15.33833551,16.59044453,19.82504907,27.26814854,31.75473688,41.25010565,51.8582863,64.13584131,76.20460714,83.54353114,89.17858004,97.29020705,105.0834458,105.1198407,96.79491393,97.17743324,97.09386242,92.65606756,86.67380369,76.7611696,68.20519563,64.76189582,65.31845828,70.18759723,72.17031187,69.28326149,70.74415969,69.21376944,69.87456998,69.00498026,69.70083985,70.57011654,67.05732468,63.44029475,70.77890572,74.36150266,76.06562303,76.41339631,76.8657207,75.89157988,74.08322143,74.63947086,77.80480246,85.03917536,92.72555961,94.39524699,89.76933022,97.5950116,96.79491393,98.49934734,102.7424318,113.8029368,117.9085135,114.6722135,110.0466098,96.62118381,83.68251524,86.49976053,80.03073928,75.43956852,69.80507793,69.14427739,64.48361459,61.49232614,58.57084276,56.24066787,52.03201643,46.15399063,41.77160905,39.68496937,34.25895493,31.44170963,30.08539384,28.58981221,25.91170753,25.73778959,21.9466852,23.05968491
191,,17.21622958,11.61660396,10.95578246,10.57320654,9.564585903,9.529777817,8.555933965,9.251563547,7.72122855,8.138581257,8.347273262,9.425447465,15.2337651,10.2254074,7.547313329,7.791318666,11.65138074,13.87731402,15.30331866,16.86843044,19.82473878,27.51119055,31.545767,42.11903614,51.68343423,64.55209631,76.48169132,83.61171455,89.3503534,97.24571629,106.1145787,104.6537034,96.23684524,97.45418918,96.65441706,92.65461739,86.35942479,76.37745488,68.34311006,64.83037319,65.07390458,70.70830699,71.85615997,69.62994497,70.46477559,69.28217713,69.59084116,69.31692261,69.69974896,70.32579367,67.09102064,63.54353828,70.53426656,74.8123431,76.13392348,76.30796391,76.41220036,76.3427094,74.08206194,74.5688117,77.52530786,85.76812556,92.89814879,94.11549273,89.38541191,98.60204216,96.0800845,98.91506451,103.4016139,114.3573964,117.6616604,114.8792047,109.4883337,96.09786331,83.57696907,86.15063888,79.95968272,74.95132502,70.36053915,68.83017285,64.23907395,61.59591318,58.0481178,56.69179193,52.06594755,45.94479538,41.63197336,39.51030783,34.18892777,31.30223561,30.25883819,28.34592727,25.8765252,25.6678332,22.05067206,23.12887756
192,,15.82542932,11.33864233,10.36477409,10.95605682,10.39955174,9.043097997,10.36477409,8.903956076,9.703936042,9.564825423,9.043097997,10.19088581,14.01680346,8.660512493,6.295381553,6.156270934,10.39955174,15.6862874,16.66015564,17.14710541,14.74719681,17.63402388,31.68554239,37.28533954,39.99837224,52.83261023,76.10108371,91.43956326,97.38713696,100.8304691,110.2561213,121.0731927,119.7863256,116.69077,107.2998641,96.93512136,92.4134002,91.43956326,79.57916221,65.84057998,67.78856689,70.15351001,72.03169118,70.81431675,70.18825636,72.03169118,70.7795704,68.79715017,68.03179135,67.57977575,67.57977575,66.71017786,69.49270327,73.1100802,74.46644003,74.64017179,70.81431675,73.66633485,70.88380945,74.29239524,72.79705,78.43159351,81.94441836,86.25734838,91.68310075,98.32622755,100.8304691,105.0041007,104.8651153,108.2737011,116.69077,122.7078364,118.0123835,100.030677,88.20502226,82.987748,80.93583507,71.09260059,64.83199669,63.44089051,58.04957146,54.01523831,53.35411854,50.91968271,44.90230328,38.74625146,34.78109798,30.57262614,28.10316223,27.40754653,24.24243563,24.97286028,20.83391244,20.52088224,21.35560856,18.1557513
193,,15.79062036,11.33864233,10.32999643,10.95605682,10.39955174,9.043097997,10.39955174,8.869178421,9.703936042,9.564825423,9.043097997,10.36477409,13.84288388,8.660512493,6.330159207,6.156270934,10.4343294,15.61673209,16.66015564,17.18188306,14.74719681,17.63402388,31.68693104,37.3200859,39.99837224,52.86735659,76.24038215,91.54380232,97.28289791,100.9697675,110.2908677,121.1426854,119.6817735,116.8297554,107.091073,96.86531563,92.37865384,91.43956326,79.61390856,65.73634093,67.7535075,70.25774906,71.96219847,70.74482405,70.43179385,71.92745212,70.71007769,68.79715017,67.92755229,67.85805959,67.47553669,66.71017786,69.45795691,73.1100802,74.46644003,74.70997752,70.74482405,73.6315885,71.02310789,74.18815619,72.86654271,78.36178778,81.94441836,86.25734838,91.78733981,98.50027234,100.7609764,104.9693543,104.9693543,108.2737011,116.69077,122.568851,118.1513689,99.85663217,88.13552955,82.95300165,81.00532777,70.98836154,64.9014894,63.33633842,58.08463084,54.01523831,53.31937219,50.84987698,45.00685536,38.71150511,34.74635163,30.57262614,28.06838458,27.44232419,24.20765797,25.04241559,20.76432583,20.52088224,21.35560856,18.19052896
194,,15.58195444,11.40819763,10.29521878,10.78213724,10.50391601,9.043097997,10.4343294,8.764845457,9.808269006,9.564825423,9.008320343,10.36477409,13.80810623,8.695290148,6.260603898,6.260603898,10.50391601,15.65150974,16.62537798,17.18188306,14.53849958,17.87749876,31.79009447,37.42463798,39.99837224,53.18038678,76.41411391,91.82208616,97.31764426,100.9697675,110.9867338,121.0731927,119.5080417,116.8297554,106.4650126,96.86531563,92.55269863,91.02229401,79.3706841,65.73634093,67.82331324,70.53603291,71.64916828,70.60583864,70.7795704,71.96219847,70.36230115,68.83189652,68.31007519,67.40573096,67.6145221,66.74492422,69.52744962,73.2490656,74.53593274,74.60542544,70.60583864,73.70108121,71.02310789,74.0141114,72.86654271,78.43159351,82.2227022,86.25734838,92.10037,98.39572025,100.8652155,105.0041007,104.7608762,108.5519849,117.3168304,122.4990453,117.6646069,99.47410927,87.82249936,83.16179279,80.58774549,71.19683965,64.79725034,63.33633842,57.98007876,54.18897007,53.24987948,50.64139887,45.07634806,38.64169938,34.60736623,30.71173675,27.894465,27.54665715,24.10332501,24.97286028,20.72954817,20.62521521,21.28605325,18.36444853
195,,15.82528071,11.30375852,10.39945408,10.88639928,10.46900874,9.043013075,10.36467675,8.90387246,9.703844914,9.564735602,9.043013075,10.19079011,14.01667183,8.660431164,6.295322434,6.156213121,10.39945408,15.61658544,16.65999919,17.21649904,14.74705833,17.59908095,31.71999086,37.2849894,39.92850457,52.86686012,76.03087701,91.47345059,97.35147639,100.6905381,110.3610189,121.0044576,119.8229474,116.6611362,107.4041032,96.8311755,92.51708346,91.43870457,79.61316092,65.73572361,67.9269144,70.04861313,72.06598635,70.81365174,70.25708928,72.06576077,70.67466764,68.79650411,68.06738998,67.54439509,67.64926845,66.74429743,69.45730465,73.00575664,74.53803268,74.67452991,70.77890572,73.59615102,70.95450362,74.25811379,72.8311124,78.43306663,81.87620714,86.2225589,91.71842132,98.29055816,100.8661627,104.9726403,104.7648116,108.486907,116.5269386,122.7838631,117.9558141,100.1039299,88.34345458,82.95222265,80.90077569,71.16142503,64.79725034,63.40554872,58.11883141,53.97967201,53.31887147,50.91920454,44.86713558,38.88487171,34.78077136,30.53756171,28.13767565,27.40728915,24.24220797,24.93784844,20.79890816,20.59024419,21.32063069,18.19035813
196,,15.78918704,11.33761311,10.36383327,10.95506233,10.39860777,9.042277151,10.39860777,8.868373361,9.70305521,9.563957219,9.042277151,10.32905877,13.87640186,8.659726374,6.294810117,6.155712126,10.46815676,15.61531455,16.65864339,17.14554896,14.7458582,17.66719773,31.68266627,37.31669833,39.95999837,52.8633851,76.18083058,91.42256008,97.4060414,100.8847951,110.34703,121.1314481,119.7050057,116.7829278,107.2161204,96.91675746,92.42410486,91.45387717,79.5821516,65.84078608,67.74820569,70.22454148,71.95949541,70.81897213,70.32667422,71.92272419,70.77735485,68.86836751,67.92181167,67.64312789,67.57914112,66.67772745,69.49661908,73.07136105,74.50328534,74.74987165,70.67179176,73.70154262,70.92242097,74.21616529,72.80457071,78.43404873,81.9521144,86.30263071,91.72818403,98.47724,100.7457827,105.0192228,104.8500617,108.3638857,116.7134216,122.6949822,118.0352916,100.0500946,88.17662435,82.95144367,80.99797488,71.01977319,64.79197706,63.46987514,58.04430227,53.97527912,53.41907495,50.81051811,44.96802687,38.70799125,34.77794089,30.53507654,28.10061129,27.40505873,24.24023513,24.97059348,20.83202133,20.51901955,21.3536701,18.18887779
197,,15.61673209,11.37341998,10.32999643,10.8169462,10.4343294,9.182208616,10.29521878,8.764845457,9.808269006,9.738713696,8.799623112,10.36477409,13.84288388,8.660512493,6.260603898,6.330159207,10.53869366,15.58195444,16.76451991,17.00796349,14.53849958,18.05141834,32.20736372,37.14635414,40.1026113,53.35411854,77.07492065,92.0308773,97.38713696,101.3175441,111.1604655,121.1426854,119.438549,117.1427856,105.7347132,96.51753908,92.58744498,91.19602577,78.70956432,65.56229614,67.7535075,70.71007769,71.85795942,70.50128655,70.7795704,71.99694483,70.25774906,68.83189652,68.34482154,67.51028304,67.6145221,66.67543151,69.35371786,73.2490656,74.67523117,74.46644003,70.57077926,73.97936505,71.12734694,73.6315885,73.21431925,78.25754872,82.5357324,86.36158744,92.27441479,98.39572025,101.2827977,104.6215778,104.9693543,109.0040005,117.4905621,122.9513739,116.69077,98.98703429,87.54421552,83.30077819,80.41401374,71.05785424,64.9014894,63.33633842,57.59755586,54.3282685,53.18038678,50.36311503,45.14584077,38.64169938,34.39857509,30.64218144,27.96402031,27.61621246,24.0337697,24.86849602,20.69477052,20.69477052,21.45997283,18.08619599
198,,15.61673209,11.40819763,10.26044112,10.85172386,10.39955174,9.21698627,10.26044112,8.764845457,9.808269006,9.738713696,8.799623112,10.36477409,13.84288388,8.695290148,6.226099097,6.330159207,10.53869366,15.61673209,16.79929756,17.04274114,14.46894427,18.01664069,32.27685643,37.11160779,40.13735765,53.45867062,77.07492065,92.10037,97.45662967,101.2477384,111.2299582,121.2121781,119.438549,117.0732929,105.6301611,96.65683752,92.51795228,91.12653307,78.67481797,65.56229614,67.7535075,70.67533134,71.71866098,70.60583864,70.8490631,71.96219847,70.29280844,68.83189652,68.34482154,67.47553669,67.71876115,66.67543151,69.52744962,73.04027446,74.64017179,74.39694733,70.71007769,73.90987235,71.12734694,73.5620958,73.35330466,78.25754872,82.46592666,86.32684109,92.4828929,98.2914812,101.3870368,104.6563241,104.8998616,109.0040005,117.4905621,122.9861202,116.7255163,98.88279523,87.43966343,83.30077819,80.34452103,71.09260059,64.9014894,63.33633842,57.63230221,54.25846277,53.24987948,50.36311503,45.11109442,38.64169938,34.39857509,30.57262614,27.92924265,27.58143481,24.06854735,24.97286028,20.5556599,20.72954817,21.49475048,18.05141834
199,,15.51239913,11.44300659,10.26044112,10.74735959,10.57347132,9.043097997,10.4343294,8.799623112,9.738713696,9.669158387,8.938765033,10.32999643,13.80810623,8.660512493,6.260878276,6.260878276,10.57347132,15.65150974,16.66015564,17.14710541,14.46894427,17.98183173,31.92907988,37.3200859,40.06786495,53.18038678,76.86644254,91.85683251,97.49137602,100.9697675,111.2299582,121.1774318,119.3687433,116.8645017,106.012997,96.86531563,92.44814655,91.16127942,79.26613201,65.52754979,67.71876115,70.64058499,71.71866098,70.50128655,70.95361519,71.75340733,70.3970475,68.86664288,68.27532884,67.47553669,67.64926845,66.67543151,69.45795691,73.14482655,74.70997752,74.64017179,70.4665402,73.70108121,71.09260059,74.0141114,72.97078176,78.36178778,82.32694126,86.32684109,92.30916114,98.3609739,100.8999618,104.8651153,104.9693543,108.7955224,117.4210694,122.7425827,117.1775319,99.16107908,87.71794727,83.16179279,80.51825279,71.19683965,64.79725034,63.33633842,57.84109335,54.15422372,53.31937219,50.43260773,45.11109442,38.67675876,34.39857509,30.71173675,28.03360692,27.54665715,24.0337697,24.97286028,20.76432583,20.59043755,21.45997283,18.22530661
200,,13.80810623,11.61689487,10.46910705,11.16475405,9.703936042,9.251795228,8.138785067,8.243118031,8.973542688,8.556148226,8.208340377,9.599603078,16.69493329,15.89498463,13.52985369,10.22566347,15.51239913,18.32967088,22.12081087,26.36409168,32.76393141,41.28523937,46.53725998,56.69321163,69.24916577,86.88340877,101.4217831,108.3084474,115.7864258,128.1335888,118.36016,102.8479487,99.05652699,103.1957253,110.5691515,109.5953146,106.1519824,93.21350537,84.86592917,76.97068159,78.88360911,80.86602934,79.71846064,77.80553312,81.35310432,76.58815869,77.17947273,75.82279987,74.84896293,73.2490656,72.48401981,69.07543402,73.9446187,71.89270577,76.13583006,72.55351251,74.91845563,71.05785424,70.36230115,68.48411998,66.918969,73.14482655,75.33603791,75.99684466,77.97926488,83.47482298,79.57916221,81.14431318,87.19643897,88.58754515,88.69178421,85.14421301,74.84896293,70.0145246,65.21451959,64.4494738,65.14502689,64.5189665,61.00614165,61.63220204,55.30210544,53.70220811,50.84987698,52.45008734,43.37221168,37.80716088,35.19836723,31.92907988,28.48574774,26.60756657,24.4163552,25.45977875,21.49475048,19.92959951,19.5469827,19.09484189
201,,13.98202581,11.61689487,10.53869366,10.92127917,9.912633273,9.21698627,8.104007413,8.173562722,9.077875652,8.486592917,8.243118031,9.599603078,16.72971095,15.82612289,13.53044665,10.29521878,15.3732572,18.4687815,21.98166895,26.32931403,32.62463297,41.35473208,46.39796155,56.38018143,69.31865848,86.81360304,101.1434993,108.3431938,115.4386492,127.7163195,113.6647071,105.6301611,96.27431462,103.1957253,110.5691515,114.534305,106.6390574,93.56128192,84.69219741,76.86644254,78.88360911,80.93583507,80.03149084,77.73572739,80.83128299,77.109667,77.07492065,75.75330716,74.98826137,73.35330466,72.69249792,68.97088193,73.73614059,71.85795942,76.06633736,72.62300522,75.02300772,71.12734694,70.18825636,68.79715017,66.74492422,73.31855831,75.05775407,75.92735195,77.97926488,83.44007663,79.54441585,81.42259702,86.74411034,88.5527988,88.9353217,85.03997396,75.12724677,69.84047981,65.49280344,64.55371285,64.93623575,64.72775764,61.11038071,61.21493279,55.51058355,53.80644717,51.05866812,52.3802816,43.12867419,37.94614629,35.23342662,32.06806529,28.34663712,26.78148614,24.52068817,25.18152621,21.70341641,19.89482185,19.47742739,19.09484189
202,,13.84695833,11.58055843,10.53727531,10.98935528,9.841721935,9.215745804,8.13768971,8.172462684,9.076653907,8.48545075,8.276781606,9.528733869,16.72745938,15.89284541,13.52803278,10.25906022,15.40596117,18.43152291,22.11783375,26.25622455,32.65498387,41.38390803,46.39171708,56.44207686,69.30932924,86.90645726,101.2691666,108.2591291,115.631563,128.073317,115.623601,105.6423967,96.26135755,103.2018633,110.5542706,112.6158904,106.2238027,93.20096025,84.8545075,76.85609748,78.96249452,80.95968401,79.83994439,77.72526534,81.08522715,76.89083915,77.0942269,75.81259527,75.01550062,73.21729875,72.62550595,69.0484688,73.79570017,71.91777178,75.96186052,72.57917107,75.11737089,71.01525974,70.27974875,68.75542152,66.88903846,73.27394906,75.13006893,75.91713328,77.90123727,83.5106583,79.67299007,81.17988964,87.09870301,88.60438748,88.82831313,85.06926613,74.99037405,69.93214243,65.3624114,64.56098829,65.05382067,64.67182857,61.04490087,61.27617754,55.50311267,53.86868899,50.94757137,52.40797368,43.12286972,37.94103931,35.26342641,31.89004103,28.48191398,26.67353154,24.48261508,25.30458427,21.66572249,19.89214431,19.44003305,19.19659093
203,,13.80585897,11.61500423,10.46740321,11.09336171,9.737128728,9.250289506,8.172232481,8.24177647,8.972082251,8.519983725,8.24177647,9.59804075,16.69221621,15.89239773,13.49287972,10.22399925,15.4750712,18.39623173,22.11721073,26.35980095,32.72385841,41.31326093,46.45989171,56.68398485,69.20315483,86.97086965,101.3964092,108.3361,115.8531543,128.1379004,117.8367171,103.468333,98.55703878,103.2551977,110.6328733,110.3544291,106.1554504,93.19833495,84.92319345,76.88867328,78.83603017,80.99214422,79.64840559,77.72307596,81.355651,76.6806361,77.13475515,75.81045977,74.83678132,73.23714438,72.54170448,69.06419204,73.86310288,71.88100529,76.19292041,72.47222309,74.90626271,71.08169774,70.35239106,68.50771494,66.85491748,73.21546519,75.32487052,75.98804363,77.94783622,83.55769652,79.65979065,81.19107726,87.17711801,88.63915408,88.77766433,85.15878261,74.96305758,69.86385403,65.30844105,64.47574335,65.06494319,64.50846609,61.10043504,61.48289568,55.36258646,53.72820882,50.80686051,52.47629182,43.29535852,37.83574849,35.2276924,31.92388345,28.4811117,26.6380082,24.41238146,25.4208632,21.52602422,19.92635598,19.50902945,19.12650621
204,,13.91069741,11.58066717,10.53737426,10.98945846,9.841814346,9.215832337,8.10299282,8.207312722,9.041965834,8.520303726,8.207312722,9.598401242,16.72761645,15.85822133,13.4933865,10.29392985,15.37133253,18.50124257,22.08326813,26.25647109,32.62054849,41.41903862,46.35741069,56.40786484,69.30998003,86.92196441,101.2481721,108.2254036,115.6250489,128.0786635,114.8364365,105.6920297,96.30838122,103.1979865,110.5840364,113.6191523,106.200186,93.42350016,84.71447269,76.91996994,78.98784817,80.97539749,79.85494584,77.81064811,81.06519622,76.8970968,77.08553789,75.84297984,74.99647802,73.24837774,72.6291437,69.08754485,73.69969699,71.92722697,76.02207213,72.52262546,75.116014,71.09371332,70.25379058,68.7046418,66.91059099,73.17911476,75.1751711,75.95544093,77.90684571,83.37653475,79.70848018,81.17855131,86.99064321,88.48607598,88.94395277,85.05195468,75.01361511,69.79830481,65.41511997,64.61511496,64.99790296,64.61653067,61.10272991,61.2420109,55.53837583,53.7997108,51.05227576,52.30423978,43.15801664,37.97613757,35.19396053,31.99456648,28.44740812,26.673782,24.48284496,25.24795147,21.70069922,19.85752649,19.47498889,19.16199788
205,,15.89483536,11.61740399,9.739140507,10.95653698,10.0869636,9.843478043,9.321263002,8.869567123,9.217390215,8.973935964,9.63480297,9.669582149,12.62609409,7.826097845,5.251908684,5.112768069,8.765229586,14.9557536,15.02610786,15.47826849,13.49566747,12.76524211,25.35655702,31.44170963,35.3025878,42.71069082,66.77904345,82.39566019,84.58685098,89.31700583,97.07319516,108.6899496,107.890165,109.8725666,105.0729197,89.56054104,81.8043517,82.56970334,67.68337919,63.6487709,63.19675954,68.0658985,70.8831438,70.81365174,67.82267632,68.3094337,70.11810518,69.31800752,69.49205067,65.73572361,64.10109528,66.88359455,70.46587846,74.91775209,77.87429451,76.55269344,75.4048225,74.01341635,74.25695155,76.27441221,78.25681382,85.00442934,86.67380369,89.90831432,95.85583217,103.6815135,110.4638751,113.6288937,116.7244202,123.2285005,127.3326008,132.2715449,125.071918,114.1159641,97.35147639,91.99526703,85.28239754,73.31786979,68.27468768,63.23150557,59.99699494,56.31015993,55.19703501,51.05818864,45.84096337,42.91948,34.9914226,32.31129934,29.84350935,27.51162114,24.97262577,24.033544,22.3652346,22.08582581,18.95555326,18.8859673
206,,15.89503439,11.65170899,9.703966418,10.95609112,10.08655312,9.877886539,9.286601953,8.869206184,9.217015123,9.043126305,9.564855364,9.669188654,12.62558028,7.825779369,5.321529971,5.04327656,8.799650657,14.9211631,15.06027415,15.47763862,13.52989604,12.72994488,25.32074739,31.47716281,35.26828337,42.81577802,66.74513315,82.5012443,84.55316365,89.28337773,97.17865002,108.6218176,107.8915159,109.9781817,105.0044294,89.52691599,81.77062954,82.46618481,67.78877908,63.58007494,63.19755084,68.13655672,70.88403134,70.71029904,67.96251139,68.2407961,70.04949023,69.45817434,69.4929208,65.70180024,64.10189791,66.91917848,70.39726786,74.95343661,77.8752696,76.55365198,75.3710202,73.97959663,74.2926278,76.2406208,78.32728661,84.97043421,86.70963541,89.94418654,95.82228594,103.6480653,110.5000047,113.7693023,116.7606282,123.1602375,127.3341952,132.2381416,125.1082305,113.9780941,97.38744182,92.03116538,85.24871892,73.42334023,68.06675077,63.26704376,60.0672391,56.38035792,55.0587403,51.12832087,45.77204444,42.9200174,34.95525219,32.34645038,29.84229489,27.47718785,25.00771622,23.99906717,22.39913353,22.08610235,18.92098154,18.88620378
207,,15.79131241,11.9304479,9.704361328,10.9217578,10.12003205,9.913067705,9.286979878,8.834787944,9.043494321,9.0782735,9.600023791,9.737494444,12.48697737,8.034804222,5.252188177,5.0434818,8.765229586,14.99132868,14.81740149,15.65219569,13.56522583,12.48697737,25.18262982,31.68693104,34.95667472,42.60151863,66.45831899,82.05225329,84.61179726,89.48068533,96.27853395,108.347942,108.0861226,109.5121096,106.0692086,89.35650693,82.3652972,82.60884537,67.68698113,63.95439095,62.99132242,68.00002504,70.97947405,70.74792452,68.03477292,68.31306896,69.70454915,69.39150524,69.84354065,65.7392219,63.93045416,66.66708399,70.78267239,74.8174954,77.55228515,76.61331213,75.37408748,74.3528911,74.08716395,76.30032113,78.15673483,84.40334525,86.6089205,90.33069959,95.61738521,103.7217791,110.0174052,113.3218968,116.5565796,123.4782935,126.7827851,131.8609835,125.947897,114.2957764,97.77394473,92.17390215,85.55077027,73.63481549,68.34781683,63.37386209,60.16375689,55.89586907,55.53837583,50.88716645,46.19150774,42.60872015,35.23497076,32.41757554,30.05221572,27.26959968,24.93496047,24.34786692,22.46960344,21.87829479,19.19677118,18.74468698
208,,16.13851003,11.82562911,9.773521945,10.88653559,10.08655312,9.912664302,9.35615748,8.799650657,9.043126305,9.112681832,9.564855364,9.669188654,12.52124699,8.034477254,5.321529971,5.008498796,8.695317367,14.95594086,14.95594086,15.61678098,13.49511828,12.4169137,25.11204951,31.51190927,35.09423804,42.46800039,66.08432434,82.18821312,84.27487894,89.45742306,96.17006358,107.9957553,108.3087865,109.5609112,106.4305994,89.56166245,82.25770604,82.70972306,67.78877908,63.96259904,62.95401259,67.82352554,71.16231606,70.84928488,67.92776493,68.34503548,69.73645905,69.52766726,69.52766726,65.7365467,63.85835965,66.81462607,70.7450455,74.71021139,77.70122426,76.51859249,75.51000604,74.22313488,73.97959663,76.44909957,77.97950898,84.72720898,86.4313507,90.43126305,95.05723775,103.9610965,109.9086888,113.2477923,116.0303265,123.4732687,126.5340875,131.7166317,126.4298481,114.6389029,98.01350416,92.13540476,85.84003481,73.70131191,68.58857374,63.2322973,60.2409714,56.06732675,55.37177147,50.95458857,46.11982207,42.67647915,35.40726921,32.41625633,30.08577054,27.23371221,24.93816069,24.27732058,22.50346682,21.94696,19.33837731,18.50361708
209,,15.99936768,11.86040688,9.738744182,10.88653559,10.08655312,9.912664302,9.35615748,8.799650657,9.043126305,9.112681832,9.599633127,9.669188654,12.52124699,7.99969949,5.321529971,5.008498796,8.73009513,14.99071863,14.88638534,15.61678098,13.56467381,12.38213594,25.11204951,31.72038803,34.95525219,42.50274685,66.15381726,82.32719897,84.24013247,89.45742306,96.20481004,108.0999947,108.2392936,109.4914183,106.4305994,89.4226766,82.22295958,82.84902193,67.64948021,63.89310611,63.05825197,67.82352554,71.19706252,70.77979196,67.96251139,68.37978194,69.66696613,69.52766726,69.4929208,65.80603962,63.89310611,66.88443202,70.57100017,74.81445077,77.70122426,76.44909957,75.57949896,74.18838842,74.01434309,76.41435311,78.0490019,84.65740303,86.60539603,90.29196418,95.19622359,103.8221106,110.0479877,113.2825388,116.0998194,123.5778211,126.4993411,131.7513781,126.3256088,114.6041564,97.90926478,92.17015123,85.73579543,73.59707253,68.55382728,63.26704376,60.27603089,55.96308736,55.37177147,51.02408149,46.11982207,42.60698623,35.44201567,32.38119684,30.08577054,27.19893444,25.00771622,24.24251151,22.60780011,21.87740447,19.26882178,18.60795037
210,,16.80003381,11.82611037,10.78098982,10.60871389,8.869567123,9.460875772,8.452185673,9.113052679,7.617391468,8.000025044,8.278258474,8.417406494,14.99132868,10.33044916,7.791318666,8.278258474,10.9217578,13.66959467,15.09566622,16.00001878,20.0000313,28.20873142,32.55656704,42.39991986,52.83492568,66.81734514,79.13061444,86.00465739,91.11683548,98.71307647,108.0348981,109.6878795,99.9502335,97.37677313,97.11310903,93.76009415,88.7304191,76.66101101,67.58273751,62.95657455,65.91327431,68.62611287,72.09351095,68.78982885,70.08708882,68.90440891,68.73066954,68.17407746,68.20882533,69.07846133,65.94802219,63.58266238,68.44208932,73.98260728,74.45851539,75.11925181,75.89561864,73.90200694,71.86110868,72.73043162,75.13053931,82.35292276,87.79128736,92.00016278,89.27359683,93.73912172,94.57400984,95.61738521,98.64358072,109.7576778,114.8871164,112.0697211,110.4697537,95.30434129,84.62610035,86.36537233,79.61739773,74.22615545,68.51157462,67.60732663,63.12114231,60.0349357,56.86120466,55.60921713,49.66227636,44.83477542,40.62621305,38.33034898,34.29068646,30.53918684,28.62611287,28.06961471,24.13916054,25.38752144,21.3565445,22.46622764
211,,16.58956172,11.79007631,10.85104452,10.53803392,8.972980925,9.355542479,8.486061638,9.112082835,7.616580797,8.103500085,8.207826517,8.451286161,14.95495777,10.32934975,7.964366873,8.03394913,10.92059547,13.80724181,14.98973325,16.10596972,20.03267831,28.06662744,32.58784642,42.60418558,53.10756922,66.77549002,79.13358712,86.27922487,91.18439963,98.83991082,108.3508438,109.8030126,99.69028128,97.4813465,97.3090941,93.54234762,88.69317239,76.39467241,67.4765928,62.95125379,65.59324899,69.00152437,72.0278582,68.97109783,70.04839386,69.01102892,68.4131282,68.41034437,67.89110578,69.03701385,66.01193849,63.54493065,68.5145769,74.21918529,74.22081154,75.40435043,75.67931338,74.11611142,71.6130769,72.79249275,75.26505417,82.42963213,88.0671022,91.99181151,89.1396483,93.59309853,94.70886718,95.72224153,98.72852965,110.0318721,115.0046805,111.9093314,110.3053698,95.01624525,84.65210328,86.15522353,79.67872592,74.32248856,68.16682213,67.78432318,63.01936284,59.92400103,56.82895223,55.68114236,49.59465127,44.83000394,40.5524011,38.15254885,34.36167749,30.46635449,28.72742411,27.9622697,24.10181609,25.59731813,21.11081201,22.675865
212,,16.45221072,11.75603679,10.9217578,10.46956587,9.008715143,9.321350537,8.486592917,9.217390215,7.582612289,8.034452103,8.208700116,8.556523209,14.9565495,10.33044916,7.826097845,8.10436258,10.99083448,13.84349056,14.95589405,16.17323717,20.10348778,27.99879796,32.97385457,42.36331537,53.21513313,67.26674555,79.02259452,86.39633379,91.30057785,98.95228794,108.6909703,109.4910755,99.12633273,97.66542081,97.35239061,93.42198348,88.34400766,76.41411391,67.47553669,62.84957647,65.63210187,69.28391213,71.89270577,68.83189652,70.22300271,68.83189652,68.31007519,68.72765747,67.78856689,68.97088193,66.18835653,63.51038321,68.51886633,73.97936505,74.22290254,75.64906811,76.03159101,73.70108121,71.71866098,72.69249792,75.44027697,82.36168761,88.20502226,92.20492209,88.865829,93.77007306,94.4308798,95.89147869,99.09158637,110.1518823,115.0908727,111.7865259,110.0476432,94.46562615,85.0052276,86.222289,79.47492315,74.25764889,67.85805959,67.7535075,63.26684572,59.85825993,56.72795798,55.51058355,49.5977562,44.65907881,40.83291074,38.08544472,34.12029124,30.6769591,28.69444497,27.72057673,24.31202224,25.60004257,21.04257837,22.60772934
213,,16.66025994,11.79088826,10.81701392,10.57353751,8.973598868,9.356186768,8.521423921,9.077932485,7.617105329,8.034502404,8.277947511,8.486646048,14.88643193,10.39961685,7.791025994,8.208391766,10.88656967,13.77341481,15.02554342,16.03419563,20.10361364,28.0685603,32.59009065,42.57237303,52.97192728,66.64110237,79.16238856,86.22282881,91.23134328,98.57038215,108.2048858,109.7700466,99.89200391,97.31825353,97.24876039,93.59661424,88.79689222,76.44933888,67.64969198,62.88471652,65.73675248,68.65828158,72.3451743,68.72808775,69.98021637,69.0060603,68.62353501,68.27575629,68.13677001,68.9018206,65.87573876,63.68451367,68.62353501,73.97982821,74.36266653,75.33650957,75.75378143,73.97982821,71.64961685,72.8669989,75.16246369,82.43169638,87.82304918,92.17043975,89.0751778,93.80540669,94.57045728,95.75309276,98.70936843,109.7353,115.021787,111.9265251,110.465604,95.05753531,84.69272764,86.22282881,79.71895973,74.18862066,68.34524942,67.78899129,62.98895623,59.96318742,56.97185215,55.54567765,49.59806671,44.83309126,40.62468697,38.22466944,34.39879044,30.39889687,28.65984674,28.0685603,24.13825378,25.56430307,21.14707503,22.60787088
214,,16.55592632,11.75611039,10.88656967,10.50398177,8.973598868,9.356186768,8.486646048,9.217043975,7.617105329,8.034502404,8.208391766,8.486646048,14.99076555,10.26050536,7.930435381,8.069280276,10.95612541,13.80819268,14.95598768,16.17333843,20.0340579,28.0685603,32.7988831,42.57237303,53.04142041,66.9888811,79.09289542,86.25788841,91.26640288,98.91816087,108.3786187,109.6654938,99.40523891,97.42249324,97.45723981,93.45762797,88.65759291,76.34509917,67.5107057,62.71067064,65.77149905,69.07586647,72.10163528,68.79758089,70.08445608,69.0411199,68.31050285,68.41505559,68.13677001,68.86707403,66.15402434,63.33673495,68.65828158,74.01457478,74.29286036,75.47549584,75.82327457,73.97982821,71.61487028,72.76244616,75.47549584,82.25796354,88.17082791,92.10094661,88.97062506,93.70085395,94.60520385,95.78783933,98.8834143,110.0830787,115.0915932,111.7177326,110.2568116,94.77924972,84.79696734,86.32738155,79.51016728,74.22336722,67.9974707,67.78899129,63.23249524,59.75439497,57.00659872,55.58073725,49.56332014,44.72885155,40.55519383,38.12042973,34.32929731,30.53803967,28.76418036,27.82508389,24.20780953,25.59908094,21.07748798,22.64264875
215,,13.42610911,10.95609112,10.26047324,9.182237359,9.321759056,7.060605966,7.721760309,7.060893302,7.164939256,8.312730665,9.147831858,9.35615748,14.08640286,15.26897204,10.9217578,10.01740524,13.32122946,18.3304742,20.17310624,22.95560905,23.72081376,31.79019399,46.8851833,47.96326266,56.13681967,72.93626372,97.94401124,118.5693223,120.3082105,117.4561835,137.4554322,143.1942327,138.3250328,131.820871,124.5864076,108.2045471,109.0390882,102.1176559,80.90102893,76.6231449,74.81445077,73.56232607,72.20596199,73.00575664,74.53616606,69.45817434,71.09282313,71.82312487,68.97109783,70.01474377,67.02341786,66.15381726,66.39735551,69.00584429,70.18847607,69.73645905,68.44958789,69.14514316,69.94493782,66.01483142,64.76270672,71.19706252,72.93626372,75.82303722,81.73588308,85.59649656,85.80528835,90.1877248,87.78771478,98.81361185,96.34410891,94.8136995,82.22295958,74.84919723,71.16231606,68.44958789,65.24947019,61.84118676,57.38894436,56.69338909,51.05882795,49.45892561,45.32002742,44.83295091,41.25062215,36.10282448,30.53794407,28.38150361,25.32074739,24.13817822,19.75574177,21.25134212,18.05147485,17.94711025,18.15580814,16.38195438
216,,13.5644615,11.09502852,10.01684081,9.460342701,9.251679386,7.164827116,7.651739487,7.095272677,7.164827116,8.31260056,8.903844589,9.52989714,14.01662796,15.02526122,11.0602513,10.26031265,13.14710357,17.94682936,20.24237625,22.67700071,23.72044249,31.47667015,46.43212651,47.51050203,55.75342294,72.03078926,96.62088136,117.071827,121.3152112,116.7240548,134.7402821,143.0530079,139.4842705,132.38117,126.6900427,108.0288109,109.6286882,102.464792,81.69985789,77.4564737,74.70904208,73.38713212,72.20664008,72.59030393,75.1270116,69.3182245,71.47422855,71.40473671,69.5267967,69.94822221,66.60573031,66.36157039,66.60510483,68.76154284,70.39616605,69.2482987,68.52208375,69.3880298,70.295449,65.90956045,64.37917499,70.84839777,73.321083,75.27282973,81.70880984,85.46152353,85.22037485,90.23744224,87.86852297,99.00934919,96.26396473,94.75073176,82.5372826,76.03063901,71.05696452,68.5180084,65.52672931,61.84021887,57.49259693,57.00552804,51.09277473,49.17987116,45.63234438,45.45830177,40.86745841,36.45003162,30.53746611,28.52016828,25.77248624,23.99869155,19.92934997,21.25100951,18.08596954,17.91205214,18.0164151,16.55561538
217,,13.42560478,11.06045903,10.12136257,9.286631023,9.321408895,7.09540594,7.686692377,7.09540594,7.164961685,8.208391766,9.112710358,9.495298257,13.94733547,15.30379771,10.88656967,10.12136257,13.1473505,18.22542072,20.17316939,22.95568091,23.61652309,31.82504007,46.64179104,47.75493339,55.85870981,72.55396674,97.38774667,118.0131223,120.6914254,117.1087724,136.2384804,142.9862015,138.882037,132.0995693,125.6999399,108.1350796,109.1092357,102.3615146,81.17956777,77.21470249,74.71044526,73.42357007,72.03214214,73.11053791,74.74519183,69.35415206,71.40607783,71.64961685,69.0060603,69.9104102,66.88464139,66.36281679,66.53686267,69.0411199,69.98021637,69.66718421,68.41505559,69.28434589,69.94515677,66.11927777,64.58886357,71.02355254,73.07547831,75.89276771,81.21431433,85.6318241,85.77081038,90.01427427,87.96203546,98.67462186,96.3444105,94.67469698,82.53624912,75.68428829,70.91931283,68.41505559,65.5977662,61.59784133,57.31963087,57.07609186,50.88525493,49.52857358,45.38966243,44.90258439,41.18125814,36.2422368,30.64237328,28.24244966,25.49471602,24.2425874,19.75580362,21.28618652,18.1210871,18.05153135,18.05153135,16.38200566
218,,13.46038265,10.8517918,10.36483898,9.112710358,9.286631023,7.060628068,7.721470249,7.09540594,7.164961685,8.277947511,9.14748823,9.356186768,14.19078058,15.19946409,10.88697863,10.01740524,13.39082691,18.29497646,20.31231218,22.85134729,23.75566588,31.89453321,46.88533006,47.9634128,56.24154813,73.07547831,97.80501853,118.9174722,120.1696008,117.5611039,137.7688946,143.2644871,138.2907192,131.5429981,124.4127517,108.2048858,109.1092357,101.8744365,80.97108835,76.62338475,74.71044526,73.63204948,72.13638185,73.00598517,74.36266653,69.73667735,70.81476009,71.89315586,69.0060603,70.18869578,66.81483522,66.22383051,66.43230993,69.0060603,70.22344235,69.80617049,68.34524942,69.14535961,69.84091706,66.0845312,64.72816288,71.4408244,72.76244616,75.89276771,81.73613894,85.5967645,85.73606381,90.25750025,87.71849644,98.91816087,96.23985776,94.84874286,82.1534108,74.84943153,71.16253882,68.55404187,65.11068817,61.87612692,57.31963087,56.55458029,51.16322749,49.52857358,45.32016929,44.76359812,41.28549785,36.06819092,30.46845262,28.4511482,25.25127091,24.13825378,19.75580362,21.21663077,18.05153135,17.94716643,18.19064284,16.34722779
219,,13.56471627,11.06045903,10.05180682,9.425742512,9.25185315,7.23451743,7.582327457,7.09540594,7.199739557,8.277947511,8.90401182,9.564885305,13.98211334,15.09509917,10.99131616,10.2608908,13.18212837,17.94716643,20.27753431,22.7122358,23.65133226,31.44220174,46.4329986,47.5826749,55.78921667,72.03214214,96.65744265,117.1782656,121.2824301,116.7609937,134.7080662,143.0904413,139.4733547,132.3778549,126.6737829,107.9266002,109.6307473,102.5355605,81.70139237,77.35368877,74.67569869,73.42357007,72.27568116,72.58871331,75.05822398,69.38889863,71.40607783,71.51031754,69.4236452,70.01496294,66.53686267,66.36281679,66.64110237,68.76283432,70.4322348,69.14535961,68.58878844,69.38889863,70.25818892,65.87573876,64.38038415,70.91931283,73.24952419,75.301763,81.70139237,85.45777822,85.24898578,90.22275368,87.82304918,98.98765401,96.30966393,94.67469698,82.50150255,76.03206701,71.09304568,68.48454873,65.52796003,61.91087348,57.49367675,56.97185215,51.05898778,49.28503456,45.45915556,45.49390213,40.90297255,36.41596965,30.53803967,28.48592607,25.80774817,24.03392016,19.86013723,21.25140864,18.15586497,17.91238856,18.01675348,16.52114845
220,,13.56378217,10.95537095,10.08589011,9.494644389,9.251216046,7.129692811,7.720938531,6.9905596,7.199243766,8.312184251,8.903398669,9.564226645,13.94637502,15.16361064,10.88581999,10.29457427,13.14644514,18.05028828,20.24136247,22.71067178,23.6148968,31.78810435,46.15153469,47.71658768,55.71588654,72.20121573,96.7897633,117.2747419,121.1003575,116.8571858,134.9423121,143.0462913,139.4984944,132.1947051,126.5257702,108.1626904,109.4147328,102.4586983,81.66102204,77.31361784,74.70530052,73.31396841,72.16647156,72.75743557,74.98427107,69.41886452,71.50539317,71.29692811,69.41886452,69.9405591,66.84529138,66.26085868,66.47621254,69.02896509,70.27622787,69.18920273,68.64545301,69.31996043,70.35001691,65.97425129,64.23609806,71.19797555,73.21716036,75.44308,81.49362032,85.52191714,85.41101102,90.13092808,87.88090377,98.7781278,96.54473836,94.69218559,82.49762889,75.88754155,71.09104284,68.47983273,65.48870345,61.90661016,57.4897176,57.03741729,50.84669367,49.45567457,45.49076932,45.24756008,41.03913259,36.30922943,30.53593675,28.51873994,25.73642004,24.06704061,19.8935764,21.18039427,18.22416567,17.98070603,18.01551281,16.45045981
221,,13.28579656,10.99035283,10.32954375,9.042701708,9.286165924,7.164602845,7.616723844,7.129826714,7.199378975,8.242756799,9.18180623,9.251389793,14.224846,15.26825512,10.85124831,10.01652727,13.49448465,18.25928407,20.24174263,22.95453123,23.8240284,31.99717033,46.74368959,48.27402714,56.1341839,73.45463765,98.04364702,119.1860083,120.1752436,117.6847505,138.3212468,143.2159686,138.4407406,131.5007471,124.0560601,107.8935424,109.346985,101.7450051,80.58421395,76.7932714,74.67195873,73.6283618,72.13276907,73.00232884,74.25439475,70.08094606,70.42870737,71.99378975,68.93311464,70.53294185,66.46372765,66.11596634,66.7419993,68.93311464,70.18518055,69.76792958,68.27233686,69.07240697,70.04620123,65.80294987,65.00319277,71.43724646,72.8286047,75.81947714,81.73204537,85.62753543,85.80125958,90.14874543,87.88814043,98.91320679,96.37433014,94.80924776,82.04506185,74.49792157,71.61128362,68.27233686,65.17691691,61.873028,57.03848851,56.51700306,50.88270647,49.66538539,45.42213402,44.76135624,41.00515851,36.27516652,30.43215055,28.38017103,25.25000626,24.03271648,19.82436645,21.14601593,18.01585115,18.12017955,18.05062729,16.38118521
222,,13.35492029,10.95519949,10.36396303,9.042390362,9.285846195,7.12958123,7.651236529,7.094806296,7.199131096,8.277247929,9.181490095,9.251071262,14.22435623,15.23295449,10.85087469,10.05095733,13.49402003,18.22388046,20.24104569,22.98851582,23.82320812,31.99606865,46.74208017,48.16813414,56.20504216,73.41782453,97.98795969,119.1878742,120.1080032,117.6396722,138.3092258,143.1081077,138.4491327,131.4439236,124.0647907,107.8517053,109.3882355,101.8065368,80.51623647,76.86042763,74.70974366,73.59108309,72.20031175,72.93055634,74.25230295,69.97430223,70.46984908,72.0278582,69.00022849,70.42628246,66.46143926,66.18773497,66.70516649,68.96548486,70.15834158,69.77076871,68.20455513,69.17729107,69.97430223,65.90543442,64.90555288,71.46953046,72.82769285,75.87203386,81.7200665,85.67783504,85.75619714,90.17076088,87.92006413,99.01771987,96.33891639,94.91230872,82.00457792,74.65512815,71.50830294,68.30601264,65.14135647,61.83944457,57.03813143,56.5189491,51.01992907,49.66367538,45.31633921,44.82930234,41.00374668,36.20817029,30.43110275,28.41396882,25.31868675,23.99711409,19.85845882,21.14528786,18.01647149,18.11955566,17.98042462,16.38062119
223,,13.53044665,11.06087452,10.05218442,9.495298257,9.182266102,7.23451743,7.617105329,7.09540594,7.165230839,8.312756686,8.938820996,9.495298257,13.98211334,15.1304454,10.95653698,10.29566998,13.1473505,17.98194431,20.24275644,22.74701367,23.61741025,31.58268742,46.29575137,47.68512722,55.7544701,72.10163528,96.65744265,117.2480717,121.1781904,116.8304868,134.7778724,143.0904413,139.4733547,132.3431083,126.6390364,107.9960934,109.491761,102.570307,81.6666458,77.38843534,74.67569869,73.42357007,72.20618802,72.62345988,74.98873084,69.45839177,71.51031754,71.33658469,69.49313834,69.98021637,66.6063558,66.29332365,66.64110237,68.9018206,70.32799509,69.18010618,68.48454873,69.4236452,70.25818892,65.91079836,64.31057798,71.09304568,73.18003105,75.23195683,81.73613894,85.38828508,85.31879195,90.25750025,87.85779575,98.8834143,96.30966393,94.70975659,82.57099569,76.03206701,71.09304568,68.41505559,65.49321346,61.87612692,57.49367675,57.04134529,50.98949464,49.28503456,45.49390213,45.45915556,40.93771912,36.34647651,30.57281754,28.52070395,25.73819243,24.06869804,19.82535936,21.28618652,18.19064284,17.87761069,18.08630923,16.45159271
224,,13.56475873,11.06049365,10.05183829,9.49532798,9.182294846,7.234540076,7.617129173,7.06065017,7.199762095,8.312782708,8.938848977,9.49532798,13.98215711,15.1299244,10.95615971,10.26053748,13.18216963,17.98200059,20.2428198,22.74708488,23.61659702,31.51210656,46.36524712,47.65052981,55.78939131,72.03236763,96.65774522,117.213379,121.2133164,116.8308525,134.7432346,143.0908892,139.4737913,132.3782692,126.6394328,107.9964314,109.5268504,102.6053748,81.66690144,77.31918424,74.71067913,73.35399352,72.31065408,72.58894054,74.98896558,69.42386252,71.47579471,71.40630136,69.49335587,69.98043543,66.6065643,66.29353117,66.67605766,68.83254292,70.36296192,69.18032274,68.51950979,69.42386252,70.25840885,65.91100468,64.3107793,71.02377487,73.18026013,75.26693901,81.7363948,85.42329906,85.28399931,90.25778279,87.78826439,98.9532172,96.30996541,94.71183194,82.53702423,76.03230502,71.1280149,68.45001643,65.4586718,61.91106729,57.45911005,57.00677717,51.02440093,49.32024855,45.45929787,45.49404454,40.90310059,36.38133696,30.57291324,28.52079323,25.738273,24.0339954,19.8601994,21.25147517,18.19069979,17.87766665,18.12114382,16.41683492
225,,13.49520277,10.92138173,10.12139425,9.425772018,9.217072827,7.164984114,7.72149442,7.026082819,7.199762095,8.243195442,8.973626958,9.530105962,13.94737913,15.26906763,10.85219945,10.22611162,13.14739165,18.19069979,20.2428198,22.67749761,23.54704105,31.99887308,46.46789063,47.54628977,55.71989795,72.34540076,97.10976507,117.5614719,120.8655366,116.9701523,135.5086006,142.9866491,139.3692382,132.1347295,126.1523532,108.3442112,109.248564,102.3270883,81.63215476,77.04089778,74.91915919,73.52803994,71.82357453,72.76267393,75.05845894,69.24981609,71.58034778,71.47579471,69.24981609,69.91062904,66.78029769,66.36302453,66.43251788,69.28456277,69.84113568,69.45860919,68.69324318,69.0760827,70.1889155,66.11948475,64.34583901,71.16276158,73.00621371,75.54522546,81.45810834,85.49279241,85.70158551,89.8752563,88.03180417,98.81423049,96.41420544,94.71005306,82.53650749,75.64977853,71.19750826,68.38021005,65.31968509,61.87632061,57.56335008,57.07627052,50.9201609,49.49398194,45.35505783,45.11151805,41.21613373,36.06830383,30.57291324,28.52079323,25.59916107,24.13832934,19.89500869,21.11233194,18.22547777,17.98200059,18.12114382,16.45164421
226,,11.65123486,10.08614267,10.01658998,9.286224059,8.625410837,8.347168748,7.860237268,7.895013616,8.3123924,7.651547876,7.37333709,8.486274142,18.08551664,16.45221072,15.65219569,11.79037155,15.92916393,20.41575109,23.23291702,27.44129339,34.01477447,41.87498044,52.83062572,61.38635866,75.08967978,91.99267537,110.7737816,122.1466804,116.2688202,128.302814,127.4332488,87.61041725,130.7722165,129.7984161,116.1645851,118.947006,104.5134128,103.2613391,81.73255705,81.45428366,82.7758475,80.2717,81.31530347,81.76730209,79.15891946,75.47218831,76.80300169,75.1564193,73.87235108,73.28105925,70.22036498,71.29871349,73.66356778,72.72451247,73.45509751,72.65502238,72.58553229,68.09903903,67.95974583,63.75152596,62.46959571,68.37699941,71.71596707,72.13322065,74.25532448,79.58602028,72.95430493,77.87258818,80.58471844,82.17139492,79.19663931,76.06348014,66.53602955,65.00359971,60.44730335,58.08244906,60.44730335,57.49205703,57.03884559,55.60144925,51.36976868,50.18718503,46.77872727,46.88327542,40.41412339,36.06661032,33.11510859,27.58039879,27.09349861,24.7980092,21.73737753,23.6502958,17.98115629,17.18123767,16.86821924,17.11168498
227,,11.82570315,10.08661627,9.912726362,9.390994037,8.660593824,8.277973423,7.825828364,7.999749573,8.312782708,7.547573211,7.408461286,8.521450596,18.05158786,16.48642219,15.61687875,11.89566872,15.82557794,20.34715375,23.16445196,27.47735988,34.01637163,41.73764693,52.65905996,61.45873441,74.88441252,91.64921507,110.2571567,118.1177318,120.3437104,127.0219593,124.6566809,91.64921507,130.7820414,129.7347044,116.0310529,118.8830978,105.2138799,103.4749808,81.97993458,81.38861498,82.74498756,80.10173577,81.66690144,81.49285502,79.2668764,75.61503185,76.55413125,75.37149207,73.98005979,73.04096039,70.3977086,71.16276158,73.94785941,72.6584339,73.49329327,72.41489412,72.62368722,68.17172998,68.17172998,63.61521967,62.22410042,68.38021005,71.89338091,72.24116073,74.18885289,79.44092282,72.93672035,77.63221737,80.76254872,82.18872768,79.19738304,76.03230502,66.57181763,65.42392512,59.96844359,58.22416303,60.31115494,57.91112989,56.86779046,55.44161149,51.71996056,50.22428824,46.74617708,46.81598347,40.45076771,36.10305051,33.07727223,27.65124978,26.99040553,24.86872956,21.91231942,23.40792913,17.94722261,17.35593433,16.86901128,17.04290119
228,,16.38174926,12.03414501,11.12987188,11.23420386,10.36467675,9.077790403,9.529926971,7.512654127,8.382181237,8.556067877,8.590845205,10.60814935,16.69477651,10.50381737,7.964790694,7.721349398,11.8950357,13.7384219,15.12964024,17.18172171,17.59908095,20.59024419,30.98969827,38.78063363,44.83238956,58.29256153,76.65693152,90.74315801,89.07378365,96.30815655,107.3683486,116.2720958,113.2463744,112.5855738,99.79136776,92.65606756,90.15184952,80.76103186,74.07862062,70.32689436,71.09193297,74.3264436,71.82222556,71.09193297,72.99681696,70.8831438,72.65706925,71.64849543,74.74402196,71.02244092,69.59628875,70.04861313,74.46574073,76.03087701,80.79577789,75.96138496,76.41339631,79.40468477,76.58743947,74.53523278,77.0047048,84.4826129,89.10852968,87.12581504,87.05632299,85.42169467,88.69095132,91.43870457,92.83011072,92.37778633,88.06682652,101.5636299,85.10866741,77.03945082,84.37837483,85.03917536,80.27396145,78.67407915,72.06576077,68.83125014,61.84041244,59.92718986,55.51006226,54.6755316,51.40596192,42.95422602,37.21549735,33.28512714,33.42442426,30.781003,27.30292587,25.70301226,24.31179393,23.58137613,21.59888061,19.02510792
229,,16.45164421,11.96481508,11.06049365,11.44311405,10.29531546,9.00840494,9.564915246,7.408461286,8.486672614,8.451894633,8.764927768,10.46920537,16.66031209,10.60834859,7.930162308,7.721760309,11.89525911,13.94737913,15.06036844,17.2168224,17.49507755,20.59063092,31.09461426,38.88560204,44.93778466,58.57194284,76.72786464,90.95365544,89.11020332,96.41420544,107.9269381,116.4483261,112.9007215,112.309402,99.75332989,92.58831447,89.73626958,80.90153543,74.11935953,70.25840885,70.91953483,74.46713935,71.58034778,71.16276158,72.83248032,70.78023509,72.867227,71.61509446,74.7454258,71.02377487,69.66740229,70.04992878,74.50188602,76.10179838,80.65830868,76.03230502,76.48432487,79.40617614,76.69311797,74.43239267,76.83210468,85.1450126,88.5536304,87.30149786,87.02321141,85.31905902,89.00704336,91.544662,92.79679454,92.13598159,88.13801264,102.1198936,84.24092358,77.24969088,84.37995962,85.24925263,80.24072248,78.22353696,72.13660766,68.93678296,61.63278083,59.92831541,55.58091124,54.78079855,51.19844736,42.60725298,37.35518305,33.42505204,33.2857523,30.64246921,27.26866069,25.80782896,24.2078853,23.51226307,21.84276346,18.71243211
230,,16.20872516,11.86088955,11.1299764,11.23430936,10.32999643,9.147831858,9.390905847,7.373937216,8.626112871,8.452185673,8.590925881,10.64349307,16.76525463,10.57347132,7.825754872,7.68698113,12.00000626,14.05219694,15.40803486,16.90363052,17.66957589,20.59133995,31.82623558,38.53914927,45.80664751,58.85225579,77.31845814,91.16127942,89.77017323,96.62209117,108.8997615,116.3777398,113.2176532,111.5082421,98.63925774,92.72643039,88.97396727,80.41401374,74.43495574,70.22300271,71.1620933,74.39694733,71.09260059,71.75340733,72.76199062,71.33926447,71.86110868,72.24048232,74.25764889,71.37401235,69.07543402,70.43179385,74.39694733,76.58815869,80.06623719,76.55341234,75.78805352,79.92693875,76.58815869,74.67523117,76.69575888,85.24845207,88.97006805,87.47440978,86.74411034,85.59622861,89.70068053,91.33532421,92.79592309,91.82208616,88.03097747,103.0564268,82.08340377,78.36178778,84.17037607,85.3877505,79.68371429,78.70956432,70.88380945,69.17967307,61.38866455,60.51906667,54.84977681,54.81743279,50.84987698,42.9546294,36.6245328,33.70302199,32.93766317,30.57262614,27.4087477,25.70325364,24.06854735,23.26958716,21.9468913,18.851367
231,,16.17343968,11.82574017,11.09530637,11.26922812,10.29534769,9.1475455,9.425801524,7.443262567,8.521477271,8.48669918,8.730177115,10.46923814,16.76472982,10.64315989,7.756296681,7.686740501,12.03440871,14.08653515,15.33867161,16.90384218,17.70383216,20.59069537,31.89473289,38.60743644,45.77247428,58.95465388,77.35417306,91.16242088,89.77129728,96.58855422,109.1099188,116.3444502,113.387843,111.1966042,98.60574605,92.76233824,89.00592887,80.41502063,74.50211924,70.05014807,71.16298434,74.36313209,71.12823756,71.75430578,72.7629017,71.40652488,71.719559,72.48492741,74.01503816,71.40652488,69.14579251,70.32843539,74.57161281,76.62386447,79.85844597,76.58911768,75.89324285,79.75420561,76.76285162,74.67616621,76.72810483,85.14527913,89.17997583,87.30177115,86.84943685,85.52780682,89.77129728,91.26697427,92.93638521,91.71899554,88.03207974,103.2038017,81.91069763,78.39751576,84.10193643,85.35407289,79.64965222,78.81510327,70.78045665,69.14579251,61.56348019,60.51982445,54.60692306,54.88521039,50.9203203,42.85092689,36.65973818,33.63363739,33.00756916,30.53823086,27.37308032,25.73835357,24.03407063,23.30363683,21.9471661,18.85160305
232,,16.31127555,12.03346699,11.1292448,11.23357091,10.36409279,9.077278945,9.564196708,7.477455482,8.416484339,8.520810445,8.65994322,10.53800093,16.6938359,10.50322556,7.999148614,7.686138995,11.89436551,13.84197396,15.12878781,17.11120293,17.56331402,20.62385947,31.02272763,38.8479368,44.82986362,58.3240213,76.69479853,90.72999671,89.19924229,96.36582808,107.5329148,116.3168805,113.1687462,112.439688,99.94896442,92.50403118,90.20805611,80.74549525,74.01642834,70.42716423,71.08792753,74.21802372,71.81840377,71.02577587,73.00095781,70.91442916,72.61845886,71.65051401,74.71676022,71.0184394,69.66304093,69.90537719,74.56624421,75.92402464,80.86881392,76.03135301,76.38295408,79.36621217,76.55868468,74.77455482,76.68999712,84.6868955,89.0712743,87.09406793,87.09870301,85.43934626,88.81079253,91.46046308,92.81713293,92.29550542,88.15567419,101.723312,84.92008078,77.02278747,84.35334963,85.24311533,80.30449576,78.49641758,72.02695639,68.86211613,61.83692825,59.85432532,55.68096808,54.49841774,51.36832155,42.91706184,37.2828887,33.28325179,33.42254107,30.74449338,27.2666122,25.73633948,24.27564879,23.61482288,21.7019898,18.9196786
233,,16.45169571,11.93007444,11.09530637,11.40834048,10.29534769,9.008433139,9.599723278,7.408484477,8.48669918,8.45192109,8.730177115,10.50404753,16.66036425,10.6083818,7.930435381,7.721760309,11.89529635,13.9126134,15.06041558,17.2168763,17.49513232,20.62547346,31.0947116,38.88572377,44.93792534,58.50263262,76.76285162,90.91888034,89.11048226,96.41450725,107.8577823,116.379197,112.9705685,112.2750067,99.78838894,92.58860431,89.84079085,80.90178868,74.01503816,70.36318218,70.91975684,74.43262567,71.65006542,71.12823756,72.8674551,70.71096308,72.90220188,71.61531864,74.74565978,71.0239972,69.66762038,69.98065449,74.53686603,76.1020366,80.69330796,76.03254303,76.41507071,79.37167793,76.72810483,74.46737245,76.76285162,85.14527913,88.58865439,87.26702436,87.09297739,85.28426628,89.04067565,91.51020178,92.79708503,92.1710168,88.13663313,102.1186149,84.17143,77.28467948,84.38022376,85.21477271,80.27572045,78.25852861,72.0673399,69.04155215,61.56348019,59.96356283,55.58108523,54.74622324,51.23335441,42.64213314,37.35529998,33.42515667,33.32060328,30.64256513,27.26874605,25.77313166,24.20796108,23.54711476,21.80805374,18.74726878
234,,16.17343968,11.86051826,11.09530637,11.23445003,10.33012578,9.1475455,9.425801524,7.338896993,8.625842844,8.45192109,8.695399025,10.53882562,16.76472982,10.60871389,7.791074771,7.68698113,11.99963062,14.12131324,15.33867161,16.90384218,17.70383216,20.55591728,31.89473289,38.53794287,45.7377275,58.95465388,77.31942627,91.16242088,89.77129728,96.65804779,108.901125,116.3444502,113.3530962,111.3706512,98.60574605,92.72759145,89.04067565,80.31078027,74.50211924,70.18913521,71.19773113,74.32807227,71.23279095,71.61531864,72.8674551,71.26753774,71.82379936,72.38037401,74.15433834,71.40652488,69.11104572,70.36318218,74.43262567,76.65861126,79.99774615,76.51931107,75.7542557,79.92793955,76.65861126,74.710913,76.65861126,85.21477271,89.11048226,87.37126472,86.77994328,85.56255361,89.77129728,91.23191445,92.86689163,91.92778929,87.92783938,103.092464,81.9801912,78.36276897,84.20617679,85.3193261,79.68471204,78.7456097,70.88469701,69.1805393,61.45892679,60.58963106,54.67672967,54.8504636,50.9203203,42.85092689,36.69448496,33.59889061,33.00756916,30.53823086,27.37308032,25.73835357,24.06884872,23.30363683,21.9471661,18.85160305
235,,16.41570442,12.06834921,11.23364123,11.059732,10.46848443,9.216438116,9.459898522,7.547053466,8.346985855,8.590414959,8.416537028,10.71194483,16.41570442,10.88585407,7.929616217,7.720962698,11.5814284,13.84206062,15.05933134,17.14608563,17.4938728,20.72831534,30.88381949,38.25690112,44.58662126,57.97663056,75.54049613,91.04480883,89.01317355,95.83103673,106.7098726,115.9527322,113.4471494,113.3485346,100.1036526,93.00500537,90.39085756,81.24505044,74.21848834,70.07984925,71.50561699,74.00970962,72.02740729,70.77536098,72.93169774,71.19260541,72.23618602,71.95791872,74.60098849,71.40138414,69.41908181,69.80158196,74.3227212,76.02706924,80.68749863,76.1313021,76.82681382,79.12244074,76.58360383,74.46201135,77.20962698,84.02608012,89.31253267,87.02757021,86.73922298,85.52593274,88.471823,88.93420814,89.6463089,89.64411329,96.46827869,90.25298341,94.93371168,79.03150065,84.374149,84.47838186,81.13948735,78.07886014,72.96644203,68.37550121,61.87205965,60.48072318,55.71606094,54.60299176,51.57742185,43.05662066,37.17888925,33.45749459,33.7010176,30.46644985,27.54501889,25.56262266,24.58881234,23.68455319,21.73690125,18.95460393
236,,16.20740602,11.92947695,11.09475068,11.26866372,10.29483207,9.147087363,9.355776755,7.408113438,8.590603187,8.52105049,8.590603187,10.64262685,16.72908254,10.6078505,7.82546092,7.686355526,11.99902964,14.01627696,15.30312705,16.97254828,17.73772185,20.52011143,31.7538423,38.43177763,45.80492691,58.77797602,77.24606379,91.26240336,89.49300995,96.70066494,108.7290901,116.5053194,113.2580694,111.5475277,98.97645438,92.53417324,89.22868843,80.37624816,74.3243497,70.32821524,71.09059778,74.46644003,71.0282217,71.92812759,72.66412046,71.09326822,72.07298022,72.17596013,74.46364291,71.15942029,69.21181958,70.11612984,74.77666135,76.49510034,80.09947913,76.51907154,75.90037067,79.86244592,76.48073372,74.7419163,76.83066165,85.19736121,88.75908936,87.36688891,86.83344553,85.61177207,89.76680126,91.33189345,92.7160633,91.93958918,88.03070191,102.9200188,82.42808401,78.1851191,84.2019595,85.45403324,79.61091808,78.70660782,71.0204401,69.14232948,61.35161361,60.37781325,55.05649983,54.74348139,50.9525151,42.81403575,36.79719535,33.66701099,32.93642596,30.60625411,27.47606974,25.66751182,24.06764328,23.26769337,22.01561962,18.78110621
237,,16.20821777,11.99963062,10.9909721,11.40834048,10.15620402,9.112767409,9.495357704,7.373706387,8.626112871,8.417143,8.695399025,10.50404753,16.76472982,10.64315989,7.825852861,7.756539487,11.89529635,14.05175706,15.16474985,17.04295454,17.80816643,20.3478544,31.61644556,38.64218323,45.63348714,58.71142637,76.83234519,91.09292731,89.35370977,96.83178173,108.1708165,116.7269779,112.8312684,112.1009598,99.26656107,92.37981055,89.14522905,80.76280153,74.2585787,70.46742254,70.84995023,74.32807227,71.3717781,71.65006542,72.65866134,71.12823756,72.27613365,72.03259311,74.6063596,70.95450362,69.28477966,70.29368861,74.64110639,76.48456429,80.24097366,76.13678339,76.34557714,79.64965222,76.51931107,74.74565978,76.86740501,84.8669918,88.69289475,87.33651793,87.09297739,85.42356646,89.49300995,91.40596142,92.55385752,92.27557019,88.06682652,102.7794299,82.88454676,78.01498807,84.13668322,85.18002592,79.96268633,78.36276897,71.65006542,69.04155215,61.66772055,59.92850301,55.33754469,54.81571682,50.95506708,42.64213314,37.11207247,33.52939703,33.18161613,30.43386528,27.51222398,25.73835357,24.17318299,23.23408065,22.08630977,18.78204687
238,,16.38144159,12.06872697,11.26876954,11.02530152,10.53839677,9.21672661,9.460194637,7.582066379,8.312470459,8.555907183,8.486353833,10.67750347,16.41621826,10.88619482,7.999449082,7.790757731,11.40787624,13.80771723,15.09457941,17.04226102,17.49442039,20.72896418,30.71087155,38.22335327,44.51852617,57.76997311,75.02089418,91.3373256,89.22645361,95.24826314,106.5037596,115.6033276,113.6527299,113.4378591,100.3969956,92.98335692,90.5420212,81.467034,74.43612082,69.77491861,71.5456011,73.70384979,72.49173512,70.53404577,73.21569438,70.67798626,72.51876616,71.96625344,74.78017248,71.36887378,69.39063635,69.6367023,74.43635385,75.78900249,80.89849656,76.2839638,76.55676738,78.84664144,77.01000817,74.54620023,77.07685084,84.03239287,89.2191912,83.33656802,82.64514554,88.06682652,85.90683858,88.93365137,89.62947196,89.60650677,102.6137264,84.06376871,94.88022237,86.77641196,84.27224095,84.68981147,81.0030457,78.25534406,73.11465762,68.38149439,62.08285728,60.72614699,55.64831422,54.43097409,51.50954559,43.26644067,37.31903452,33.562778,33.66732714,30.32829682,27.78934913,25.56342283,24.45044402,23.78962459,21.70280498,19.0247506
239,,18.64281779,15.3043726,13.56471627,13.35604903,11.54741185,10.22611162,11.37349119,9.182611037,10.60831539,9.947846884,9.460520385,10.71305143,8.869567123,5.599800912,4.173751628,3.721747787,8.069583401,12.3821747,13.04301688,13.11257262,11.51306645,8.313068957,14.36524086,19.72176657,25.56430307,31.09451693,42.22618049,56.97185215,59.16307723,61.87612692,72.24093459,80.90128218,81.35361364,81.49259992,77.45792848,70.12183669,70.46698137,69.84091706,65.80624562,62.43238505,67.78899129,71.75385656,69.80617049,72.06688871,71.26709156,75.02347741,73.59730291,72.62345988,71.99739557,75.61479515,70.9540594,75.33650957,74.57114595,79.47542072,80.83178904,83.30129971,79.82319944,86.57092056,84.72747421,84.76222078,89.59668937,88.34456075,94.50096414,95.16177502,97.66603225,103.5788966,109.7353,108.1701392,111.2654012,127.0215617,124.8650831,123.3346689,116.4827081,104.9005184,98.7791746,96.37915707,90.57053241,89.10992437,78.2232921,78.36227837,72.27568116,68.86707403,66.6063558,61.73682761,54.46759491,50.43292347,43.89399479,39.40730492,36.83355454,34.74656917,31.72048733,30.364119,28.66092335,26.81743905,24.13825378,24.17303165
240,,18.6777126,15.19955925,13.56480119,13.39091074,11.51270605,10.29534769,11.30400621,9.18232359,10.6083818,9.947535482,9.460579614,10.74749416,8.869289475,5.56505788,4.173777758,3.721631283,8.069330796,12.38225222,13.04309854,13.11265472,11.54748414,8.277999336,14.36479117,19.72114921,25.59924121,31.0947116,42.25960545,57.07644919,59.05920727,61.98075466,72.27613365,80.72805474,81.52785691,81.45836333,77.45841342,70.01540128,70.67621629,69.84135431,65.63292368,62.46783574,67.75435587,71.75430578,69.77186074,72.17189329,71.23279095,74.98920032,73.66725726,72.55442098,71.99784633,75.68476213,70.88469701,75.30223444,74.67616621,79.40642471,80.79754832,83.44112141,79.68471204,86.67570292,84.62345126,84.93648538,89.56250352,88.31036706,94.43206221,95.44065812,97.59715014,103.4753047,109.7009272,108.24031,111.3359044,127.0918505,124.9006117,123.1964539,116.5189136,104.7274412,98.77979302,96.41450725,90.53635265,89.28421619,78.08448165,78.32802219,72.27613365,68.83275839,66.60677281,61.8067077,54.39844234,50.467986,43.85952281,39.33805806,36.86853193,34.67729313,31.82523931,30.43386528,28.52088251,26.78182148,24.20796108,24.17318299
241,,18.53862697,15.37349782,13.56484365,13.35617446,11.54752029,10.26060172,11.3388198,9.217130533,10.60841501,9.947566622,9.42583103,10.67797141,8.904095438,5.634631699,4.173790824,3.721642933,8.034577857,12.41706918,13.00836117,13.11269576,11.54752029,8.312834752,14.29527974,19.72121094,25.59932134,31.09480894,42.12075016,56.97238717,59.23312663,61.80690117,72.24161301,80.93710186,81.28488385,81.38912453,77.56320961,70.11986114,70.39814934,69.91106673,65.8763574,62.39822446,67.89386858,71.65028971,69.73733225,72.20686611,71.12846021,75.02418196,73.56324718,72.65888879,72.06756549,75.54569843,70.95472573,75.44145774,74.39811177,79.47616707,80.90204193,83.302082,79.75445527,86.67597424,84.69352299,84.76301678,89.49329009,88.41488419,94.46710471,95.19741558,97.66694944,103.5103755,109.7363305,108.2753958,111.0579647,126.8834539,124.9704964,123.5098747,116.4143082,104.9362504,98.71029541,96.44955596,90.64118978,89.11076121,78.25877359,78.25877359,72.45009438,68.76348007,66.6764751,61.73740738,54.46810642,50.3291564,44.06845451,39.40767499,36.86864734,34.74689547,31.75553211,30.36440415,28.55574999,26.92101812,24.10370227,24.24281506
242,,18.71307647,15.02559046,13.56522583,13.39132994,11.51306645,10.29531546,11.30436008,9.112738883,10.74783061,9.877948381,9.460875772,10.71268254,8.938848977,5.495673733,4.173908416,3.686968608,8.139141759,12.34740417,13.04305771,13.21694761,11.51267002,8.277973423,14.36474621,19.79064344,25.66871703,31.16420153,42.32896652,57.04152385,58.98921601,62.32834045,72.17166737,80.93659514,81.63215476,81.28437495,77.35393091,69.94537572,70.91953483,69.73689565,65.52816516,62.53713356,67.82395017,71.82357453,69.77164233,72.06959592,71.26731465,74.98896558,73.52803994,72.72792725,72.0671143,75.54522546,71.02377487,74.98896558,74.95390587,79.33636975,80.72780204,83.26681379,79.99749573,86.53613185,84.76248611,85.11026592,89.21444335,88.17110391,94.77954641,95.33611933,97.73583134,103.6834609,109.6310905,108.2399712,111.5092893,127.4044858,124.969714,123.0220219,116.1700396,104.3442738,99.13067705,96.24015902,90.29252946,89.6664632,77.70171073,78.39727035,72.38014744,68.62374982,66.57181763,61.98056064,54.18947896,50.32884131,43.82463884,39.33928952,36.93790988,34.67718458,31.75642679,30.46959718,28.55655451,26.57395349,24.31225055,24.17310732
243,,13.39095266,10.71274961,10.15623582,8.83453904,9.286718234,7.025884872,7.512842265,6.991106673,7.19980717,7.999799658,8.904095438,9.286718234,14.19091384,15.26916323,10.71274961,10.05190122,13.63443136,18.08647908,20.06902424,22.88634009,23.89500177,32.10362714,46.71172285,48.20740453,56.13752258,73.49375338,98.15403205,119.1968772,119.8924411,117.5622079,138.3962586,142.5352086,138.257271,130.8139225,123.1968396,107.3362905,109.4580423,100.3800246,80.17173105,76.27632234,74.18931736,72.79818941,71.68503661,72.65888879,73.42425959,69.80682604,69.87631983,70.95472573,68.58943256,70.11986114,65.80686361,65.25028721,66.29394621,67.89386858,69.52853784,69.14600896,67.65032728,68.55468567,69.11126206,65.00705894,63.92865304,70.46764313,71.09371332,74.60659315,80.34577857,83.92815219,84.27593417,88.9019668,85.84110965,97.11037304,94.29305719,92.62364104,80.97184875,73.35445277,70.67643754,66.88526951,64.27643503,60.72880831,56.17226947,55.9290412,50.50289088,49.07701602,45.0075598,43.9291539,40.62506848,35.89479517,30.08614726,27.9296798,25.11236395,23.44285388,19.44295405,20.90379492,17.77344398,17.77344398,17.70388758,16.20826851
244,,13.25180856,10.81711551,10.15623582,8.869317239,9.286718234,6.991106673,7.512842265,7.025884872,7.130250772,8.034577857,8.938904941,9.217130533,14.22569204,15.26916323,10.74752781,10.01712302,13.59962185,18.15603547,20.06902424,22.81678369,23.86022357,32.06856721,46.71172285,48.20740453,56.03328189,73.49375338,98.08422522,119.1273834,119.8924411,117.527148,138.1874642,142.7092561,138.1179704,130.8486694,123.2663334,107.5798318,109.3187417,100.6583128,80.03274347,76.24157544,74.36336488,72.72838258,71.65028971,72.69363568,73.49375338,69.66783846,69.80682604,71.16320711,68.51993877,70.18935493,65.77211671,65.32009404,66.29394621,67.85912169,69.59803164,69.07651517,67.4765928,68.65892635,69.14600896,65.07655273,63.85915925,70.32865555,71.16320711,74.71114687,80.13698416,83.92815219,84.31068107,88.9019668,85.87585654,96.97138546,94.43235781,92.65838793,80.97184875,73.31970587,70.81542512,66.81546268,64.31118193,60.7635552,56.06802879,56.03328189,50.6074446,48.9724623,45.04230669,43.894407,40.65981537,35.89479517,29.94703446,28.0688239,25.00802935,23.58196667,19.40817585,20.97335132,17.73866578,17.73866578,17.73866578,16.24304671
245,,13.42510048,10.74702318,10.08620582,8.868900798,9.286282194,7.025554985,7.477712948,6.990778419,7.199469117,8.034200609,8.868900798,9.355835326,14.15547097,15.26844629,10.71224661,10.01665269,13.63379118,18.22473612,20.03330537,22.81571237,23.85910326,32.20635557,46.81407841,48.10090525,56.03065096,73.80332302,98.18970105,119.1942186,119.8552136,117.8371591,138.5156167,142.6387179,138.3640138,130.6402978,123.194945,107.277207,109.4876482,100.2789239,79.99424042,76.34223146,74.22057921,72.93375236,71.64692551,72.51649617,73.38575382,69.87303893,69.87303893,70.81210012,68.82974195,69.97758774,65.83851904,65.10824245,66.46455983,67.85593549,69.35154695,69.18097242,67.82373785,68.48197629,69.03852655,65.17773298,63.78667034,70.46433446,71.12556579,74.57161281,80.34200609,84.02844729,84.27989156,88.94729427,85.85105317,97.12709535,94.27778839,92.67840593,80.99010273,73.1439107,70.74260959,66.84738378,64.30816232,60.76070217,56.10014149,56.03065096,50.39628382,49.03996644,45.04019182,44.0316401,40.48386693,35.8931098,30.11951119,27.82403871,25.14596141,23.44175316,19.47681771,20.86803686,17.77260946,17.77260946,17.70305633,16.17273092
246,,13.25039829,10.81596434,10.15515498,8.868373361,9.285729936,6.990362675,7.512042744,7.025137173,7.199040963,7.964142516,8.937953657,9.250955438,14.18940364,15.26753827,10.74638405,10.01605699,13.59817457,18.1541033,20.06688848,22.88390451,23.78947566,32.06515445,46.70675176,48.23701747,56.06206199,73.45716692,98.14358644,119.149449,119.8449389,117.5245727,138.3227608,142.6437811,138.2303024,130.8839047,123.252421,107.4698954,109.4150753,100.4804908,80.16319913,76.24491687,74.28565169,72.72360192,71.58169223,72.75880202,73.45118894,69.69909443,69.86975833,71.0558524,68.55683174,70.11612984,65.8346036,65.28146442,66.25214797,67.88791822,69.56938248,69.14427739,67.47173497,68.65806666,69.105205,65.07105296,63.94086264,70.30381205,71.23212201,74.63907001,80.26584835,83.9599539,84.27574674,88.89226366,85.9501544,97.04805599,94.47080229,92.70481971,80.93725925,73.37765225,70.83205481,66.84445446,64.26979586,60.72918851,56.06802879,56.0273188,50.56731573,49.03797096,44.96802687,43.92722879,40.65548833,35.89861592,29.94412866,28.06689099,25.04014248,23.54748332,19.37133592,20.97111933,17.77155252,17.70200352,17.73677802,16.24131811
247,,12.17359048,10.19104532,9.982344821,9.530165627,8.695426244,8.660648045,7.478064066,7.582398663,8.347612951,7.860655558,7.686764563,8.695426244,17.21693019,15.61697652,14.53913675,10.50437635,15.44305422,18.78210566,21.46030872,26.32972613,33.7382964,40.69456227,48.72923403,58.60870763,72.69363568,87.71932021,103.9971451,109.6317768,118.6055539,124.4837269,117.7706893,97.35391435,121.9794461,121.9794461,114.3273032,111.8577694,106.8839548,94.36255099,83.96289908,78.4328211,77.6327034,78.85009688,77.52846272,78.78060309,79.02383136,73.38919966,76.38056302,73.73729469,72.589395,71.54604903,69.00670834,68.10266299,73.04141767,70.08511424,72.76312947,71.23301393,72.8329363,67.33729218,68.20690368,64.93725212,63.30258285,70.25884872,73.35445277,73.1112245,74.32830495,80.83254814,75.54569843,77.80675091,83.47612951,84.90200436,83.5803702,79.54566086,71.05896642,67.37203908,62.18974309,60.72880831,62.57227198,60.06799122,57.59845736,56.55511139,52.45090827,51.26826168,48.69448714,48.45094584,41.11183805,36.38156474,32.9034318,28.31227129,27.7210106,24.72977245,23.44285388,24.41673736,18.85166206,18.32995777,17.52996528,17.70388758
248,,12.13915428,10.22611162,9.947846884,9.530434129,8.730450408,8.66089205,7.443495574,7.652170646,8.277558839,7.895656203,7.652170646,8.695671229,17.21741526,15.61609661,14.53913675,10.53915553,15.44218411,18.78263483,21.49569252,26.29568876,33.77114042,40.72701435,48.73060693,58.53921188,72.75902977,87.78386771,104.1305784,109.6001177,118.6336162,124.5219819,117.7640537,97.0701566,122.1115532,122.0768082,114.2166269,111.8956687,106.8522182,94.25299949,84.13931706,78.28910918,77.73913425,78.77616435,77.48934958,78.74807478,79.16536232,73.35031975,76.34796709,73.73937216,72.58530508,71.54806476,69.00282029,68.03477292,73.21752795,69.94778428,72.69568375,71.26976872,72.7651795,67.40868509,68.23780562,64.9686513,63.23487059,70.33063698,73.46107612,73.07204723,74.26090332,80.72375896,75.65238352,77.70438637,83.54797711,84.97389214,83.58272498,79.40891048,71.06096843,67.51324176,62.01744281,60.79487653,62.57403489,60.06968358,57.63482801,56.48689598,52.55662964,51.23495824,48.66079814,48.41756302,41.07477674,36.34784188,33.04087069,28.2435106,27.72179161,24.69569001,23.47829354,24.34786692,18.92175154,18.29566372,17.53045917,17.70289009